fecha,promedio_normalizado,indice_cti,Data,Temporalidad
2012-01-01,-1.73496738305646,98.2650326169436,Medios,Diario
2012-01-02,-0.126861211436576,99.8731387885634,Medios,Diario
2012-01-03,-1.04247088397758,98.9575291160224,Medios,Diario
2012-01-04,-1.5785972058451,98.4214027941549,Medios,Diario
2012-01-05,-0.602032497590253,99.3979675024097,Medios,Diario
2012-01-06,-1.82473544775186,98.1752645522482,Medios,Diario
2012-01-07,-1.32309038033634,98.6769096196637,Medios,Diario
2012-01-08,-1.93694552862113,98.0630544713789,Medios,Diario
2012-01-09,-0.248286612956937,99.7517133870431,Medios,Diario
2012-01-10,-1.27615283016881,98.7238471698312,Medios,Diario
2012-01-11,-0.253794315582199,99.7462056844178,Medios,Diario
2012-01-12,-0.31499981423816,99.6850001857618,Medios,Diario
2012-01-13,0.419466169633371,100.419466169633,Medios,Diario
2012-01-14,-0.00575097892383128,99.9942490210762,Medios,Diario
2012-01-15,0.12023928731534,100.120239287315,Medios,Diario
2012-01-16,0.302377389595881,100.302377389596,Medios,Diario
2012-01-17,0.277727120114304,100.277727120114,Medios,Diario
2012-01-18,-0.416305467185958,99.583694532814,Medios,Diario
2012-01-19,-0.804643803485848,99.1953561965142,Medios,Diario
2012-01-20,0.0828359270255861,100.082835927026,Medios,Diario
2012-01-21,0.419466169633371,100.419466169633,Medios,Diario
2012-01-22,-1.85926162648087,98.1407383735191,Medios,Diario
2012-01-23,0.238455782280395,100.23845578228,Medios,Diario
2012-01-24,-1.29428779273354,98.7057122072665,Medios,Diario
2012-01-25,-0.119142218539085,99.8808577814609,Medios,Diario
2012-01-26,-0.572707177000102,99.4272928229999,Medios,Diario
2012-01-27,-0.572707177000102,99.4272928229999,Medios,Diario
2012-01-28,0.0347458923673309,100.034745892367,Medios,Diario
2012-01-29,-0.478214477320723,99.5217855226793,Medios,Diario
2012-01-30,0.0893026901710989,100.089302690171,Medios,Diario
2012-01-31,-0.73469466216475,99.2653053378353,Medios,Diario
2012-02-01,-1.55543125366564,98.4445687463344,Medios,Diario
2012-02-02,-1.00626191670548,98.9937380832945,Medios,Diario
2012-02-03,-0.572707177000102,99.4272928229999,Medios,Diario
2012-02-04,-1.91450351244727,98.0854964875527,Medios,Diario
2012-02-05,-1.03063333698478,98.9693666630152,Medios,Diario
2012-02-06,-1.88885549396287,98.1111445060371,Medios,Diario
2012-02-07,-1.73496738305646,98.2650326169436,Medios,Diario
2012-02-08,-0.92705480079777,99.0729451992022,Medios,Diario
2012-02-09,0.549651739891147,100.549651739891,Medios,Diario
2012-02-10,-0.634332850704044,99.365667149296,Medios,Diario
2012-02-11,-0.837286736102361,99.1627132638977,Medios,Diario
2012-02-12,-1.37589512427482,98.6241048757252,Medios,Diario
2012-02-13,-0.92705480079777,99.0729451992022,Medios,Diario
2012-02-14,-0.778167550395117,99.2218324496049,Medios,Diario
2012-02-15,-1.46566318897023,98.5343368110298,Medios,Diario
2012-02-16,-1.27615283016881,98.7238471698312,Medios,Diario
2012-02-17,-1.11941493943079,98.8805850605692,Medios,Diario
2012-02-18,-1.46289546075482,98.5371045392452,Medios,Diario
2012-02-19,-1.78393178198122,98.2160682180188,Medios,Diario
2012-02-20,-0.634332850704044,99.365667149296,Medios,Diario
2012-02-21,-0.92705480079777,99.0729451992022,Medios,Diario
2012-02-22,-0.56176239443297,99.438237605567,Medios,Diario
2012-02-23,-0.689433453074627,99.3105665469254,Medios,Diario
2012-02-24,-1.42314147411451,98.5768585258855,Medios,Diario
2012-02-25,-2.27357577122891,97.7264242287711,Medios,Diario
2012-02-26,-2.27357577122891,97.7264242287711,Medios,Diario
2012-02-27,-0.689433453074627,99.3105665469254,Medios,Diario
2012-02-28,-1.07666824195679,98.9233317580432,Medios,Diario
2012-02-29,-1.38714192766443,98.6128580723356,Medios,Diario
2012-03-01,0.150161975547143,100.150161975547,Medios,Diario
2012-03-02,-0.237787424103672,99.7622125758963,Medios,Diario
2012-03-03,-1.93694552862113,98.0630544713789,Medios,Diario
2012-03-04,-1.82473544775186,98.1752645522482,Medios,Diario
2012-03-05,-0.877183653744765,99.1228163462552,Medios,Diario
2012-03-06,-1.37589512427482,98.6241048757252,Medios,Diario
2012-03-07,-0.54233452353173,99.4576654764683,Medios,Diario
2012-03-08,-1.60031528601334,98.3996847139867,Medios,Diario
2012-03-09,-1.78393178198122,98.2160682180188,Medios,Diario
2012-03-10,-1.55543125366564,98.4445687463344,Medios,Diario
2012-03-11,-0.92705480079777,99.0729451992022,Medios,Diario
2012-03-12,-0.471239976252725,99.5287600237473,Medios,Diario
2012-03-13,-0.221734292476696,99.7782657075233,Medios,Diario
2012-03-14,-1.37589512427482,98.6241048757252,Medios,Diario
2012-03-15,-1.42314147411451,98.5768585258855,Medios,Diario
2012-03-16,0.0153180214660911,100.015318021466,Medios,Diario
2012-03-17,-0.590424558189985,99.40957544181,Medios,Diario
2012-03-18,-0.616319192236737,99.3836808077633,Medios,Diario
2012-03-19,-1.03063333698478,98.9693666630152,Medios,Diario
2012-03-20,-1.07666824195679,98.9233317580432,Medios,Diario
2012-03-21,-0.634332850704044,99.365667149296,Medios,Diario
2012-03-22,-0.634332850704044,99.365667149296,Medios,Diario
2012-03-23,-0.154411512621868,99.8455884873781,Medios,Diario
2012-03-24,-1.42314147411451,98.5768585258855,Medios,Diario
2012-03-25,-0.92705480079777,99.0729451992022,Medios,Diario
2012-03-26,-1.50413521669683,98.4958647833032,Medios,Diario
2012-03-27,-0.278729889108702,99.7212701108913,Medios,Diario
2012-03-28,-1.50413521669683,98.4958647833032,Medios,Diario
2012-03-29,-0.478214477320723,99.5217855226793,Medios,Diario
2012-03-30,-0.0488020247449157,99.9511979752551,Medios,Diario
2012-03-31,-2.27357577122891,97.7264242287711,Medios,Diario
2012-04-01,-2.27357577122891,97.7264242287711,Medios,Diario
2012-04-02,-1.2476550318528,98.7523449681472,Medios,Diario
2012-04-03,-0.0847092506230795,99.9152907493769,Medios,Diario
2012-04-04,-0.0847092506230795,99.9152907493769,Medios,Diario
2012-04-05,-0.3344276851394,99.6655723148606,Medios,Diario
2012-04-06,-1.50413521669683,98.4958647833032,Medios,Diario
2012-04-07,-1.50413521669683,98.4958647833032,Medios,Diario
2012-04-08,-0.92705480079777,99.0729451992022,Medios,Diario
2012-04-09,-2.00269437129009,97.9973056287099,Medios,Diario
2012-04-10,-1.07666824195679,98.9233317580432,Medios,Diario
2012-04-11,-1.2476550318528,98.7523449681472,Medios,Diario
2012-04-12,-0.796869230539994,99.20313076946,Medios,Diario
2012-04-13,-1.58547848376535,98.4145215162346,Medios,Diario
2012-04-14,-0.856185276038237,99.1438147239618,Medios,Diario
2012-04-15,-1.11941493943079,98.8805850605692,Medios,Diario
2012-04-16,-1.37589512427482,98.6241048757252,Medios,Diario
2012-04-17,-1.11941493943079,98.8805850605692,Medios,Diario
2012-04-18,0.12023928731534,100.120239287315,Medios,Diario
2012-04-19,-0.856185276038237,99.1438147239618,Medios,Diario
2012-04-20,-1.50413521669683,98.4958647833032,Medios,Diario
2012-04-21,0.419466169633371,100.419466169633,Medios,Diario
2012-04-22,-1.60031528601334,98.3996847139867,Medios,Diario
2012-04-23,-1.37589512427482,98.6241048757252,Medios,Diario
2012-04-24,-0.0557765258129139,99.9442234741871,Medios,Diario
2012-04-25,-0.823476264610759,99.1765237353892,Medios,Diario
2012-04-26,-1.44494748173282,98.5550525182672,Medios,Diario
2012-04-27,-2.27357577122891,97.7264242287711,Medios,Diario
2012-04-28,-0.657750606711542,99.3422493932885,Medios,Diario
2012-04-29,-0.804643803485848,99.1953561965142,Medios,Diario
2012-04-30,-0.92705480079777,99.0729451992022,Medios,Diario
2012-05-01,-1.91450351244727,98.0854964875527,Medios,Diario
2012-05-02,-2.27357577122891,97.7264242287711,Medios,Diario
2012-05-03,0.12023928731534,100.120239287315,Medios,Diario
2012-05-04,0.561205219152439,100.561205219152,Medios,Diario
2012-05-05,-1.99009767219078,98.0099023278092,Medios,Diario
2012-05-06,0.0347458923673309,100.034745892367,Medios,Diario
2012-05-07,0.804186446899412,100.804186446899,Medios,Diario
2012-05-08,0.291226077211358,100.291226077211,Medios,Diario
2012-05-09,-1.10268797085401,98.897312029146,Medios,Diario
2012-05-10,0.1008114164141,100.100811416414,Medios,Diario
2012-05-11,-1.55543125366564,98.4445687463344,Medios,Diario
2012-05-12,-0.92705480079777,99.0729451992022,Medios,Diario
2012-05-13,-0.92705480079777,99.0729451992022,Medios,Diario
2012-05-14,-0.73469466216475,99.2653053378353,Medios,Diario
2012-05-15,0.0681998295208997,100.068199829521,Medios,Diario
2012-05-16,0.277727120114304,100.277727120114,Medios,Diario
2012-05-17,-0.856185276038237,99.1438147239618,Medios,Diario
2012-05-18,-1.37589512427482,98.6241048757252,Medios,Diario
2012-05-19,-0.92705480079777,99.0729451992022,Medios,Diario
2012-05-20,-0.590424558189985,99.40957544181,Medios,Diario
2012-05-21,-0.590424558189985,99.40957544181,Medios,Diario
2012-05-22,-0.253794315582199,99.7462056844178,Medios,Diario
2012-05-23,-0.119142218539085,99.8808577814609,Medios,Diario
2012-05-24,-0.689433453074627,99.3105665469254,Medios,Diario
2012-05-25,-0.777441359638754,99.2225586403612,Medios,Diario
2012-05-26,-1.196358994884,98.803641005116,Medios,Diario
2012-05-27,-1.37589512427482,98.6241048757252,Medios,Diario
2012-05-28,-1.29428779273354,98.7057122072665,Medios,Diario
2012-05-29,-2.24207587714452,97.7579241228555,Medios,Diario
2012-05-30,-1.70661957315264,98.2933804268474,Medios,Diario
2012-05-31,0.0456906749344626,100.045690674934,Medios,Diario
2012-06-01,-1.32309038033634,98.6769096196637,Medios,Diario
2012-06-02,-0.804643803485848,99.1953561965142,Medios,Diario
2012-06-03,-1.73496738305646,98.2650326169436,Medios,Diario
2012-06-04,-1.90010229735248,98.0998977026475,Medios,Diario
2012-06-05,-0.289229077961966,99.710770922038,Medios,Diario
2012-06-06,-0.273222186483439,99.7267778135166,Medios,Diario
2012-06-07,-0.580408720666096,99.4195912793339,Medios,Diario
2012-06-08,-0.400155290629063,99.5998447093709,Medios,Diario
2012-06-09,-0.478214477320723,99.5217855226793,Medios,Diario
2012-06-10,0.21230909725935,100.212309097259,Medios,Diario
2012-06-11,-1.13966337507637,98.8603366249236,Medios,Diario
2012-06-12,-0.92705480079777,99.0729451992022,Medios,Diario
2012-06-13,-1.57104309100397,98.428956908996,Medios,Diario
2012-06-14,-1.00626191670548,98.9937380832945,Medios,Diario
2012-06-15,-1.07666824195679,98.9233317580432,Medios,Diario
2012-06-16,-0.119142218539085,99.8808577814609,Medios,Diario
2012-06-17,-1.44494748173282,98.5550525182672,Medios,Diario
2012-06-18,-0.388446412625314,99.6115535873747,Medios,Diario
2012-06-19,-0.312825744437296,99.6871742555627,Medios,Diario
2012-06-20,-0.253794315582199,99.7462056844178,Medios,Diario
2012-06-21,-0.777441359638754,99.2225586403612,Medios,Diario
2012-06-22,-1.44494748173282,98.5550525182672,Medios,Diario
2012-06-23,1.31714681658747,101.317146816587,Medios,Diario
2012-06-24,0.419466169633371,100.419466169633,Medios,Diario
2012-06-25,0.18742972445353,100.187429724454,Medios,Diario
2012-06-26,0.0328053067963656,100.032805306796,Medios,Diario
2012-06-27,-0.230578436781663,99.7694215632183,Medios,Diario
2012-06-28,-0.868510410779025,99.131489589221,Medios,Diario
2012-06-29,-0.65794246374948,99.3420575362505,Medios,Diario
2012-06-30,-1.00626191670548,98.9937380832945,Medios,Diario
2012-07-01,-0.616319192236737,99.3836808077633,Medios,Diario
2012-07-02,-0.616319192236737,99.3836808077633,Medios,Diario
2012-07-03,-2.41306266704054,97.5869373329595,Medios,Diario
2012-07-04,-0.980915639615016,99.019084360385,Medios,Diario
2012-07-05,-1.55543125366564,98.4445687463344,Medios,Diario
2012-07-06,-1.37589512427482,98.6241048757252,Medios,Diario
2012-07-07,-0.119142218539085,99.8808577814609,Medios,Diario
2012-07-08,-1.29428779273354,98.7057122072665,Medios,Diario
2012-07-09,-0.478214477320723,99.5217855226793,Medios,Diario
2012-07-10,-0.731039316430027,99.26896068357,Medios,Diario
2012-07-11,-0.56176239443297,99.438237605567,Medios,Diario
2012-07-12,-0.811830574655896,99.1881694253441,Medios,Diario
2012-07-13,-2.27357577122891,97.7264242287711,Medios,Diario
2012-07-14,-2.27357577122891,97.7264242287711,Medios,Diario
2012-07-15,-2.27357577122891,97.7264242287711,Medios,Diario
2012-07-16,-2.27357577122891,97.7264242287711,Medios,Diario
2012-07-17,-2.27357577122891,97.7264242287711,Medios,Diario
2012-07-18,-2.27357577122891,97.7264242287711,Medios,Diario
2012-07-19,-2.27357577122891,97.7264242287711,Medios,Diario
2012-07-20,-2.27357577122891,97.7264242287711,Medios,Diario
2012-07-21,-2.27357577122891,97.7264242287711,Medios,Diario
2012-07-22,-1.93694552862113,98.0630544713789,Medios,Diario
2012-07-23,-2.04915560949039,97.9508443905096,Medios,Diario
2012-07-24,-2.27357577122891,97.7264242287711,Medios,Diario
2012-07-25,-2.27357577122891,97.7264242287711,Medios,Diario
2012-07-26,-2.27357577122891,97.7264242287711,Medios,Diario
2012-07-27,-2.27357577122891,97.7264242287711,Medios,Diario
2012-07-28,-1.82473544775186,98.1752645522482,Medios,Diario
2012-07-29,-2.27357577122891,97.7264242287711,Medios,Diario
2012-07-30,-0.94648267169901,99.053517328301,Medios,Diario
2012-07-31,-2.27357577122891,97.7264242287711,Medios,Diario
2012-08-01,-2.27357577122891,97.7264242287711,Medios,Diario
2012-08-02,-2.27357577122891,97.7264242287711,Medios,Diario
2012-08-03,-2.27357577122891,97.7264242287711,Medios,Diario
2012-08-04,-2.27357577122891,97.7264242287711,Medios,Diario
2012-08-05,-2.27357577122891,97.7264242287711,Medios,Diario
2012-08-06,-2.27357577122891,97.7264242287711,Medios,Diario
2012-08-07,-2.27357577122891,97.7264242287711,Medios,Diario
2012-08-08,-1.74389271558078,98.2561072844192,Medios,Diario
2012-08-09,-2.00427157714268,97.9957284228573,Medios,Diario
2012-08-10,-2.27357577122891,97.7264242287711,Medios,Diario
2012-08-11,-2.27357577122891,97.7264242287711,Medios,Diario
2012-08-12,-2.27357577122891,97.7264242287711,Medios,Diario
2012-08-13,-2.27357577122891,97.7264242287711,Medios,Diario
2012-08-14,-2.27357577122891,97.7264242287711,Medios,Diario
2012-08-15,-2.27357577122891,97.7264242287711,Medios,Diario
2012-08-16,-2.27357577122891,97.7264242287711,Medios,Diario
2012-08-17,-2.00427157714268,97.9957284228573,Medios,Diario
2012-08-18,-1.91450351244727,98.0854964875527,Medios,Diario
2012-08-19,-2.27357577122891,97.7264242287711,Medios,Diario
2012-08-20,-2.27357577122891,97.7264242287711,Medios,Diario
2012-08-21,-2.27357577122891,97.7264242287711,Medios,Diario
2012-08-22,-2.27357577122891,97.7264242287711,Medios,Diario
2012-08-23,-2.27357577122891,97.7264242287711,Medios,Diario
2012-08-24,-2.27357577122891,97.7264242287711,Medios,Diario
2012-08-25,-0.94648267169901,99.053517328301,Medios,Diario
2012-08-26,-2.27357577122891,97.7264242287711,Medios,Diario
2012-08-27,-2.04915560949039,97.9508443905096,Medios,Diario
2012-08-28,-2.27357577122891,97.7264242287711,Medios,Diario
2012-08-29,-2.27357577122891,97.7264242287711,Medios,Diario
2012-08-30,-2.27357577122891,97.7264242287711,Medios,Diario
2012-08-31,-0.94648267169901,99.053517328301,Medios,Diario
2012-09-01,-2.27357577122891,97.7264242287711,Medios,Diario
2012-09-02,-1.88885549396287,98.1111445060371,Medios,Diario
2012-09-03,-2.27357577122891,97.7264242287711,Medios,Diario
2012-09-04,-2.27357577122891,97.7264242287711,Medios,Diario
2012-09-05,-2.27357577122891,97.7264242287711,Medios,Diario
2012-09-06,-2.27357577122891,97.7264242287711,Medios,Diario
2012-09-07,-2.27357577122891,97.7264242287711,Medios,Diario
2012-09-08,-2.27357577122891,97.7264242287711,Medios,Diario
2012-09-09,-2.27357577122891,97.7264242287711,Medios,Diario
2012-09-10,-2.27357577122891,97.7264242287711,Medios,Diario
2012-09-11,-2.04915560949039,97.9508443905096,Medios,Diario
2012-09-12,-2.27357577122891,97.7264242287711,Medios,Diario
2012-09-13,-2.27357577122891,97.7264242287711,Medios,Diario
2012-09-14,-0.94648267169901,99.053517328301,Medios,Diario
2012-09-15,-2.27357577122891,97.7264242287711,Medios,Diario
2012-09-16,-1.78393178198122,98.2160682180188,Medios,Diario
2012-09-17,-2.27357577122891,97.7264242287711,Medios,Diario
2012-09-18,-2.27357577122891,97.7264242287711,Medios,Diario
2012-09-19,-2.27357577122891,97.7264242287711,Medios,Diario
2012-09-20,-2.27357577122891,97.7264242287711,Medios,Diario
2012-09-21,-0.94648267169901,99.053517328301,Medios,Diario
2012-09-22,-2.27357577122891,97.7264242287711,Medios,Diario
2012-09-23,-2.27357577122891,97.7264242287711,Medios,Diario
2012-09-24,-2.27357577122891,97.7264242287711,Medios,Diario
2012-09-25,-2.27357577122891,97.7264242287711,Medios,Diario
2012-09-26,-2.27357577122891,97.7264242287711,Medios,Diario
2012-09-27,-0.94648267169901,99.053517328301,Medios,Diario
2012-09-28,-2.08121563259589,97.9187843674041,Medios,Diario
2012-09-29,-1.55543125366564,98.4445687463344,Medios,Diario
2012-09-30,-2.27357577122891,97.7264242287711,Medios,Diario
2012-10-01,-1.95674730759805,98.0432526924019,Medios,Diario
2012-10-02,-0.94648267169901,99.053517328301,Medios,Diario
2012-10-03,-2.27357577122891,97.7264242287711,Medios,Diario
2012-10-04,-2.27357577122891,97.7264242287711,Medios,Diario
2012-10-05,-2.54130275946255,97.4586972405375,Medios,Diario
2012-10-06,-2.27357577122891,97.7264242287711,Medios,Diario
2012-10-07,-2.27357577122891,97.7264242287711,Medios,Diario
2012-10-08,-2.27357577122891,97.7264242287711,Medios,Diario
2012-10-09,-2.27357577122891,97.7264242287711,Medios,Diario
2012-10-10,-0.856714607003601,99.1432853929964,Medios,Diario
2012-10-11,0.993757465664442,100.993757465664,Medios,Diario
2012-10-12,-2.27357577122891,97.7264242287711,Medios,Diario
2012-10-13,-2.27357577122891,97.7264242287711,Medios,Diario
2012-10-14,-2.27357577122891,97.7264242287711,Medios,Diario
2012-10-15,-2.27357577122891,97.7264242287711,Medios,Diario
2012-10-16,-2.27357577122891,97.7264242287711,Medios,Diario
2012-10-17,-2.27357577122891,97.7264242287711,Medios,Diario
2012-10-18,-2.27357577122891,97.7264242287711,Medios,Diario
2012-10-19,-0.94648267169901,99.053517328301,Medios,Diario
2012-10-20,-2.27357577122891,97.7264242287711,Medios,Diario
2012-10-21,-2.27357577122891,97.7264242287711,Medios,Diario
2012-10-22,-2.02875377660507,97.9712462233949,Medios,Diario
2012-10-23,-2.27357577122891,97.7264242287711,Medios,Diario
2012-10-24,-2.27357577122891,97.7264242287711,Medios,Diario
2012-10-25,-0.94648267169901,99.053517328301,Medios,Diario
2012-10-26,-2.27357577122891,97.7264242287711,Medios,Diario
2012-10-27,-2.27357577122891,97.7264242287711,Medios,Diario
2012-10-28,-2.27357577122891,97.7264242287711,Medios,Diario
2012-10-31,0.380610427830892,100.380610427831,Medios,Diario
2012-11-08,0.380610427830892,100.380610427831,Medios,Diario
2012-11-15,-1.2476550318528,98.7523449681472,Medios,Diario
2012-11-16,-0.198415465903931,99.8015845340961,Medios,Diario
2012-11-17,-0.804643803485848,99.1953561965142,Medios,Diario
2012-11-18,-0.804643803485848,99.1953561965142,Medios,Diario
2012-11-19,-1.32309038033634,98.6769096196637,Medios,Diario
2012-11-20,-0.856185276038237,99.1438147239618,Medios,Diario
2012-11-21,-1.56201478096717,98.4379852190328,Medios,Diario
2012-11-22,-1.11941493943079,98.8805850605692,Medios,Diario
2012-11-23,0.12023928731534,100.120239287315,Medios,Diario
2012-11-24,-0.657750606711542,99.3422493932885,Medios,Diario
2012-11-25,1.1539321535049,101.153932153505,Medios,Diario
2012-11-26,0.296459762545121,100.296459762545,Medios,Diario
2012-11-27,-0.657750606711542,99.3422493932885,Medios,Diario
2012-11-28,-0.253794315582199,99.7462056844178,Medios,Diario
2012-11-29,-0.178987595002691,99.8210124049973,Medios,Diario
2012-11-30,-0.349974384898709,99.6500256151013,Medios,Diario
2012-12-01,-0.119142218539085,99.8808577814609,Medios,Diario
2012-12-02,-0.119142218539085,99.8808577814609,Medios,Diario
2012-12-03,-0.372604989443771,99.6273950105562,Medios,Diario
2012-12-04,-2.27357577122891,97.7264242287711,Medios,Diario
2012-12-05,-0.92705480079777,99.0729451992022,Medios,Diario
2012-12-06,-0.273222186483439,99.7267778135166,Medios,Diario
2012-12-07,-0.837286736102361,99.1627132638977,Medios,Diario
2012-12-08,1.1539321535049,101.153932153505,Medios,Diario
2012-12-09,0.419466169633371,100.419466169633,Medios,Diario
2012-12-10,-1.196358994884,98.803641005116,Medios,Diario
2012-12-11,-0.372604989443771,99.6273950105562,Medios,Diario
2012-12-12,1.06066663174344,101.060666631743,Medios,Diario
2012-12-13,0.954488110086131,100.954488110086,Medios,Diario
2012-12-14,0.12023928731534,100.120239287315,Medios,Diario
2012-12-15,-0.478214477320723,99.5217855226793,Medios,Diario
2012-12-16,0.958074557805828,100.958074557806,Medios,Diario
2012-12-17,-0.856185276038237,99.1438147239618,Medios,Diario
2012-12-18,-0.388446412625314,99.6115535873747,Medios,Diario
2012-12-19,-1.16942294155829,98.8305770584417,Medios,Diario
2012-12-20,-0.289229077961966,99.710770922038,Medios,Diario
2012-12-21,0.261051937817943,100.261051937818,Medios,Diario
2012-12-22,-0.73469466216475,99.2653053378353,Medios,Diario
2012-12-23,1.1539321535049,101.153932153505,Medios,Diario
2012-12-24,-0.349974384898709,99.6500256151013,Medios,Diario
2012-12-25,-1.07666824195679,98.9233317580432,Medios,Diario
2012-12-26,1.09272665484894,101.092726654849,Medios,Diario
2012-12-27,0.977118714631192,100.977118714631,Medios,Diario
2012-12-28,-0.221734292476696,99.7782657075233,Medios,Diario
2012-12-29,-1.32542269095494,98.6745773090451,Medios,Diario
2012-12-30,1.76598714006451,101.765987140065,Medios,Diario
2012-12-31,0.12023928731534,100.120239287315,Medios,Diario
2013-01-01,-0.478214477320723,99.5217855226793,Medios,Diario
2013-01-02,0.239930040242553,100.239930040243,Medios,Diario
2013-01-03,0.626623242007393,100.626623242007,Medios,Diario
2013-01-04,-0.119142218539085,99.8808577814609,Medios,Diario
2013-01-05,-0.349974384898709,99.6500256151013,Medios,Diario
2013-01-06,0.419466169633371,100.419466169633,Medios,Diario
2013-01-07,-0.416305467185958,99.583694532814,Medios,Diario
2013-01-08,-0.478214477320723,99.5217855226793,Medios,Diario
2013-01-09,0.804186446899412,100.804186446899,Medios,Diario
2013-01-10,0.0347458923673309,100.034745892367,Medios,Diario
2013-01-11,-0.856185276038237,99.1438147239618,Medios,Diario
2013-01-12,-0.92705480079777,99.0729451992022,Medios,Diario
2013-01-13,0.868306493110419,100.86830649311,Medios,Diario
2013-01-14,-0.550028929077051,99.449971070923,Medios,Diario
2013-01-15,0.419466169633371,100.419466169633,Medios,Diario
2013-01-16,-0.202005047488694,99.7979949525113,Medios,Diario
2013-01-17,-0.856185276038237,99.1438147239618,Medios,Diario
2013-01-18,0.175618136993608,100.175618136994,Medios,Diario
2013-01-19,-0.0557765258129139,99.9442234741871,Medios,Diario
2013-01-20,-0.31499981423816,99.6850001857618,Medios,Diario
2013-01-21,-0.119142218539085,99.8808577814609,Medios,Diario
2013-01-22,-0.536129357769374,99.4638706422306,Medios,Diario
2013-01-23,-1.33686553092899,98.663134469071,Medios,Diario
2013-01-24,-0.00977243139908554,99.9902275686009,Medios,Diario
2013-01-25,-1.2476550318528,98.7523449681472,Medios,Diario
2013-01-26,0.239930040242553,100.239930040243,Medios,Diario
2013-01-27,-0.689433453074627,99.3105665469254,Medios,Diario
2013-01-28,-1.26368504340556,98.7363149565945,Medios,Diario
2013-01-29,-1.00626191670548,98.9937380832945,Medios,Diario
2013-01-30,-0.765472284346033,99.234527715654,Medios,Diario
2013-01-31,-0.289229077961966,99.710770922038,Medios,Diario
2013-02-01,0.400038298732131,100.400038298732,Medios,Diario
2013-02-02,0.419466169633371,100.419466169633,Medios,Diario
2013-02-03,0.419466169633371,100.419466169633,Medios,Diario
2013-02-04,0.0347458923673309,100.034745892367,Medios,Diario
2013-02-05,0.1008114164141,100.100811416414,Medios,Diario
2013-02-06,-0.702634639059247,99.2973653609408,Medios,Diario
2013-02-07,-0.407874283526553,99.5921257164735,Medios,Diario
2013-02-08,-0.590424558189985,99.40957544181,Medios,Diario
2013-02-09,-1.196358994884,98.803641005116,Medios,Diario
2013-02-10,-1.29428779273354,98.7057122072665,Medios,Diario
2013-02-11,-0.616319192236737,99.3836808077633,Medios,Diario
2013-02-12,-1.26368504340556,98.7363149565945,Medios,Diario
2013-02-13,-0.0896056905155564,99.9103943094845,Medios,Diario
2013-02-14,-1.03063333698478,98.9693666630152,Medios,Diario
2013-02-15,-0.0293741538436756,99.9706258461563,Medios,Diario
2013-02-16,-1.07666824195679,98.9233317580432,Medios,Diario
2013-02-17,-0.253794315582199,99.7462056844178,Medios,Diario
2013-02-18,-1.09461622097878,98.9053837790212,Medios,Diario
2013-02-19,-0.607536177081461,99.3924638229186,Medios,Diario
2013-02-20,0.323186842141003,100.323186842141,Medios,Diario
2013-02-21,0.0669393046053854,100.066939304605,Medios,Diario
2013-02-22,-0.838368343441086,99.1616316565589,Medios,Diario
2013-02-23,0.668104281558074,100.668104281558,Medios,Diario
2013-02-24,0.706576309284678,100.706576309285,Medios,Diario
2013-02-25,-0.220528383327044,99.779471616673,Medios,Diario
2013-02-26,0.935888064901292,100.935888064901,Medios,Diario
2013-02-27,-0.742188274124576,99.2578117258754,Medios,Diario
2013-02-28,0.884348599033584,100.884348599034,Medios,Diario
2013-03-01,-0.345576161053783,99.6544238389462,Medios,Diario
2013-03-02,0.575226830825988,100.575226830826,Medios,Diario
2013-03-03,-0.207970709352686,99.7920292906473,Medios,Diario
2013-03-04,-0.280453931673039,99.719546068327,Medios,Diario
2013-03-05,0.461643207804743,100.461643207805,Medios,Diario
2013-03-06,-0.50103444668755,99.4989655533124,Medios,Diario
2013-03-07,0.750625351181768,100.750625351182,Medios,Diario
2013-03-08,0.963962528508549,100.963962528509,Medios,Diario
2013-03-09,-0.210285601071614,99.7897143989284,Medios,Diario
2013-03-10,-0.117588056877222,99.8824119431228,Medios,Diario
2013-03-11,0.0355436001373832,100.035543600137,Medios,Diario
2013-03-12,0.607869763442501,100.607869763442,Medios,Diario
2013-03-13,0.248797504660863,100.248797504661,Medios,Diario
2013-03-14,-1.31725249835132,98.6827475016487,Medios,Diario
2013-03-15,-0.547458169530239,99.4525418304698,Medios,Diario
2013-03-16,-0.964631489970821,99.0353685100292,Medios,Diario
2013-03-17,-0.871749681636006,99.128250318364,Medios,Diario
2013-03-18,-0.607407506292151,99.3925924937079,Medios,Diario
2013-03-19,0.50527768950489,100.505277689505,Medios,Diario
2013-03-20,1.22356657046867,101.223566570469,Medios,Diario
2013-03-21,0.935259175861053,100.935259175861,Medios,Diario
2013-03-22,-0.0553271353896648,99.9446728646103,Medios,Diario
2013-03-23,0.941877716217686,100.941877716218,Medios,Diario
2013-03-24,-0.079730616930672,99.9202693830693,Medios,Diario
2013-03-25,0.612588325302972,100.612588325303,Medios,Diario
2013-03-26,-0.536498830944221,99.4635011690558,Medios,Diario
2013-03-27,0.0405270818566721,100.040527081857,Medios,Diario
2013-03-28,0.678547742394096,100.678547742394,Medios,Diario
2013-03-29,0.851752447639287,100.851752447639,Medios,Diario
2013-03-30,-0.628627839752605,99.3713721602474,Medios,Diario
2013-03-31,-0.0961190685393598,99.9038809314606,Medios,Diario
2013-04-01,0.79754632439945,100.797546324399,Medios,Diario
2013-04-02,0.49900067032357,100.499000670324,Medios,Diario
2013-04-03,0.150090958818685,100.150090958819,Medios,Diario
2013-04-04,2.07047174385041,102.07047174385,Medios,Diario
2013-04-05,0.861008040819,100.861008040819,Medios,Diario
2013-04-06,1.02076453571861,101.020764535719,Medios,Diario
2013-04-07,1.12277370014521,101.122773700145,Medios,Diario
2013-04-08,1.69099726511564,101.690997265116,Medios,Diario
2013-04-09,2.2026475444401,102.20264754444,Medios,Diario
2013-04-10,0.616837725606786,100.616837725607,Medios,Diario
2013-04-11,2.12120978001121,102.121209780011,Medios,Diario
2013-04-12,-0.0336225549065424,99.9663774450935,Medios,Diario
2013-04-13,0.234650615687227,100.234650615687,Medios,Diario
2013-04-14,0.431313127767271,100.431313127767,Medios,Diario
2013-04-15,1.09873232376745,101.098732323767,Medios,Diario
2013-04-16,0.846968792497698,100.846968792498,Medios,Diario
2013-04-17,0.999998685741977,100.999998685742,Medios,Diario
2013-04-18,1.27694748803021,101.27694748803,Medios,Diario
2013-04-19,0.552742948839366,100.552742948839,Medios,Diario
2013-04-20,0.462974884143956,100.462974884144,Medios,Diario
2013-04-21,1.72822344953597,101.728223449536,Medios,Diario
2013-04-22,0.652248500485072,100.652248500485,Medios,Diario
2013-04-23,0.0169092870964141,100.016909287096,Medios,Diario
2013-04-24,-0.298749364658362,99.7012506353416,Medios,Diario
2013-04-25,0.173708307282128,100.173708307282,Medios,Diario
2013-04-26,0.0144669202693608,100.014466920269,Medios,Diario
2013-04-27,1.47090916030432,101.470909160304,Medios,Diario
2013-04-28,-0.598682145197727,99.4013178548023,Medios,Diario
2013-04-29,1.3323365564699,101.33233655647,Medios,Diario
2013-04-30,-0.500708347561647,99.4992916524384,Medios,Diario
2013-05-01,-0.306465670388125,99.6935343296119,Medios,Diario
2013-05-02,0.249136235917951,100.249136235918,Medios,Diario
2013-05-03,-0.309271958074298,99.6907280419257,Medios,Diario
2013-05-04,0.301116196420368,100.30111619642,Medios,Diario
2013-05-05,-0.679611489059521,99.3203885109405,Medios,Diario
2013-05-06,0.733443999635718,100.733443999636,Medios,Diario
2013-05-07,0.36412378592099,100.364123785921,Medios,Diario
2013-05-08,1.96013538033887,101.960135380339,Medios,Diario
2013-05-09,0.169882489887353,100.169882489887,Medios,Diario
2013-05-10,-0.439142644455591,99.5608573555444,Medios,Diario
2013-05-11,-1.15508304640069,98.8449169535993,Medios,Diario
2013-05-12,-0.327435480840516,99.6725645191595,Medios,Diario
2013-05-13,0.395647688238776,100.395647688239,Medios,Diario
2013-05-14,-0.614828763862326,99.3851712361377,Medios,Diario
2013-05-15,0.218131046487363,100.218131046487,Medios,Diario
2013-05-16,0.0529257211103865,100.05292572111,Medios,Diario
2013-05-17,-0.277254575110163,99.7227454248898,Medios,Diario
2013-05-18,1.24965393803052,101.249653938031,Medios,Diario
2013-05-19,0.0465124226316744,100.046512422632,Medios,Diario
2013-05-20,0.366794814827446,100.366794814827,Medios,Diario
2013-05-21,-0.202889591748641,99.7971104082514,Medios,Diario
2013-05-22,-0.0182241624852075,99.9817758375148,Medios,Diario
2013-05-23,-1.0696760818526,98.9303239181474,Medios,Diario
2013-05-24,-1.06104611757024,98.9389538824298,Medios,Diario
2013-05-25,0.760910443951235,100.760910443951,Medios,Diario
2013-05-26,0.179745147202856,100.179745147203,Medios,Diario
2013-05-27,-0.0720945826331464,99.9279054173669,Medios,Diario
2013-05-28,-0.0202616764559627,99.979738323544,Medios,Diario
2013-05-29,0.588128454274065,100.588128454274,Medios,Diario
2013-05-30,0.339122070289643,100.33912207029,Medios,Diario
2013-05-31,-0.22437401737209,99.7756259826279,Medios,Diario
2013-06-01,-0.436833972606987,99.563166027393,Medios,Diario
2013-06-02,0.284814584891787,100.284814584892,Medios,Diario
2013-06-03,-0.272815230054009,99.727184769946,Medios,Diario
2013-06-04,-0.412995200614582,99.5870047993854,Medios,Diario
2013-06-05,1.57441517514642,101.574415175146,Medios,Diario
2013-06-06,0.644486933094632,100.644486933095,Medios,Diario
2013-06-07,-0.0255422112375507,99.9744577887625,Medios,Diario
2013-06-08,0.915539855713887,100.915539855714,Medios,Diario
2013-06-09,0.510338549889913,100.51033854989,Medios,Diario
2013-06-10,-0.129214261358506,99.8707857386415,Medios,Diario
2013-06-11,-0.814087594605868,99.1859124053941,Medios,Diario
2013-06-12,-0.688352560215277,99.3116474397847,Medios,Diario
2013-06-13,0.732279078230185,100.73227907823,Medios,Diario
2013-06-14,0.145621718245301,100.145621718245,Medios,Diario
2013-06-15,0.122440534817965,100.122440534818,Medios,Diario
2013-06-16,1.3170210493979,101.317021049398,Medios,Diario
2013-06-17,-0.224982957942364,99.7750170420576,Medios,Diario
2013-06-18,-0.340482001118771,99.6595179988812,Medios,Diario
2013-06-19,0.193407150917062,100.193407150917,Medios,Diario
2013-06-20,-0.701401354679043,99.298598645321,Medios,Diario
2013-06-21,-0.405891023265107,99.5941089767349,Medios,Diario
2013-06-22,-0.487767274637079,99.5122327253629,Medios,Diario
2013-06-23,-0.843316740261997,99.156683259738,Medios,Diario
2013-06-24,-0.749094217044274,99.2509057829557,Medios,Diario
2013-06-25,-0.17436742510123,99.8256325748988,Medios,Diario
2013-06-26,-0.0852104481143232,99.9147895518857,Medios,Diario
2013-06-27,-0.259719771312532,99.7402802286875,Medios,Diario
2013-06-28,-0.521210712680203,99.4787892873198,Medios,Diario
2013-06-29,0.548024386978894,100.548024386979,Medios,Diario
2013-06-30,-0.523975895279734,99.4760241047203,Medios,Diario
2013-07-01,-0.198489196420435,99.8015108035796,Medios,Diario
2013-07-02,-0.10496887668513,99.8950311233149,Medios,Diario
2013-07-03,-0.175023043169448,99.8249769568306,Medios,Diario
2013-07-04,-0.0114915576330518,99.988508442367,Medios,Diario
2013-07-05,0.0212564013318089,100.021256401332,Medios,Diario
2013-07-06,-0.123682475840927,99.8763175241591,Medios,Diario
2013-07-07,-0.747589688135409,99.2524103118646,Medios,Diario
2013-07-08,-0.629376281676306,99.3706237183237,Medios,Diario
2013-07-09,0.172080263641326,100.172080263641,Medios,Diario
2013-07-10,-0.038718306463806,99.9612816935362,Medios,Diario
2013-07-11,-0.456720453102103,99.5432795468979,Medios,Diario
2013-07-12,-0.956605420941125,99.0433945790589,Medios,Diario
2013-07-13,-0.682214226871659,99.3177857731283,Medios,Diario
2013-07-14,-0.16540156872391,99.8345984312761,Medios,Diario
2013-07-15,-0.00435768506317165,99.9956423149368,Medios,Diario
2013-07-16,-0.277555073928536,99.7224449260715,Medios,Diario
2013-07-17,0.622897415499958,100.6228974155,Medios,Diario
2013-07-18,-0.725761497193115,99.2742385028069,Medios,Diario
2013-07-19,-0.301380013012346,99.6986199869877,Medios,Diario
2013-07-20,0.509143046377811,100.509143046378,Medios,Diario
2013-07-21,-0.186860960762376,99.8131390392376,Medios,Diario
2013-07-22,0.902967904132619,100.902967904133,Medios,Diario
2013-07-23,1.17577939088846,101.175779390888,Medios,Diario
2013-07-24,0.848848456788685,100.848848456789,Medios,Diario
2013-07-25,0.285906624213919,100.285906624214,Medios,Diario
2013-07-26,0.0475098349732953,100.047509834973,Medios,Diario
2013-07-27,-0.652031335432846,99.3479686645671,Medios,Diario
2013-07-28,0.186156868030808,100.186156868031,Medios,Diario
2013-07-29,0.498435716725116,100.498435716725,Medios,Diario
2013-07-30,0.239470571839656,100.23947057184,Medios,Diario
2013-07-31,-0.252785049508491,99.7472149504915,Medios,Diario
2013-08-01,-0.908729326726919,99.0912706732731,Medios,Diario
2013-08-02,-0.349737800267287,99.6502621997327,Medios,Diario
2013-08-03,0.655335022776977,100.655335022777,Medios,Diario
2013-08-04,-0.591612885061789,99.4083871149382,Medios,Diario
2013-08-05,-0.508625677506291,99.4913743224937,Medios,Diario
2013-08-06,0.53869170948669,100.538691709487,Medios,Diario
2013-08-07,-0.0596734322263748,99.9403265677736,Medios,Diario
2013-08-08,-0.162741913657676,99.8372580863423,Medios,Diario
2013-08-09,-0.57710711125463,99.4228928887454,Medios,Diario
2013-08-10,0.133886716786184,100.133886716786,Medios,Diario
2013-08-11,1.14671506324522,101.146715063245,Medios,Diario
2013-08-12,0.728181965328013,100.728181965328,Medios,Diario
2013-08-13,-0.262977748644149,99.7370222513559,Medios,Diario
2013-08-14,-0.785550094689929,99.2144499053101,Medios,Diario
2013-08-15,-1.01299628994577,98.9870037100542,Medios,Diario
2013-08-16,-0.109149024354294,99.8908509756457,Medios,Diario
2013-08-17,-0.20286608873291,99.7971339112671,Medios,Diario
2013-08-18,0.581741229497889,100.581741229498,Medios,Diario
2013-08-19,0.0344380999048572,100.034438099905,Medios,Diario
2013-08-20,0.217013606116827,100.217013606117,Medios,Diario
2013-08-21,-0.608430025196138,99.3915699748039,Medios,Diario
2013-08-22,-0.221189353119515,99.7788106468805,Medios,Diario
2013-08-23,0.683367625172208,100.683367625172,Medios,Diario
2013-08-24,-0.39745591050054,99.6025440894995,Medios,Diario
2013-08-25,-1.05275730773092,98.9472426922691,Medios,Diario
2013-08-26,-0.248784058672281,99.7512159413277,Medios,Diario
2013-08-27,-0.0992647764463411,99.9007352235537,Medios,Diario
2013-08-28,-0.326991280459025,99.673008719541,Medios,Diario
2013-08-29,0.0821127597427972,100.082112759743,Medios,Diario
2013-08-30,0.39960188940255,100.399601889403,Medios,Diario
2013-08-31,-0.543153436635183,99.4568465633648,Medios,Diario
2013-09-01,0.654608653864678,100.654608653865,Medios,Diario
2013-09-02,-1.3528439275823,98.6471560724177,Medios,Diario
2013-09-03,-0.0844298564748362,99.9155701435252,Medios,Diario
2013-09-04,-0.124670713062433,99.8753292869376,Medios,Diario
2013-09-05,0.458538799082712,100.458538799083,Medios,Diario
2013-09-06,-0.131965715479757,99.8680342845203,Medios,Diario
2013-09-07,-0.379578948207003,99.620421051793,Medios,Diario
2013-09-08,-1.09518117457723,98.9048188254228,Medios,Diario
2013-09-09,-0.353222208454437,99.6467777915456,Medios,Diario
2013-09-10,-0.730252579346819,99.2697474206532,Medios,Diario
2013-09-11,-0.829177895782596,99.1708221042174,Medios,Diario
2013-09-12,-0.764217099781388,99.2357829002186,Medios,Diario
2013-09-13,-0.958506314846849,99.0414936851532,Medios,Diario
2013-09-14,-1.23482825878441,98.7651717412156,Medios,Diario
2013-09-15,-1.1042022605816,98.8957977394184,Medios,Diario
2013-09-16,-0.895243398978835,99.1047566010212,Medios,Diario
2013-09-17,0.223342729362097,100.223342729362,Medios,Diario
2013-09-18,-0.842866197702124,99.1571338022979,Medios,Diario
2013-09-19,-0.961207021852265,99.0387929781478,Medios,Diario
2013-09-20,0.365508763872486,100.365508763872,Medios,Diario
2013-09-21,-0.206601554523715,99.7933984454763,Medios,Diario
2013-09-22,-0.44615394191369,99.5538460580863,Medios,Diario
2013-09-23,-0.231532397830581,99.7684676021694,Medios,Diario
2013-09-24,0.243367037284593,100.243367037285,Medios,Diario
2013-09-25,-1.06104611757024,98.9389538824298,Medios,Diario
2013-09-26,-0.415265648462425,99.5847343515376,Medios,Diario
2013-09-27,-0.616474658228229,99.3835253417718,Medios,Diario
2013-09-28,-0.566909674596087,99.4330903254039,Medios,Diario
2013-09-29,0.264069573255914,100.264069573256,Medios,Diario
2013-09-30,-0.580940301725045,99.4190596982749,Medios,Diario
2013-10-01,1.08347991473622,101.083479914736,Medios,Diario
2013-10-02,-0.223771657463321,99.7762283425367,Medios,Diario
2013-10-03,0.197470771169018,100.197470771169,Medios,Diario
2013-10-04,-0.152633915876696,99.8473660841233,Medios,Diario
2013-10-05,0.159029439965453,100.159029439965,Medios,Diario
2013-10-06,-0.451257458567621,99.5487425414324,Medios,Diario
2013-10-07,-1.4634485128084,98.5365514871916,Medios,Diario
2013-10-08,-0.0689277889090046,99.931072211091,Medios,Diario
2013-10-09,-0.281571259235613,99.7184287407644,Medios,Diario
2013-10-10,-0.294891211793481,99.7051087882065,Medios,Diario
2013-10-11,-0.77294047408738,99.2270595259126,Medios,Diario
2013-10-12,-0.983182951307393,99.0168170486926,Medios,Diario
2013-10-13,0.372055932370466,100.37205593237,Medios,Diario
2013-10-14,0.187958963625393,100.187958963625,Medios,Diario
2013-10-15,0.522570939320475,100.52257093932,Medios,Diario
2013-10-16,0.35095179424001,100.35095179424,Medios,Diario
2013-10-17,-0.762904409388284,99.2370955906117,Medios,Diario
2013-10-18,-0.663780610871179,99.3362193891288,Medios,Diario
2013-10-19,0.265531170359364,100.265531170359,Medios,Diario
2013-10-20,-0.634727456711817,99.3652725432882,Medios,Diario
2013-10-21,0.911815207621004,100.911815207621,Medios,Diario
2013-10-22,0.22453895425196,100.224538954252,Medios,Diario
2013-10-23,-0.293838988284877,99.7061610117151,Medios,Diario
2013-10-24,0.336999002867057,100.336999002867,Medios,Diario
2013-10-25,0.638608054200192,100.6386080542,Medios,Diario
2013-10-26,1.43201607795386,101.432016077954,Medios,Diario
2013-10-27,0.851752447639287,100.851752447639,Medios,Diario
2013-10-28,-0.673247612072855,99.3267523879272,Medios,Diario
2013-10-29,-0.273295916999943,99.7267040830001,Medios,Diario
2013-10-30,-0.140429203161302,99.8595707968387,Medios,Diario
2013-10-31,-0.110274754120775,99.8897252458792,Medios,Diario
2013-11-01,-0.234629318447355,99.7653706815526,Medios,Diario
2013-11-02,-1.15559150463929,98.8444084953607,Medios,Diario
2013-11-03,-0.160644649742347,99.8393553502576,Medios,Diario
2013-11-04,-0.00573846513588664,99.9942615348641,Medios,Diario
2013-11-05,0.0711298311846526,100.071129831185,Medios,Diario
2013-11-06,0.265766469766475,100.265766469766,Medios,Diario
2013-11-07,-0.188316860864345,99.8116831391357,Medios,Diario
2013-11-08,-0.483741961408494,99.5162580385915,Medios,Diario
2013-11-09,-0.264162865027191,99.7358371349728,Medios,Diario
2013-11-10,-0.382987344553627,99.6170126554464,Medios,Diario
2013-11-11,0.390955264494758,100.390955264495,Medios,Diario
2013-11-12,-0.48126498776477,99.5187350122352,Medios,Diario
2013-11-13,0.0242287002524746,100.024228700252,Medios,Diario
2013-11-14,0.637533202343423,100.637533202343,Medios,Diario
2013-11-15,-0.633065674191055,99.366934325809,Medios,Diario
2013-11-16,-0.65782162344,99.34217837656,Medios,Diario
2013-11-17,-0.675982879689853,99.3240171203102,Medios,Diario
2013-11-18,-0.422768119759345,99.5772318802407,Medios,Diario
2013-11-19,0.229814433743154,100.229814433743,Medios,Diario
2013-11-20,1.38896126834379,101.388961268344,Medios,Diario
2013-11-21,0.105799651825986,100.105799651826,Medios,Diario
2013-11-22,-0.0221735862510595,99.977826413749,Medios,Diario
2013-11-23,1.01020043307826,101.010200433078,Medios,Diario
2013-11-24,1.05339679106402,101.053396791064,Medios,Diario
2013-11-25,-0.896464695091589,99.1035353049084,Medios,Diario
2013-11-26,0.0075842787175765,100.007584278718,Medios,Diario
2013-11-27,-0.2817648262794,99.7182351737206,Medios,Diario
2013-11-28,-0.418780616531046,99.581219383469,Medios,Diario
2013-11-29,0.330725235691464,100.330725235691,Medios,Diario
2013-11-30,-1.02136312279502,98.978636877205,Medios,Diario
2013-12-01,0.442489319633097,100.442489319633,Medios,Diario
2013-12-02,-0.0629969512321706,99.9370030487678,Medios,Diario
2013-12-03,-0.0804550914209883,99.919544908579,Medios,Diario
2013-12-04,0.308538113364035,100.308538113364,Medios,Diario
2013-12-05,0.828364040174406,100.828364040174,Medios,Diario
2013-12-06,-0.916322989504561,99.0836770104954,Medios,Diario
2013-12-07,-0.863227985027404,99.1367720149726,Medios,Diario
2013-12-08,-0.572522799317974,99.427477200682,Medios,Diario
2013-12-09,-0.301086576914374,99.6989134230856,Medios,Diario
2013-12-10,0.398975899418333,100.398975899418,Medios,Diario
2013-12-11,0.419895856114827,100.419895856115,Medios,Diario
2013-12-12,-0.868511741556478,99.1314882584435,Medios,Diario
2013-12-13,-0.212107000067382,99.7878929999326,Medios,Diario
2013-12-14,0.557026743663617,100.557026743664,Medios,Diario
2013-12-15,-0.405034485752217,99.5949655142478,Medios,Diario
2013-12-16,0.179327235179316,100.179327235179,Medios,Diario
2013-12-17,0.299361737428603,100.299361737429,Medios,Diario
2013-12-18,0.175595919243113,100.175595919243,Medios,Diario
2013-12-19,-0.318321187747261,99.6816788122528,Medios,Diario
2013-12-20,-0.530025958442352,99.4699740415577,Medios,Diario
2013-12-21,-0.46765215210705,99.532347847893,Medios,Diario
2013-12-22,-0.439092384988258,99.5609076150117,Medios,Diario
2013-12-23,-0.586638162047501,99.4133618379525,Medios,Diario
2013-12-24,-0.00140184365301662,99.998598156347,Medios,Diario
2013-12-25,-0.00635100384395043,99.9936489961561,Medios,Diario
2013-12-26,-0.313766038842829,99.6862339611572,Medios,Diario
2013-12-27,-0.469355233307953,99.530644766692,Medios,Diario
2013-12-28,0.799475592345025,100.799475592345,Medios,Diario
2013-12-29,-0.177428453091089,99.8225715469089,Medios,Diario
2013-12-30,-0.428043686448124,99.5719563135519,Medios,Diario
2013-12-31,-0.709408095325949,99.2905919046741,Medios,Diario
2014-01-01,-0.174019617020877,99.8259803829791,Medios,Diario
2014-01-02,-0.550410821584841,99.4495891784152,Medios,Diario
2014-01-03,-0.197162764459987,99.80283723554,Medios,Diario
2014-01-04,-1.06808346194181,98.9319165380582,Medios,Diario
2014-01-05,-0.408273271705374,99.5917267282946,Medios,Diario
2014-01-06,-0.737746558706921,99.2622534412931,Medios,Diario
2014-01-07,-0.639480465833124,99.3605195341669,Medios,Diario
2014-01-08,-0.281432893107857,99.7185671068921,Medios,Diario
2014-01-09,-0.0335450347774675,99.9664549652226,Medios,Diario
2014-01-10,-0.351903960810303,99.6480960391897,Medios,Diario
2014-01-11,-0.362830696149624,99.6371693038504,Medios,Diario
2014-01-12,-0.410014431567984,99.589985568432,Medios,Diario
2014-01-13,-0.549264974926872,99.4507350250731,Medios,Diario
2014-01-14,-0.154575091078053,99.845424908922,Medios,Diario
2014-01-15,0.0973432699474113,100.097343269947,Medios,Diario
2014-01-16,0.214488859507853,100.214488859508,Medios,Diario
2014-01-17,0.589692060272142,100.589692060272,Medios,Diario
2014-01-18,-0.828124398697686,99.1718756013023,Medios,Diario
2014-01-19,-0.260626382303453,99.7393736176966,Medios,Diario
2014-01-20,0.335257444193404,100.335257444193,Medios,Diario
2014-01-21,-0.324948766267954,99.6750512337321,Medios,Diario
2014-01-22,0.849121742814846,100.849121742815,Medios,Diario
2014-01-23,0.520771522568158,100.520771522568,Medios,Diario
2014-01-24,-0.161217763774277,99.8387822362257,Medios,Diario
2014-01-25,1.50901846952314,101.509018469523,Medios,Diario
2014-01-26,-1.21093163812192,98.7890683618781,Medios,Diario
2014-01-27,-0.983390879684735,99.0166091203153,Medios,Diario
2014-01-28,-0.111642876938492,99.8883571230615,Medios,Diario
2014-01-29,-0.805985023930949,99.1940149760691,Medios,Diario
2014-01-30,0.0495578865439653,100.049557886544,Medios,Diario
2014-01-31,0.101280911786904,100.101280911787,Medios,Diario
2014-02-01,0.157019389566816,100.157019389567,Medios,Diario
2014-02-02,1.53884750361901,101.538847503619,Medios,Diario
2014-02-03,-0.619902569656785,99.3800974303432,Medios,Diario
2014-02-04,0.595648807880668,100.595648807881,Medios,Diario
2014-02-05,-0.590300142165751,99.4096998578343,Medios,Diario
2014-02-06,-0.900141160446745,99.0998588395533,Medios,Diario
2014-02-07,-0.214442558590513,99.7855574414095,Medios,Diario
2014-02-08,-0.847346515424587,99.1526534845754,Medios,Diario
2014-02-09,-0.367221728217486,99.6327782717825,Medios,Diario
2014-02-10,-0.729417630703586,99.2705823692964,Medios,Diario
2014-02-11,-0.96329663737291,99.0367033626271,Medios,Diario
2014-02-12,-0.626710672334682,99.3732893276653,Medios,Diario
2014-02-13,-0.313627374558623,99.6863726254414,Medios,Diario
2014-02-14,-0.245661850549428,99.7543381494506,Medios,Diario
2014-02-15,-0.465487001148242,99.5345129988518,Medios,Diario
2014-02-16,-1.34225563363419,98.6577443663658,Medios,Diario
2014-02-17,-0.321025669170064,99.6789743308299,Medios,Diario
2014-02-18,-0.890749999419226,99.1092500005808,Medios,Diario
2014-02-19,-1.06446364904599,98.935536350954,Medios,Diario
2014-02-20,-0.590885675895291,99.4091143241047,Medios,Diario
2014-02-21,-1.50419571396411,98.4958042860359,Medios,Diario
2014-02-22,-0.886729449218615,99.1132705507814,Medios,Diario
2014-02-23,-0.44400933908342,99.5559906609166,Medios,Diario
2014-02-24,-0.54447235828491,99.4555276417151,Medios,Diario
2014-02-25,-0.00299563342257311,99.9970043665774,Medios,Diario
2014-02-26,0.382775047905501,100.382775047905,Medios,Diario
2014-02-27,-0.00377011420812763,99.9962298857919,Medios,Diario
2014-02-28,0.365485184777659,100.365485184778,Medios,Diario
2014-03-01,-0.334310892635797,99.6656891073642,Medios,Diario
2014-03-02,-0.0105405992695418,99.9894594007305,Medios,Diario
2014-03-03,1.10616134042609,101.106161340426,Medios,Diario
2014-03-04,-0.594525229681468,99.4054747703185,Medios,Diario
2014-03-05,-0.2389694895326,99.7610305104674,Medios,Diario
2014-03-06,-1.36383151579222,98.6361684842078,Medios,Diario
2014-03-07,-0.89539781857099,99.104602181429,Medios,Diario
2014-03-08,-0.870417301268953,99.129582698731,Medios,Diario
2014-03-09,0.254051610272034,100.254051610272,Medios,Diario
2014-03-10,0.169331383188888,100.169331383189,Medios,Diario
2014-03-11,0.0494974842519757,100.049497484252,Medios,Diario
2014-03-12,-0.159879367027484,99.8401206329725,Medios,Diario
2014-03-13,-0.0453118374923357,99.9546881625077,Medios,Diario
2014-03-14,0.145227620319095,100.145227620319,Medios,Diario
2014-03-15,0.243080307127318,100.243080307127,Medios,Diario
2014-03-16,-0.417698714142711,99.5823012858573,Medios,Diario
2014-03-17,0.39058185085234,100.390581850852,Medios,Diario
2014-03-18,0.578404147284265,100.578404147284,Medios,Diario
2014-03-19,0.228144307045986,100.228144307046,Medios,Diario
2014-03-20,0.527707862229387,100.527707862229,Medios,Diario
2014-03-21,-0.574028578980778,99.4259714210192,Medios,Diario
2014-03-22,-0.595379848176639,99.4046201518234,Medios,Diario
2014-03-23,-1.17727464618079,98.8227253538192,Medios,Diario
2014-03-24,0.0934824478867713,100.093482447887,Medios,Diario
2014-03-25,0.9267738399245,100.926773839925,Medios,Diario
2014-03-26,0.267475955637949,100.267475955638,Medios,Diario
2014-03-27,0.202772955986962,100.202772955987,Medios,Diario
2014-03-28,0.289546721291469,100.289546721291,Medios,Diario
2014-03-29,-0.938863974508645,99.0611360254914,Medios,Diario
2014-03-30,0.0981479565503179,100.09814795655,Medios,Diario
2014-03-31,0.469872194010073,100.46987219401,Medios,Diario
2014-04-01,-0.357574030446243,99.6424259695538,Medios,Diario
2014-04-02,-0.767811730204329,99.2321882697957,Medios,Diario
2014-04-03,-0.987016521154047,99.012983478846,Medios,Diario
2014-04-04,-1.31905062085341,98.6809493791466,Medios,Diario
2014-04-05,-1.11607227461874,98.8839277253813,Medios,Diario
2014-04-06,-0.568199824049574,99.4318001759504,Medios,Diario
2014-04-07,-0.620064088164766,99.3799359118352,Medios,Diario
2014-04-08,-0.22413444803703,99.775865551963,Medios,Diario
2014-04-09,-0.170757827384439,99.8292421726156,Medios,Diario
2014-04-10,0.00146339864754348,100.001463398648,Medios,Diario
2014-04-11,-0.587098321357096,99.4129016786429,Medios,Diario
2014-04-12,0.491349621078635,100.491349621079,Medios,Diario
2014-04-13,0.331052004735731,100.331052004736,Medios,Diario
2014-04-14,-0.474274230974421,99.5257257690256,Medios,Diario
2014-04-15,-0.514571458372344,99.4854285416277,Medios,Diario
2014-04-16,-0.24851887659952,99.7514811234005,Medios,Diario
2014-04-17,-0.248018535856252,99.7519814641438,Medios,Diario
2014-04-18,0.113091389012942,100.113091389013,Medios,Diario
2014-04-19,-0.719319887473186,99.2806801125268,Medios,Diario
2014-04-20,-0.045625949601275,99.9543740503987,Medios,Diario
2014-04-21,-0.160073961253487,99.8399260387465,Medios,Diario
2014-04-22,-0.351319617925939,99.6486803820741,Medios,Diario
2014-04-23,0.838773395135567,100.838773395136,Medios,Diario
2014-04-24,-0.133941539392659,99.8660584606073,Medios,Diario
2014-04-25,-0.158045235274163,99.8419547647259,Medios,Diario
2014-04-26,-0.772826685751386,99.2271733142486,Medios,Diario
2014-04-27,-0.274123689704524,99.7258763102955,Medios,Diario
2014-04-28,0.507175759059075,100.507175759059,Medios,Diario
2014-04-29,-0.26402990326056,99.7359700967395,Medios,Diario
2014-04-30,-0.116429493876677,99.8835705061233,Medios,Diario
2014-05-01,0.0966060050051899,100.096606005005,Medios,Diario
2014-05-02,-0.263801055668809,99.7361989443312,Medios,Diario
2014-05-03,-0.799094278800754,99.2009057211992,Medios,Diario
2014-05-04,-0.189470037586897,99.8105299624131,Medios,Diario
2014-05-05,0.241113871122504,100.241113871123,Medios,Diario
2014-05-06,0.820581952798581,100.820581952799,Medios,Diario
2014-05-07,0.109330120219877,100.10933012022,Medios,Diario
2014-05-08,0.0949596440853953,100.094959644085,Medios,Diario
2014-05-09,-0.0555650356114592,99.9444349643885,Medios,Diario
2014-05-10,-0.947440732920017,99.05255926708,Medios,Diario
2014-05-11,-0.36882851222865,99.6311714877714,Medios,Diario
2014-05-12,0.278343922754848,100.278343922755,Medios,Diario
2014-05-13,-0.310921806409913,99.6890781935901,Medios,Diario
2014-05-14,-0.780246691262319,99.2197533087377,Medios,Diario
2014-05-15,-0.171475098226094,99.8285249017739,Medios,Diario
2014-05-16,-0.398979163054874,99.6010208369451,Medios,Diario
2014-05-17,-0.998501908128731,99.0014980918713,Medios,Diario
2014-05-18,0.721359514694144,100.721359514694,Medios,Diario
2014-05-19,-0.26164269804691,99.7383573019531,Medios,Diario
2014-05-20,0.108431599007052,100.108431599007,Medios,Diario
2014-05-21,0.286298113352051,100.286298113352,Medios,Diario
2014-05-22,-0.0817650656946622,99.9182349343053,Medios,Diario
2014-05-23,-0.268390304223859,99.7316096957761,Medios,Diario
2014-05-24,0.57552563077604,100.575525630776,Medios,Diario
2014-05-25,-1.05556243513061,98.9444375648694,Medios,Diario
2014-05-26,0.60140617685041,100.60140617685,Medios,Diario
2014-05-27,-0.26518727057373,99.7348127294263,Medios,Diario
2014-05-28,-0.586585455051372,99.4134145449486,Medios,Diario
2014-05-29,0.81976212615283,100.819762126153,Medios,Diario
2014-05-30,0.382330705055372,100.382330705055,Medios,Diario
2014-05-31,1.04446310534027,101.04446310534,Medios,Diario
2014-06-01,0.745625741820259,100.74562574182,Medios,Diario
2014-06-02,-0.718911925604468,99.2810880743955,Medios,Diario
2014-06-03,-0.294780176356943,99.7052198236431,Medios,Diario
2014-06-04,0.215237493167117,100.215237493167,Medios,Diario
2014-06-05,0.385651508259854,100.38565150826,Medios,Diario
2014-06-06,-0.696828113765275,99.3031718862347,Medios,Diario
2014-06-07,0.289713068008051,100.289713068008,Medios,Diario
2014-06-08,-0.0977373580843805,99.9022626419156,Medios,Diario
2014-06-09,0.122477106300296,100.1224771063,Medios,Diario
2014-06-10,0.286984203531954,100.286984203532,Medios,Diario
2014-06-11,-0.192549049152596,99.8074509508474,Medios,Diario
2014-06-12,-0.458635997535917,99.5413640024641,Medios,Diario
2014-06-13,-0.390714194826982,99.609285805173,Medios,Diario
2014-06-14,-0.263802963207743,99.7361970367923,Medios,Diario
2014-06-15,0.243833075034942,100.243833075035,Medios,Diario
2014-06-16,0.666784179245474,100.666784179245,Medios,Diario
2014-06-17,-0.273720220554243,99.7262797794458,Medios,Diario
2014-06-18,-0.061383934053659,99.9386160659463,Medios,Diario
2014-06-19,-0.0730946740137232,99.9269053259863,Medios,Diario
2014-06-20,-1.1270170609884,98.8729829390116,Medios,Diario
2014-06-21,0.263175905870913,100.263175905871,Medios,Diario
2014-06-22,-0.523461186399767,99.4765388136002,Medios,Diario
2014-06-23,-0.12561312086274,99.8743868791373,Medios,Diario
2014-06-24,-0.280513699989412,99.7194863000106,Medios,Diario
2014-06-25,0.0607352648873604,100.060735264887,Medios,Diario
2014-06-26,0.394768561579698,100.39476856158,Medios,Diario
2014-06-27,0.240176316276716,100.240176316277,Medios,Diario
2014-06-28,-1.66636097933347,98.3336390206665,Medios,Diario
2014-06-29,-0.0382016331092742,99.9617983668907,Medios,Diario
2014-06-30,-0.176928866599931,99.8230711334001,Medios,Diario
2014-07-01,0.485875066676839,100.485875066677,Medios,Diario
2014-07-02,-0.704599877119972,99.29540012288,Medios,Diario
2014-07-03,-0.471914950044185,99.5280850499558,Medios,Diario
2014-07-04,-0.203880352058742,99.7961196479413,Medios,Diario
2014-07-05,0.749969639980975,100.749969639981,Medios,Diario
2014-07-06,1.40815635269653,101.408156352697,Medios,Diario
2014-07-07,-0.0393882563286775,99.9606117436713,Medios,Diario
2014-07-08,-0.238324188224286,99.7616758117757,Medios,Diario
2014-07-09,-0.0995506045289161,99.9004493954711,Medios,Diario
2014-07-10,-0.135449896182552,99.8645501038175,Medios,Diario
2014-07-11,-1.08017618926574,98.9198238107343,Medios,Diario
2014-07-12,-0.899781187791082,99.1002188122089,Medios,Diario
2014-07-13,-1.35324736590351,98.6467526340965,Medios,Diario
2014-07-14,1.0300529103254,101.030052910325,Medios,Diario
2014-07-15,-0.929579584553601,99.0704204154464,Medios,Diario
2014-07-16,-0.192938180006224,99.8070618199938,Medios,Diario
2014-07-17,-0.171336059213862,99.8286639407861,Medios,Diario
2014-07-18,-0.296899055261292,99.7031009447387,Medios,Diario
2014-07-19,0.851159113441321,100.851159113441,Medios,Diario
2014-07-20,1.5669460457991,101.566946045799,Medios,Diario
2014-07-21,1.15576210253105,101.155762102531,Medios,Diario
2014-07-22,-0.0846759378445902,99.9153240621554,Medios,Diario
2014-07-23,-0.184641435180546,99.8153585648195,Medios,Diario
2014-07-24,0.271936390044357,100.271936390044,Medios,Diario
2014-07-25,0.415932061712338,100.415932061712,Medios,Diario
2014-07-26,-0.998634051193353,99.0013659488067,Medios,Diario
2014-07-27,-0.0551614999767563,99.9448385000233,Medios,Diario
2014-07-28,-0.624546759365636,99.3754532406344,Medios,Diario
2014-07-29,0.0832410383087235,100.083241038309,Medios,Diario
2014-07-30,-0.12340528791805,99.876594712082,Medios,Diario
2014-07-31,-0.0833927945865302,99.9166072054135,Medios,Diario
2014-08-01,-0.222874642462024,99.777125357538,Medios,Diario
2014-08-02,0.090944402105973,100.090944402106,Medios,Diario
2014-08-03,0.739789691571807,100.739789691572,Medios,Diario
2014-08-04,0.00704192124413936,100.007041921244,Medios,Diario
2014-08-05,0.177470888970015,100.17747088897,Medios,Diario
2014-08-06,-0.536652515031727,99.4633474849683,Medios,Diario
2014-08-07,-0.372801170516102,99.6271988294839,Medios,Diario
2014-08-08,-0.382536576427988,99.617463423572,Medios,Diario
2014-08-09,-0.0964539263310693,99.9035460736689,Medios,Diario
2014-08-10,0.831887158322051,100.831887158322,Medios,Diario
2014-08-11,-0.0930132779842807,99.9069867220157,Medios,Diario
2014-08-12,-0.605712167067144,99.3942878329329,Medios,Diario
2014-08-13,0.174530464080261,100.17453046408,Medios,Diario
2014-08-14,0.250751711746102,100.250751711746,Medios,Diario
2014-08-15,-0.407408347590841,99.5925916524092,Medios,Diario
2014-08-16,0.213780862940167,100.21378086294,Medios,Diario
2014-08-17,-0.330642836923994,99.669357163076,Medios,Diario
2014-08-18,0.0108461409139247,100.010846140914,Medios,Diario
2014-08-19,0.947640094270576,100.947640094271,Medios,Diario
2014-08-20,0.0464750267273514,100.046475026727,Medios,Diario
2014-08-21,0.354346351482053,100.354346351482,Medios,Diario
2014-08-22,0.435483240339297,100.435483240339,Medios,Diario
2014-08-23,-0.106535491330326,99.8934645086697,Medios,Diario
2014-08-24,0.324949919258778,100.324949919259,Medios,Diario
2014-08-25,-0.901763696920532,99.0982363030795,Medios,Diario
2014-08-26,-0.144450123679103,99.8555498763209,Medios,Diario
2014-08-27,-0.0359634902494508,99.9640365097505,Medios,Diario
2014-08-28,-0.515385072855217,99.4846149271448,Medios,Diario
2014-08-29,0.762838781396157,100.762838781396,Medios,Diario
2014-08-30,0.523047658317875,100.523047658318,Medios,Diario
2014-08-31,0.334652708967254,100.334652708967,Medios,Diario
2014-09-01,0.569024169212604,100.569024169213,Medios,Diario
2014-09-02,-0.7031034737539,99.2968965262461,Medios,Diario
2014-09-03,-0.723688894959005,99.276311105041,Medios,Diario
2014-09-04,-0.651844396874728,99.3481556031253,Medios,Diario
2014-09-05,-1.59712552114921,98.4028744788508,Medios,Diario
2014-09-06,-0.455566718949419,99.5444332810506,Medios,Diario
2014-09-07,0.227514753813221,100.227514753813,Medios,Diario
2014-09-08,0.27877022878382,100.278770228784,Medios,Diario
2014-09-09,0.0452898859078972,100.045289885908,Medios,Diario
2014-09-10,0.158017476567104,100.158017476567,Medios,Diario
2014-09-11,-0.133082961521827,99.8669170384782,Medios,Diario
2014-09-12,-0.923846851828207,99.0761531481718,Medios,Diario
2014-09-13,-0.0627325465405371,99.9372674534595,Medios,Diario
2014-09-14,-0.308895347555209,99.6911046524448,Medios,Diario
2014-09-15,0.36370150400717,100.363701504007,Medios,Diario
2014-09-16,-0.258948833928297,99.7410511660717,Medios,Diario
2014-09-17,-0.237269362702459,99.7627306372975,Medios,Diario
2014-09-18,-0.0816991696293928,99.9183008303706,Medios,Diario
2014-09-19,-0.465866147896331,99.5341338521037,Medios,Diario
2014-09-20,-1.31639768428445,98.6836023157156,Medios,Diario
2014-09-21,-0.267943185252432,99.7320568147476,Medios,Diario
2014-09-22,0.329009656195972,100.329009656196,Medios,Diario
2014-09-23,0.818458435272857,100.818458435273,Medios,Diario
2014-09-24,0.30418765861227,100.304187658612,Medios,Diario
2014-09-25,-0.233485239265074,99.7665147607349,Medios,Diario
2014-09-26,0.230597756151314,100.230597756151,Medios,Diario
2014-09-27,-0.173203298693176,99.8267967013068,Medios,Diario
2014-09-28,0.181017060011276,100.181017060011,Medios,Diario
2014-09-29,0.149024094455692,100.149024094456,Medios,Diario
2014-09-30,0.753335171465181,100.753335171465,Medios,Diario
2014-10-01,0.13367567054518,100.133675670545,Medios,Diario
2014-10-02,0.713562649606494,100.713562649606,Medios,Diario
2014-10-03,-0.183949203978771,99.8160507960212,Medios,Diario
2014-10-04,0.361841616664942,100.361841616665,Medios,Diario
2014-10-05,-0.906278341739732,99.0937216582603,Medios,Diario
2014-10-06,0.0644611556615513,100.064461155662,Medios,Diario
2014-10-07,0.407724804002715,100.407724804003,Medios,Diario
2014-10-08,0.0321182259572565,100.032118225957,Medios,Diario
2014-10-09,0.220871262048209,100.220871262048,Medios,Diario
2014-10-10,0.50153528768608,100.501535287686,Medios,Diario
2014-10-11,0.562960131513469,100.562960131513,Medios,Diario
2014-10-12,0.844086664370795,100.844086664371,Medios,Diario
2014-10-13,0.551749203946513,100.551749203947,Medios,Diario
2014-10-14,0.344929127139503,100.34492912714,Medios,Diario
2014-10-15,-0.319792461009601,99.6802075389904,Medios,Diario
2014-10-16,-0.845426358170952,99.1545736418291,Medios,Diario
2014-10-17,-0.0941174861576324,99.9058825138424,Medios,Diario
2014-10-18,-1.00118616016616,98.9988138398338,Medios,Diario
2014-10-19,0.450870174784904,100.450870174785,Medios,Diario
2014-10-20,-0.380543956197509,99.6194560438025,Medios,Diario
2014-10-21,0.566653230675705,100.566653230676,Medios,Diario
2014-10-22,0.130841863645018,100.130841863645,Medios,Diario
2014-10-23,-0.415984118728343,99.5840158812717,Medios,Diario
2014-10-24,-0.292500099824012,99.707499900176,Medios,Diario
2014-10-25,0.343288017154531,100.343288017155,Medios,Diario
2014-10-26,0.7652038180333,100.765203818033,Medios,Diario
2014-10-27,1.10894924156847,101.108949241568,Medios,Diario
2014-10-28,0.0527122990142539,100.052712299014,Medios,Diario
2014-10-29,-0.185360615338063,99.8146393846619,Medios,Diario
2014-10-30,-0.238871484060817,99.7611285159392,Medios,Diario
2014-10-31,-0.418659158973651,99.5813408410264,Medios,Diario
2014-11-01,0.40559302693601,100.405593026936,Medios,Diario
2014-11-02,-0.465832250678548,99.5341677493215,Medios,Diario
2014-11-03,0.480781736341236,100.480781736341,Medios,Diario
2014-11-04,-0.0618402627313813,99.9381597372686,Medios,Diario
2014-11-05,0.103283415238339,100.103283415238,Medios,Diario
2014-11-06,-0.0996927769484823,99.9003072230515,Medios,Diario
2014-11-07,0.163323262831609,100.163323262832,Medios,Diario
2014-11-08,0.129841869578501,100.129841869579,Medios,Diario
2014-11-09,1.15529993804349,101.155299938043,Medios,Diario
2014-11-10,0.4201820128319,100.420182012832,Medios,Diario
2014-11-11,0.419954938458462,100.419954938458,Medios,Diario
2014-11-12,0.694176067659112,100.694176067659,Medios,Diario
2014-11-13,-0.0723466036782352,99.9276533963218,Medios,Diario
2014-11-14,-0.269177801801652,99.7308221981984,Medios,Diario
2014-11-15,-0.794748107129258,99.2052518928708,Medios,Diario
2014-11-16,-0.420477151487713,99.5795228485123,Medios,Diario
2014-11-17,0.246780961191108,100.246780961191,Medios,Diario
2014-11-18,0.119170846268052,100.119170846268,Medios,Diario
2014-11-19,-0.0815168339376872,99.9184831660623,Medios,Diario
2014-11-20,0.408118935310124,100.40811893531,Medios,Diario
2014-11-21,0.112109758764483,100.112109758765,Medios,Diario
2014-11-22,0.118105732480881,100.118105732481,Medios,Diario
2014-11-23,-0.163513460120509,99.8364865398795,Medios,Diario
2014-11-24,0.167128294727133,100.167128294727,Medios,Diario
2014-11-25,0.224684628296592,100.224684628297,Medios,Diario
2014-11-26,1.17736141202901,101.177361412029,Medios,Diario
2014-11-27,-0.0592293547808386,99.9407706452192,Medios,Diario
2014-11-28,-0.627017146835869,99.3729828531641,Medios,Diario
2014-11-29,0.393336634719244,100.393336634719,Medios,Diario
2014-11-30,0.200663423890769,100.200663423891,Medios,Diario
2014-12-01,0.467227572816683,100.467227572817,Medios,Diario
2014-12-02,0.385593060770624,100.385593060771,Medios,Diario
2014-12-03,0.117963394732515,100.117963394733,Medios,Diario
2014-12-04,0.258937378875898,100.258937378876,Medios,Diario
2014-12-05,0.12014007505209,100.120140075052,Medios,Diario
2014-12-06,-0.392065203709936,99.6079347962901,Medios,Diario
2014-12-07,0.907600438705573,100.907600438706,Medios,Diario
2014-12-08,1.0068200385842,101.006820038584,Medios,Diario
2014-12-09,1.11586185343046,101.11586185343,Medios,Diario
2014-12-10,-0.37368833934136,99.6263116606587,Medios,Diario
2014-12-11,0.202278986163465,100.202278986163,Medios,Diario
2014-12-12,0.376235537887322,100.376235537887,Medios,Diario
2014-12-13,0.718981465002473,100.718981465002,Medios,Diario
2014-12-14,1.08642090862678,101.086420908627,Medios,Diario
2014-12-15,0.629429066630643,100.629429066631,Medios,Diario
2014-12-16,0.696004314361032,100.696004314361,Medios,Diario
2014-12-17,-0.458943451972197,99.5410565480278,Medios,Diario
2014-12-18,0.535195321987324,100.535195321987,Medios,Diario
2014-12-19,-0.372210011813545,99.6277899881865,Medios,Diario
2014-12-20,-0.377772846907317,99.6222271530927,Medios,Diario
2014-12-21,1.00314261313053,101.003142613131,Medios,Diario
2014-12-22,0.179308482152095,100.179308482152,Medios,Diario
2014-12-23,0.437919871136124,100.437919871136,Medios,Diario
2014-12-24,-0.998237824354796,99.0017621756452,Medios,Diario
2014-12-25,0.415060362271487,100.415060362272,Medios,Diario
2014-12-26,-0.40456292556693,99.5954370744331,Medios,Diario
2014-12-27,0.278834076782918,100.278834076783,Medios,Diario
2014-12-28,0.244053439180912,100.244053439181,Medios,Diario
2014-12-29,1.16892018614629,101.168920186146,Medios,Diario
2014-12-30,1.06218028417423,101.062180284174,Medios,Diario
2014-12-31,0.121779918452664,100.121779918453,Medios,Diario
2015-01-01,-0.132756709973644,99.8672432900264,Medios,Diario
2015-01-02,-0.101105899814092,99.8988941001859,Medios,Diario
2015-01-03,0.382365059216692,100.382365059217,Medios,Diario
2015-01-04,-0.2494279113537,99.7505720886463,Medios,Diario
2015-01-05,0.384547705396204,100.384547705396,Medios,Diario
2015-01-06,0.448024674709179,100.448024674709,Medios,Diario
2015-01-07,-0.232482850775256,99.7675171492248,Medios,Diario
2015-01-08,-0.099259541603171,99.9007404583968,Medios,Diario
2015-01-09,0.132063674716264,100.132063674716,Medios,Diario
2015-01-10,0.490598682767069,100.490598682767,Medios,Diario
2015-01-11,0.886710162930622,100.886710162931,Medios,Diario
2015-01-12,1.21951213640611,101.219512136406,Medios,Diario
2015-01-13,0.0898790935908938,100.089879093591,Medios,Diario
2015-01-14,-0.345399966777663,99.6546000332224,Medios,Diario
2015-01-15,-0.300912834661042,99.699087165339,Medios,Diario
2015-01-16,-0.00272084535819464,99.9972791546418,Medios,Diario
2015-01-17,0.966718609018177,100.966718609018,Medios,Diario
2015-01-18,-0.48632716625543,99.5136728337446,Medios,Diario
2015-01-19,0.278291524706004,100.278291524706,Medios,Diario
2015-01-20,-0.333557168910918,99.6664428310891,Medios,Diario
2015-01-21,-0.259372765255994,99.740627234744,Medios,Diario
2015-01-22,-0.828639837919513,99.1713601620805,Medios,Diario
2015-01-23,0.455753354379486,100.455753354379,Medios,Diario
2015-01-24,0.560196259801391,100.560196259801,Medios,Diario
2015-01-25,-0.00891614765992531,99.9910838523401,Medios,Diario
2015-01-26,-0.557271638183098,99.4427283618169,Medios,Diario
2015-01-27,0.461068296951762,100.461068296952,Medios,Diario
2015-01-28,-0.918943232579439,99.0810567674206,Medios,Diario
2015-01-29,0.00573662739575313,100.005736627396,Medios,Diario
2015-01-30,-0.13661740886797,99.863382591132,Medios,Diario
2015-01-31,0.256623394371557,100.256623394372,Medios,Diario
2015-02-01,-1.17709734861556,98.8229026513844,Medios,Diario
2015-02-02,0.21314135622088,100.213141356221,Medios,Diario
2015-02-03,-0.522222151058372,99.4777778489416,Medios,Diario
2015-02-04,-0.408907434256972,99.591092565743,Medios,Diario
2015-02-05,-0.315014110466838,99.6849858895332,Medios,Diario
2015-02-06,0.0148299879815315,100.014829987982,Medios,Diario
2015-02-07,-0.542756818991028,99.457243181009,Medios,Diario
2015-02-08,-0.23102837493585,99.7689716250642,Medios,Diario
2015-02-09,-0.763612046123574,99.2363879538764,Medios,Diario
2015-02-10,-1.11328591287841,98.8867140871216,Medios,Diario
2015-02-11,-1.39665092480528,98.6033490751947,Medios,Diario
2015-02-12,-0.670628906756118,99.3293710932439,Medios,Diario
2015-02-13,-0.928535883171631,99.0714641168284,Medios,Diario
2015-02-14,-1.25142497920237,98.7485750207976,Medios,Diario
2015-02-15,-0.578537665245845,99.4214623347542,Medios,Diario
2015-02-16,0.155518061273427,100.155518061273,Medios,Diario
2015-02-17,-0.912436259501922,99.0875637404981,Medios,Diario
2015-02-18,-0.592271822957522,99.4077281770425,Medios,Diario
2015-02-19,-0.290634748949449,99.7093652510506,Medios,Diario
2015-02-20,-0.410132851702719,99.5898671482973,Medios,Diario
2015-02-21,-0.838439047695344,99.1615609523047,Medios,Diario
2015-02-22,0.0788209016852509,100.078820901685,Medios,Diario
2015-02-23,-0.0447692414090878,99.9552307585909,Medios,Diario
2015-02-24,0.102750751602031,100.102750751602,Medios,Diario
2015-02-25,0.35217503523368,100.352175035234,Medios,Diario
2015-02-26,-0.317282490994227,99.6827175090058,Medios,Diario
2015-02-27,0.0150055130740949,100.015005513074,Medios,Diario
2015-02-28,0.888153095702495,100.888153095703,Medios,Diario
2015-03-01,0.085305752216347,100.085305752216,Medios,Diario
2015-03-02,0.571785894628532,100.571785894629,Medios,Diario
2015-03-03,-0.692328560585628,99.3076714394144,Medios,Diario
2015-03-04,0.0854043395992611,100.085404339599,Medios,Diario
2015-03-05,0.135932911833128,100.135932911833,Medios,Diario
2015-03-06,-1.17437420309916,98.8256257969008,Medios,Diario
2015-03-07,0.306087017867819,100.306087017868,Medios,Diario
2015-03-08,0.0990920869337944,100.099092086934,Medios,Diario
2015-03-09,-0.446337390831926,99.5536626091681,Medios,Diario
2015-03-10,0.0903555216978965,100.090355521698,Medios,Diario
2015-03-11,0.123367089792982,100.123367089793,Medios,Diario
2015-03-12,0.281908257610742,100.281908257611,Medios,Diario
2015-03-13,-0.335435300034928,99.6645646999651,Medios,Diario
2015-03-14,-0.67625823388564,99.3237417661144,Medios,Diario
2015-03-15,-0.806414223990343,99.1935857760097,Medios,Diario
2015-03-16,0.266770687118538,100.266770687119,Medios,Diario
2015-03-17,-0.323144442001188,99.6768555579988,Medios,Diario
2015-03-18,-0.302985914990086,99.6970140850099,Medios,Diario
2015-03-19,-0.993192836176317,99.0068071638237,Medios,Diario
2015-03-20,0.769874012690565,100.769874012691,Medios,Diario
2015-03-21,-0.150499387711485,99.8495006122885,Medios,Diario
2015-03-22,0.294604833718878,100.294604833719,Medios,Diario
2015-03-23,0.47603729267461,100.476037292675,Medios,Diario
2015-03-24,-0.0225847240273034,99.9774152759727,Medios,Diario
2015-03-25,-0.258524042762642,99.7414759572374,Medios,Diario
2015-03-26,-0.0413301538631952,99.9586698461368,Medios,Diario
2015-03-27,0.10199842223466,100.101998422235,Medios,Diario
2015-03-28,-1.60916819075164,98.3908318092484,Medios,Diario
2015-03-29,-0.671361976060768,99.3286380239392,Medios,Diario
2015-03-30,-0.306017274606176,99.6939827253938,Medios,Diario
2015-03-31,-0.238688757264453,99.7613112427356,Medios,Diario
2015-04-01,0.723568701017306,100.723568701017,Medios,Diario
2015-04-02,-0.352799224913669,99.6472007750863,Medios,Diario
2015-04-03,-0.640173781425353,99.3598262185747,Medios,Diario
2015-04-04,0.0692839798115659,100.069283979812,Medios,Diario
2015-04-05,0.833839652719251,100.833839652719,Medios,Diario
2015-04-06,0.256448462790575,100.256448462791,Medios,Diario
2015-04-07,0.355219156441071,100.355219156441,Medios,Diario
2015-04-08,-0.568492368222124,99.4315076317779,Medios,Diario
2015-04-09,-0.00436895775660977,99.9956310422434,Medios,Diario
2015-04-10,-0.713523060137597,99.2864769398624,Medios,Diario
2015-04-11,0.300326803994187,100.300326803994,Medios,Diario
2015-04-12,0.530599761103957,100.530599761104,Medios,Diario
2015-04-13,-0.18690403866778,99.8130959613322,Medios,Diario
2015-04-14,0.192266233653158,100.192266233653,Medios,Diario
2015-04-15,0.240012449949086,100.240012449949,Medios,Diario
2015-04-16,-0.19835323960596,99.801646760394,Medios,Diario
2015-04-17,-0.389229480471517,99.6107705195285,Medios,Diario
2015-04-18,-0.345925925239197,99.6540740747608,Medios,Diario
2015-04-19,-1.35217345249534,98.6478265475047,Medios,Diario
2015-04-20,-0.131556193488056,99.868443806512,Medios,Diario
2015-04-21,-0.211060065817993,99.788939934182,Medios,Diario
2015-04-22,-0.0309805615559083,99.9690194384441,Medios,Diario
2015-04-23,-1.09323981580997,98.90676018419,Medios,Diario
2015-04-24,0.810966925209903,100.81096692521,Medios,Diario
2015-04-25,-0.0546256786626105,99.9453743213374,Medios,Diario
2015-04-26,0.0797076688358919,100.079707668836,Medios,Diario
2015-04-27,-0.366902117657878,99.6330978823421,Medios,Diario
2015-04-28,-0.255747012562617,99.7442529874374,Medios,Diario
2015-04-29,0.129761061536857,100.129761061537,Medios,Diario
2015-04-30,-0.849723737738172,99.1502762622618,Medios,Diario
2015-05-01,-0.0258872355211482,99.9741127644788,Medios,Diario
2015-05-02,-0.7171755971431,99.2828244028569,Medios,Diario
2015-05-03,0.704240269258353,100.704240269258,Medios,Diario
2015-05-04,0.0344953332451716,100.034495333245,Medios,Diario
2015-05-05,0.245546303431692,100.245546303432,Medios,Diario
2015-05-06,-0.626601109321458,99.3733988906786,Medios,Diario
2015-05-07,-0.819898067438449,99.1801019325616,Medios,Diario
2015-05-08,-0.608076946587487,99.3919230534125,Medios,Diario
2015-05-09,-0.187554572811218,99.8124454271888,Medios,Diario
2015-05-10,-0.757845542525938,99.2421544574741,Medios,Diario
2015-05-11,0.232518123709534,100.23251812371,Medios,Diario
2015-05-12,0.584109005954947,100.584109005955,Medios,Diario
2015-05-13,0.30804377380199,100.308043773802,Medios,Diario
2015-05-14,0.0972778774860062,100.097277877486,Medios,Diario
2015-05-15,-0.325465833551861,99.6745341664482,Medios,Diario
2015-05-16,-0.972093480342436,99.0279065196576,Medios,Diario
2015-05-17,-0.696965626925968,99.303034373074,Medios,Diario
2015-05-18,0.292862721842476,100.292862721843,Medios,Diario
2015-05-19,-0.586758707519116,99.4132412924809,Medios,Diario
2015-05-20,-0.101176261094796,99.8988237389052,Medios,Diario
2015-05-21,0.570228530698176,100.570228530698,Medios,Diario
2015-05-22,-0.470702933341349,99.5292970666587,Medios,Diario
2015-05-23,-0.720238211236457,99.2797617887635,Medios,Diario
2015-05-24,-0.0963909456616609,99.9036090543383,Medios,Diario
2015-05-25,-0.351786347997106,99.6482136520029,Medios,Diario
2015-05-26,-0.317848366518349,99.6821516334817,Medios,Diario
2015-05-27,-1.27852882283154,98.7214711771685,Medios,Diario
2015-05-28,-0.547291838645931,99.4527081613541,Medios,Diario
2015-05-29,-0.785898427627838,99.2141015723722,Medios,Diario
2015-05-30,-0.623427478158067,99.376572521842,Medios,Diario
2015-05-31,0.13225341016641,100.132253410166,Medios,Diario
2015-06-01,0.798239989055811,100.798239989056,Medios,Diario
2015-06-02,-0.97751293600663,99.0224870639934,Medios,Diario
2015-06-03,-0.00204319417207923,99.9979568058279,Medios,Diario
2015-06-04,0.00404869526555629,100.004048695266,Medios,Diario
2015-06-05,0.937312537130063,100.93731253713,Medios,Diario
2015-06-06,-0.526556175146713,99.4734438248533,Medios,Diario
2015-06-07,0.72040379474081,100.720403794741,Medios,Diario
2015-06-08,-0.907215839917736,99.0927841600823,Medios,Diario
2015-06-09,0.285314051523169,100.285314051523,Medios,Diario
2015-06-10,0.289891461523157,100.289891461523,Medios,Diario
2015-06-11,-0.419504810619824,99.5804951893802,Medios,Diario
2015-06-12,0.56738517097292,100.567385170973,Medios,Diario
2015-06-13,-1.53894572759227,98.4610542724077,Medios,Diario
2015-06-14,-0.456319509532893,99.5436804904671,Medios,Diario
2015-06-15,-0.467538651499339,99.5324613485007,Medios,Diario
2015-06-16,0.262645487157271,100.262645487157,Medios,Diario
2015-06-17,-0.273940135602484,99.7260598643975,Medios,Diario
2015-06-18,-0.397055011753949,99.6029449882461,Medios,Diario
2015-06-19,0.271812592848122,100.271812592848,Medios,Diario
2015-06-20,0.798742407384481,100.798742407384,Medios,Diario
2015-06-21,0.344667813128614,100.344667813129,Medios,Diario
2015-06-22,0.524427675149793,100.52442767515,Medios,Diario
2015-06-23,0.104710827454554,100.104710827455,Medios,Diario
2015-06-24,0.325761685260099,100.32576168526,Medios,Diario
2015-06-25,0.398069352109926,100.39806935211,Medios,Diario
2015-06-26,-0.0991814120937375,99.9008185879063,Medios,Diario
2015-06-27,0.436667503242499,100.436667503243,Medios,Diario
2015-06-28,-0.472770597153268,99.5272294028467,Medios,Diario
2015-06-29,-0.154734830482079,99.8452651695179,Medios,Diario
2015-06-30,-0.279027456222323,99.7209725437777,Medios,Diario
2015-07-01,1.49947996102568,101.499479961026,Medios,Diario
2015-07-02,-0.130339870946324,99.8696601290537,Medios,Diario
2015-07-03,0.166413547015046,100.166413547015,Medios,Diario
2015-07-04,0.0154456983464245,100.015445698346,Medios,Diario
2015-07-05,0.293967123961342,100.293967123961,Medios,Diario
2015-07-06,-0.434323605557873,99.5656763944421,Medios,Diario
2015-07-07,1.23500655591646,101.235006555916,Medios,Diario
2015-07-08,-0.297459963275047,99.702540036725,Medios,Diario
2015-07-09,-0.352571158919952,99.6474288410801,Medios,Diario
2015-07-10,0.427434448305541,100.427434448306,Medios,Diario
2015-07-11,-0.157580726192262,99.8424192738077,Medios,Diario
2015-07-12,-0.944111541816907,99.0558884581831,Medios,Diario
2015-07-13,-0.52139668708698,99.478603312913,Medios,Diario
2015-07-14,-0.688378631335928,99.3116213686641,Medios,Diario
2015-07-15,0.151576951177133,100.151576951177,Medios,Diario
2015-07-16,-0.0737715651897214,99.9262284348103,Medios,Diario
2015-07-17,-0.0331670942105618,99.9668329057894,Medios,Diario
2015-07-18,0.581656407561068,100.581656407561,Medios,Diario
2015-07-19,-0.638528912572727,99.3614710874273,Medios,Diario
2015-07-20,-0.312366165845487,99.6876338341545,Medios,Diario
2015-07-21,0.299809857209159,100.299809857209,Medios,Diario
2015-07-22,-0.603710147143993,99.396289852856,Medios,Diario
2015-07-23,0.399697311604898,100.399697311605,Medios,Diario
2015-07-24,-0.41257714247522,99.5874228575248,Medios,Diario
2015-07-25,0.582423416073702,100.582423416074,Medios,Diario
2015-07-26,0.740213904518349,100.740213904518,Medios,Diario
2015-07-27,0.0833476611215501,100.083347661122,Medios,Diario
2015-07-28,0.539267300897784,100.539267300898,Medios,Diario
2015-07-29,0.145349619884837,100.145349619885,Medios,Diario
2015-07-30,-0.529846441371635,99.4701535586284,Medios,Diario
2015-07-31,-0.751703155822145,99.2482968441779,Medios,Diario
2015-08-01,1.4902132935818,101.490213293582,Medios,Diario
2015-08-02,-0.869526358777055,99.130473641223,Medios,Diario
2015-08-03,0.243773791416587,100.243773791417,Medios,Diario
2015-08-04,-0.119178750216086,99.8808212497839,Medios,Diario
2015-08-05,0.0766644227081745,100.076664422708,Medios,Diario
2015-08-06,-1.17263988483929,98.8273601151607,Medios,Diario
2015-08-07,-0.322020848723055,99.677979151277,Medios,Diario
2015-08-08,-0.810236689370062,99.1897633106299,Medios,Diario
2015-08-09,-0.756371777439699,99.2436282225603,Medios,Diario
2015-08-10,-0.86741128899753,99.1325887110025,Medios,Diario
2015-08-11,-0.358157773651512,99.6418422263485,Medios,Diario
2015-08-12,-0.312462644205761,99.6875373557942,Medios,Diario
2015-08-13,-0.657089835222027,99.342910164778,Medios,Diario
2015-08-14,-0.819535628525628,99.1804643714744,Medios,Diario
2015-08-15,-0.828660561684299,99.1713394383157,Medios,Diario
2015-08-16,-0.797402604474495,99.2025973955255,Medios,Diario
2015-08-17,-0.403694475678699,99.5963055243213,Medios,Diario
2015-08-18,0.0763882584152015,100.076388258415,Medios,Diario
2015-08-19,0.587841147435389,100.587841147435,Medios,Diario
2015-08-20,-0.539760075877329,99.4602399241227,Medios,Diario
2015-08-21,-0.434747236855514,99.5652527631445,Medios,Diario
2015-08-22,-1.27570683511749,98.7242931648825,Medios,Diario
2015-08-23,0.261823185018668,100.261823185019,Medios,Diario
2015-08-24,-0.297080339400124,99.7029196605999,Medios,Diario
2015-08-25,0.929532553160398,100.92953255316,Medios,Diario
2015-08-26,0.45263776635704,100.452637766357,Medios,Diario
2015-08-27,0.344949323928004,100.344949323928,Medios,Diario
2015-08-28,0.426762572120131,100.42676257212,Medios,Diario
2015-08-29,0.71197366283068,100.711973662831,Medios,Diario
2015-08-30,0.460501904198024,100.460501904198,Medios,Diario
2015-08-31,0.376208670428124,100.376208670428,Medios,Diario
2015-09-01,-0.823085018276364,99.1769149817237,Medios,Diario
2015-09-02,-0.568516169785313,99.4314838302147,Medios,Diario
2015-09-03,-0.217797481021167,99.7822025189788,Medios,Diario
2015-09-04,-0.219468084921123,99.7805319150789,Medios,Diario
2015-09-05,0.894496833468173,100.894496833468,Medios,Diario
2015-09-06,1.00442088090249,101.004420880902,Medios,Diario
2015-09-07,-0.633463700220856,99.3665362997791,Medios,Diario
2015-09-08,-0.257026840315229,99.7429731596848,Medios,Diario
2015-09-09,-0.259402249720545,99.7405977502795,Medios,Diario
2015-09-10,-0.0177069841569463,99.9822930158431,Medios,Diario
2015-09-11,-0.742168001376581,99.2578319986234,Medios,Diario
2015-09-12,-0.0270177767945999,99.9729822232054,Medios,Diario
2015-09-13,-0.237803258212102,99.7621967417879,Medios,Diario
2015-09-14,-0.507361131032919,99.4926388689671,Medios,Diario
2015-09-15,-0.318671047245333,99.6813289527547,Medios,Diario
2015-09-16,-0.222900675072093,99.7770993249279,Medios,Diario
2015-09-17,-0.677434845449483,99.3225651545505,Medios,Diario
2015-09-18,-1.35964594107397,98.640354058926,Medios,Diario
2015-09-19,-0.340254634960164,99.6597453650399,Medios,Diario
2015-09-20,0.371733966725086,100.371733966725,Medios,Diario
2015-09-21,-0.0415161064907107,99.9584838935093,Medios,Diario
2015-09-22,1.02263697843229,101.022636978432,Medios,Diario
2015-09-23,0.216789150657227,100.216789150657,Medios,Diario
2015-09-24,0.0843488978613561,100.084348897861,Medios,Diario
2015-09-25,-0.0901478936978822,99.9098521063021,Medios,Diario
2015-09-26,1.28344167374438,101.283441673744,Medios,Diario
2015-09-27,0.211478657532854,100.211478657533,Medios,Diario
2015-09-28,-0.000661978329130258,99.9993380216709,Medios,Diario
2015-09-29,0.385142044775939,100.385142044776,Medios,Diario
2015-09-30,-0.0088331235108029,99.9911668764892,Medios,Diario
2015-10-01,-0.602328107732394,99.3976718922676,Medios,Diario
2015-10-02,-0.440685942223306,99.5593140577767,Medios,Diario
2015-10-03,-0.502070405772571,99.4979295942274,Medios,Diario
2015-10-04,-0.885782912779289,99.1142170872207,Medios,Diario
2015-10-05,-0.725198381056008,99.274801618944,Medios,Diario
2015-10-06,-0.157118978318989,99.842881021681,Medios,Diario
2015-10-07,0.212742609256765,100.212742609257,Medios,Diario
2015-10-08,0.0512959864493507,100.051295986449,Medios,Diario
2015-10-09,-0.00642600814722631,99.9935739918528,Medios,Diario
2015-10-10,0.604400955014804,100.604400955015,Medios,Diario
2015-10-11,0.304343529226715,100.304343529227,Medios,Diario
2015-10-12,0.214989776150369,100.21498977615,Medios,Diario
2015-10-13,-0.300839888263252,99.6991601117367,Medios,Diario
2015-10-14,0.194844625486759,100.194844625487,Medios,Diario
2015-10-15,-0.0942619431337044,99.9057380568663,Medios,Diario
2015-10-16,-0.0301534622005103,99.9698465377995,Medios,Diario
2015-10-17,0.813849046253292,100.813849046253,Medios,Diario
2015-10-18,0.613423731050503,100.613423731051,Medios,Diario
2015-10-19,0.218262987204738,100.218262987205,Medios,Diario
2015-10-20,-0.513851531193058,99.4861484688069,Medios,Diario
2015-10-21,-0.309741226952347,99.6902587730477,Medios,Diario
2015-10-22,0.353950248493242,100.353950248493,Medios,Diario
2015-10-23,-0.776058997368423,99.2239410026316,Medios,Diario
2015-10-24,0.121900416857685,100.121900416858,Medios,Diario
2015-10-25,1.07388585491091,101.073885854911,Medios,Diario
2015-10-26,-0.492443877647101,99.5075561223529,Medios,Diario
2015-10-27,-0.589980960434984,99.410019039565,Medios,Diario
2015-10-28,0.109856270939767,100.10985627094,Medios,Diario
2015-10-29,-0.100852287750307,99.8991477122497,Medios,Diario
2015-10-30,-0.504210950529151,99.4957890494709,Medios,Diario
2015-10-31,-0.217425193024817,99.7825748069752,Medios,Diario
2015-11-01,-0.86339593165262,99.1366040683474,Medios,Diario
2015-11-02,-0.613340903676154,99.3866590963238,Medios,Diario
2015-11-03,-0.432043865588205,99.5679561344118,Medios,Diario
2015-11-04,0.250326202779137,100.250326202779,Medios,Diario
2015-11-05,0.492532429228522,100.492532429229,Medios,Diario
2015-11-06,-0.772797702823024,99.227202297177,Medios,Diario
2015-11-07,0.176359695854273,100.176359695854,Medios,Diario
2015-11-08,-0.430822434052672,99.5691775659473,Medios,Diario
2015-11-09,0.101809672827553,100.101809672828,Medios,Diario
2015-11-10,-0.0758929097795366,99.9241070902205,Medios,Diario
2015-11-11,-0.48971365967058,99.5102863403294,Medios,Diario
2015-11-12,-0.241806486997683,99.7581935130023,Medios,Diario
2015-11-13,-0.718611054647298,99.2813889453527,Medios,Diario
2015-11-14,0.740603599853767,100.740603599854,Medios,Diario
2015-11-15,0.0932274859931285,100.093227485993,Medios,Diario
2015-11-16,-0.383305988211478,99.6166940117885,Medios,Diario
2015-11-17,-0.788733193689528,99.2112668063105,Medios,Diario
2015-11-18,-0.345556248956899,99.6544437510431,Medios,Diario
2015-11-19,-0.179353672608725,99.8206463273913,Medios,Diario
2015-11-20,0.270425666664807,100.270425666665,Medios,Diario
2015-11-21,-0.498187455952944,99.5018125440471,Medios,Diario
2015-11-22,-1.54813208694431,98.4518679130557,Medios,Diario
2015-11-23,-0.242641303597427,99.7573586964026,Medios,Diario
2015-11-24,0.052825037448696,100.052825037449,Medios,Diario
2015-11-25,-0.595753267877926,99.4042467321221,Medios,Diario
2015-11-26,-0.157638655208681,99.8423613447913,Medios,Diario
2015-11-27,-0.502382903493054,99.4976170965069,Medios,Diario
2015-11-28,0.440605179422562,100.440605179423,Medios,Diario
2015-11-29,-1.46144093529477,98.5385590647052,Medios,Diario
2015-11-30,-0.342173815197302,99.6578261848027,Medios,Diario
2015-12-01,-0.0128779523000775,99.9871220476999,Medios,Diario
2015-12-02,-0.0576234661818682,99.9423765338181,Medios,Diario
2015-12-03,-0.626713609072635,99.3732863909274,Medios,Diario
2015-12-04,0.126662983706733,100.126662983707,Medios,Diario
2015-12-05,0.654764933337668,100.654764933338,Medios,Diario
2015-12-06,0.464521733638733,100.464521733639,Medios,Diario
2015-12-07,-0.267108812238925,99.7328911877611,Medios,Diario
2015-12-08,-0.642146708674837,99.3578532913252,Medios,Diario
2015-12-09,-0.115531671621504,99.8844683283785,Medios,Diario
2015-12-10,-0.529249830590614,99.4707501694094,Medios,Diario
2015-12-11,-0.0103051912236643,99.9896948087763,Medios,Diario
2015-12-12,0.0298430401260703,100.029843040126,Medios,Diario
2015-12-13,0.355768924304395,100.355768924304,Medios,Diario
2015-12-14,0.141992212214739,100.141992212215,Medios,Diario
2015-12-15,-0.308240787647494,99.6917592123525,Medios,Diario
2015-12-16,0.0801006696917294,100.080100669692,Medios,Diario
2015-12-17,0.11104544042984,100.11104544043,Medios,Diario
2015-12-18,-0.464085870475931,99.5359141295241,Medios,Diario
2015-12-19,-1.02096752729856,98.9790324727015,Medios,Diario
2015-12-20,-0.586021000426128,99.4139789995739,Medios,Diario
2015-12-21,0.225981699175878,100.225981699176,Medios,Diario
2015-12-22,-0.149088590110156,99.8509114098898,Medios,Diario
2015-12-23,0.453230818366162,100.453230818366,Medios,Diario
2015-12-24,-0.914481988653545,99.0855180113465,Medios,Diario
2015-12-25,-0.568800713220939,99.4311992867791,Medios,Diario
2015-12-26,0.131447457840557,100.131447457841,Medios,Diario
2015-12-27,0.64008687740875,100.640086877409,Medios,Diario
2015-12-28,0.143551097431103,100.143551097431,Medios,Diario
2015-12-29,0.0676975171459827,100.067697517146,Medios,Diario
2015-12-30,-0.262336505966058,99.7376634940339,Medios,Diario
2015-12-31,-0.872170283651455,99.1278297163485,Medios,Diario
2016-01-01,-0.093206276814026,99.906793723186,Medios,Diario
2016-01-02,0.165265947294819,100.165265947295,Medios,Diario
2016-01-03,0.0446316407877016,100.044631640788,Medios,Diario
2016-01-04,-0.224925338169182,99.7750746618308,Medios,Diario
2016-01-05,-0.359846378567484,99.6401536214325,Medios,Diario
2016-01-06,-0.503231655616829,99.4967683443832,Medios,Diario
2016-01-07,0.284861325509879,100.28486132551,Medios,Diario
2016-01-08,-0.567770890551275,99.4322291094487,Medios,Diario
2016-01-09,0.822930333240741,100.822930333241,Medios,Diario
2016-01-10,-0.131215170202326,99.8687848297977,Medios,Diario
2016-01-11,0.0616496331205278,100.061649633121,Medios,Diario
2016-01-12,0.353307345904225,100.353307345904,Medios,Diario
2016-01-13,-0.0548478012509271,99.9451521987491,Medios,Diario
2016-01-14,-0.0455240043529439,99.9544759956471,Medios,Diario
2016-01-15,-0.899391712257574,99.1006082877424,Medios,Diario
2016-01-16,0.344933233168571,100.344933233169,Medios,Diario
2016-01-17,-0.398772132990449,99.6012278670096,Medios,Diario
2016-01-18,0.146255973917223,100.146255973917,Medios,Diario
2016-01-19,-0.00659029481809685,99.9934097051819,Medios,Diario
2016-01-20,0.235449339438833,100.235449339439,Medios,Diario
2016-01-21,-0.711791358268137,99.2882086417319,Medios,Diario
2016-01-22,-0.0687319116204936,99.9312680883795,Medios,Diario
2016-01-23,-0.410121676119495,99.5898783238805,Medios,Diario
2016-01-24,-0.376727529541179,99.6232724704588,Medios,Diario
2016-01-25,-0.692733018837746,99.3072669811623,Medios,Diario
2016-01-26,-0.224385365890419,99.7756146341096,Medios,Diario
2016-01-27,-0.629259301761834,99.3707406982382,Medios,Diario
2016-01-28,0.230234505869586,100.23023450587,Medios,Diario
2016-01-29,-0.525795398024836,99.4742046019752,Medios,Diario
2016-01-30,0.0146188498579,100.014618849858,Medios,Diario
2016-01-31,0.046417914984741,100.046417914985,Medios,Diario
2016-02-01,-0.463220462645135,99.5367795373549,Medios,Diario
2016-02-02,0.295628479735834,100.295628479736,Medios,Diario
2016-02-03,0.111248111517678,100.111248111518,Medios,Diario
2016-02-04,-0.553825055926604,99.4461749440734,Medios,Diario
2016-02-05,-0.917982138953887,99.0820178610461,Medios,Diario
2016-02-06,0.718220678766196,100.718220678766,Medios,Diario
2016-02-07,-0.144230120210521,99.8557698797895,Medios,Diario
2016-02-08,-0.0148310441158098,99.9851689558842,Medios,Diario
2016-02-09,-0.266996844847305,99.7330031551527,Medios,Diario
2016-02-10,0.533903352222743,100.533903352223,Medios,Diario
2016-02-11,0.131005196898257,100.131005196898,Medios,Diario
2016-02-12,-0.0427402860039129,99.9572597139961,Medios,Diario
2016-02-13,-0.574534702098611,99.4254652979014,Medios,Diario
2016-02-14,-0.239714880610317,99.7602851193897,Medios,Diario
2016-02-15,-0.870871359023807,99.1291286409762,Medios,Diario
2016-02-16,-0.549820696602695,99.4501793033973,Medios,Diario
2016-02-17,-0.693285969148952,99.3067140308511,Medios,Diario
2016-02-18,-0.5543940004545,99.4456059995455,Medios,Diario
2016-02-19,-0.488110837913205,99.5118891620868,Medios,Diario
2016-02-20,0.0356272026486459,100.035627202649,Medios,Diario
2016-02-21,-0.0964893916610386,99.903510608339,Medios,Diario
2016-02-22,0.0762185693907576,100.076218569391,Medios,Diario
2016-02-23,-0.0474768533984166,99.9525231466016,Medios,Diario
2016-02-24,-0.30596705843016,99.6940329415698,Medios,Diario
2016-02-25,0.234500401668826,100.234500401669,Medios,Diario
2016-02-26,0.0479170755621912,100.047917075562,Medios,Diario
2016-02-27,-0.605820127569996,99.39417987243,Medios,Diario
2016-02-28,-0.502611208630218,99.4973887913698,Medios,Diario
2016-02-29,0.128682487760618,100.128682487761,Medios,Diario
2016-03-01,-0.366808739050611,99.6331912609494,Medios,Diario
2016-03-02,-0.15412998681889,99.8458700131811,Medios,Diario
2016-03-03,-0.00612173353988554,99.9938782664601,Medios,Diario
2016-03-04,-0.76366877004195,99.2363312299581,Medios,Diario
2016-03-05,0.411425182453687,100.411425182454,Medios,Diario
2016-03-06,-0.473207794115408,99.5267922058846,Medios,Diario
2016-03-07,-0.284954526883653,99.7150454731164,Medios,Diario
2016-03-08,-0.259905327110821,99.7400946728892,Medios,Diario
2016-03-09,-0.767284441459025,99.232715558541,Medios,Diario
2016-03-10,-0.705003608170761,99.2949963918293,Medios,Diario
2016-03-11,0.278769726215331,100.278769726215,Medios,Diario
2016-03-12,0.0906221654837386,100.090622165484,Medios,Diario
2016-03-13,0.806356066939741,100.80635606694,Medios,Diario
2016-03-14,-0.110788032532388,99.8892119674676,Medios,Diario
2016-03-15,-0.751717339918372,99.2482826600816,Medios,Diario
2016-03-16,-0.212670467906344,99.7873295320937,Medios,Diario
2016-03-17,-0.0119727194045917,99.9880272805954,Medios,Diario
2016-03-18,-0.494605365431414,99.5053946345686,Medios,Diario
2016-03-19,-0.36036818269158,99.6396318173084,Medios,Diario
2016-03-20,-0.979234083075836,99.0207659169242,Medios,Diario
2016-03-21,-0.449585480277718,99.5504145197223,Medios,Diario
2016-03-22,-0.0294934435486192,99.9705065564514,Medios,Diario
2016-03-23,-0.054588925015291,99.9454110749847,Medios,Diario
2016-03-24,-0.414078446933011,99.585921553067,Medios,Diario
2016-03-25,-1.2622185608869,98.7377814391131,Medios,Diario
2016-03-26,0.336536792415001,100.336536792415,Medios,Diario
2016-03-27,-1.18545054549167,98.8145494545083,Medios,Diario
2016-03-28,-0.315417558462083,99.6845824415379,Medios,Diario
2016-03-29,-0.407976065258807,99.5920239347412,Medios,Diario
2016-03-30,-0.698695531260331,99.3013044687397,Medios,Diario
2016-03-31,-0.0442815913043372,99.9557184086957,Medios,Diario
2016-04-01,-0.576445324090589,99.4235546759094,Medios,Diario
2016-04-02,-0.76386441429079,99.2361355857092,Medios,Diario
2016-04-03,-1.18231177310889,98.8176882268911,Medios,Diario
2016-04-04,-0.122035249382285,99.8779647506177,Medios,Diario
2016-04-05,-0.252692059779795,99.7473079402202,Medios,Diario
2016-04-06,-0.243970818801094,99.7560291811989,Medios,Diario
2016-04-07,0.355462445595391,100.355462445595,Medios,Diario
2016-04-08,-0.0596734031170784,99.9403265968829,Medios,Diario
2016-04-09,-0.17911906001205,99.820880939988,Medios,Diario
2016-04-10,0.208157678598232,100.208157678598,Medios,Diario
2016-04-11,-0.420075855625293,99.5799241443747,Medios,Diario
2016-04-12,-0.152427590964367,99.8475724090356,Medios,Diario
2016-04-13,-0.643673468209107,99.3563265317909,Medios,Diario
2016-04-14,-0.480927624944639,99.5190723750554,Medios,Diario
2016-04-15,-0.590835051003315,99.4091649489967,Medios,Diario
2016-04-16,-0.72578415304465,99.2742158469554,Medios,Diario
2016-04-17,-0.590898675606544,99.4091013243935,Medios,Diario
2016-04-18,-1.11322947749299,98.886770522507,Medios,Diario
2016-04-19,-0.279904870246385,99.7200951297536,Medios,Diario
2016-04-20,-0.335575629376522,99.6644243706235,Medios,Diario
2016-04-21,-0.0584878498749819,99.941512150125,Medios,Diario
2016-04-22,0.0315869959644047,100.031586995964,Medios,Diario
2016-04-23,0.000834606956416106,100.000834606956,Medios,Diario
2016-04-24,0.750887509066959,100.750887509067,Medios,Diario
2016-04-25,-0.261854938501372,99.7381450614986,Medios,Diario
2016-04-26,-0.675582127055864,99.3244178729442,Medios,Diario
2016-04-27,-0.857105204203931,99.1428947957961,Medios,Diario
2016-04-28,-0.00693856565077506,99.9930614343492,Medios,Diario
2016-04-29,-0.711697795761498,99.2883022042385,Medios,Diario
2016-04-30,0.450214708502388,100.450214708502,Medios,Diario
2016-05-01,-1.006513359928,98.993486640072,Medios,Diario
2016-05-02,-0.492271687626739,99.5077283123733,Medios,Diario
2016-05-03,-0.0784297016780942,99.9215702983219,Medios,Diario
2016-05-04,-0.119089168355756,99.8809108316443,Medios,Diario
2016-05-05,0.197517466144096,100.197517466144,Medios,Diario
2016-05-06,-0.131335101984393,99.8686648980156,Medios,Diario
2016-05-07,-0.471523458497328,99.5284765415027,Medios,Diario
2016-05-08,-0.0535531518100712,99.9464468481899,Medios,Diario
2016-05-09,-0.908722878392647,99.0912771216074,Medios,Diario
2016-05-10,-0.783886891243014,99.216113108757,Medios,Diario
2016-05-11,-0.110151531613852,99.8898484683862,Medios,Diario
2016-05-12,-0.626139802119764,99.3738601978802,Medios,Diario
2016-05-13,-0.232334627994708,99.7676653720053,Medios,Diario
2016-05-14,-0.263168923513159,99.7368310764868,Medios,Diario
2016-05-15,0.414601629766548,100.414601629767,Medios,Diario
2016-05-16,-0.97927878840694,99.0207212115931,Medios,Diario
2016-05-17,-0.17509950405077,99.8249004959492,Medios,Diario
2016-05-18,0.106055986651438,100.106055986651,Medios,Diario
2016-05-19,0.014038191231444,100.014038191231,Medios,Diario
2016-05-20,0.470456359009902,100.47045635901,Medios,Diario
2016-05-21,0.465166416239643,100.46516641624,Medios,Diario
2016-05-22,-0.0105554399449104,99.9894445600551,Medios,Diario
2016-05-23,-0.533439251609931,99.4665607483901,Medios,Diario
2016-05-24,-0.0651805062470097,99.934819493753,Medios,Diario
2016-05-25,0.0300854933377074,100.030085493338,Medios,Diario
2016-05-26,-0.226558751195941,99.7734412488041,Medios,Diario
2016-05-27,-0.639166328819503,99.3608336711805,Medios,Diario
2016-05-28,-0.338431187684106,99.6615688123159,Medios,Diario
2016-05-29,0.0701670925745341,100.070167092575,Medios,Diario
2016-05-30,-0.538276996713015,99.461723003287,Medios,Diario
2016-05-31,-0.131085831579761,99.8689141684202,Medios,Diario
2016-06-01,0.13633558244107,100.136335582441,Medios,Diario
2016-06-02,0.0146613956720178,100.014661395672,Medios,Diario
2016-06-03,-0.512630507782909,99.4873694922171,Medios,Diario
2016-06-04,-0.295374011367914,99.7046259886321,Medios,Diario
2016-06-05,0.583035441466179,100.583035441466,Medios,Diario
2016-06-06,-0.273782570588779,99.7262174294112,Medios,Diario
2016-06-07,0.0611031967977925,100.061103196798,Medios,Diario
2016-06-08,0.350842192560727,100.350842192561,Medios,Diario
2016-06-09,-0.325796609452061,99.674203390548,Medios,Diario
2016-06-10,-0.263659359232154,99.7363406407679,Medios,Diario
2016-06-11,0.306081776661375,100.306081776661,Medios,Diario
2016-06-12,-0.588986373859201,99.4110136261408,Medios,Diario
2016-06-13,-0.181289869095121,99.8187101309049,Medios,Diario
2016-06-14,-0.201032517289156,99.7989674827109,Medios,Diario
2016-06-15,-0.736480460370592,99.2635195396294,Medios,Diario
2016-06-16,-0.485733883122848,99.5142661168772,Medios,Diario
2016-06-17,0.268427086331263,100.268427086331,Medios,Diario
2016-06-18,-1.24840636025408,98.7515936397459,Medios,Diario
2016-06-19,-0.10160513144693,99.8983948685531,Medios,Diario
2016-06-20,0.114586109335625,100.114586109336,Medios,Diario
2016-06-21,0.136792951350982,100.136792951351,Medios,Diario
2016-06-22,-0.617692772383383,99.3823072276166,Medios,Diario
2016-06-23,-0.717726525192793,99.2822734748072,Medios,Diario
2016-06-24,0.177192563380376,100.17719256338,Medios,Diario
2016-06-25,-0.517568935849702,99.4824310641503,Medios,Diario
2016-06-26,-0.766869930695814,99.2331300693042,Medios,Diario
2016-06-27,-0.106347657765185,99.8936523422348,Medios,Diario
2016-06-28,-0.127858873146943,99.8721411268531,Medios,Diario
2016-06-29,0.170421412008169,100.170421412008,Medios,Diario
2016-06-30,-0.0441879101821482,99.9558120898179,Medios,Diario
2016-07-01,0.0902597278265615,100.090259727827,Medios,Diario
2016-07-02,0.0588877499950032,100.058887749995,Medios,Diario
2016-07-03,0.794309620701691,100.794309620702,Medios,Diario
2016-07-04,-0.0791520927551826,99.9208479072448,Medios,Diario
2016-07-05,-0.290683636877119,99.7093163631229,Medios,Diario
2016-07-06,0.188636538295279,100.188636538295,Medios,Diario
2016-07-07,-1.20431312637372,98.7956868736263,Medios,Diario
2016-07-08,-0.520367574094773,99.4796324259052,Medios,Diario
2016-07-09,0.0498076742659919,100.049807674266,Medios,Diario
2016-07-10,0.0173530492698786,100.01735304927,Medios,Diario
2016-07-11,-1.10131651016941,98.8986834898306,Medios,Diario
2016-07-12,0.0954034456516356,100.095403445652,Medios,Diario
2016-07-13,-0.393612439868421,99.6063875601316,Medios,Diario
2016-07-14,0.046234109845987,100.046234109846,Medios,Diario
2016-07-15,0.105189400180695,100.105189400181,Medios,Diario
2016-07-16,-0.781404194759189,99.2185958052408,Medios,Diario
2016-07-17,-0.516237564279044,99.483762435721,Medios,Diario
2016-07-18,-0.610644672954555,99.3893553270455,Medios,Diario
2016-07-19,0.255618456074977,100.255618456075,Medios,Diario
2016-07-20,0.00843345383169081,100.008433453832,Medios,Diario
2016-07-21,0.0584382905974097,100.058438290597,Medios,Diario
2016-07-22,-0.42846360533457,99.5715363946654,Medios,Diario
2016-07-23,-0.524257746920234,99.4757422530798,Medios,Diario
2016-07-24,-0.244491280722224,99.7555087192778,Medios,Diario
2016-07-25,-0.875984043963476,99.1240159560365,Medios,Diario
2016-07-26,0.368098203590509,100.368098203591,Medios,Diario
2016-07-27,0.0459068658696593,100.04590686587,Medios,Diario
2016-07-28,0.0843568593157084,100.084356859316,Medios,Diario
2016-07-29,-0.277166363279692,99.7228336367203,Medios,Diario
2016-07-30,-1.14310752649367,98.8568924735063,Medios,Diario
2016-07-31,-0.132703126423552,99.8672968735764,Medios,Diario
2016-08-01,-0.603331896689349,99.3966681033107,Medios,Diario
2016-08-02,-0.83620746866564,99.1637925313344,Medios,Diario
2016-08-03,-0.620404747975653,99.3795952520244,Medios,Diario
2016-08-04,1.02816209263447,101.028162092634,Medios,Diario
2016-08-05,-0.571494300623393,99.4285056993766,Medios,Diario
2016-08-06,0.822740791254644,100.822740791255,Medios,Diario
2016-08-07,0.037583438408267,100.037583438408,Medios,Diario
2016-08-08,-0.312477731532565,99.6875222684674,Medios,Diario
2016-08-09,-0.192540456028223,99.8074595439718,Medios,Diario
2016-08-10,-0.705020498699813,99.2949795013002,Medios,Diario
2016-08-11,-0.442848056265524,99.5571519437345,Medios,Diario
2016-08-12,-0.32517732526057,99.6748226747394,Medios,Diario
2016-08-13,0.0622757018759093,100.062275701876,Medios,Diario
2016-08-14,-0.482052978381126,99.5179470216189,Medios,Diario
2016-08-15,0.543916980724122,100.543916980724,Medios,Diario
2016-08-16,0.0700277155232174,100.070027715523,Medios,Diario
2016-08-17,-0.27279935964689,99.7272006403531,Medios,Diario
2016-08-18,-0.509234646331136,99.4907653536689,Medios,Diario
2016-08-19,-0.145726498444079,99.8542735015559,Medios,Diario
2016-08-20,-0.261503559898995,99.738496440101,Medios,Diario
2016-08-21,-0.980106237922378,99.0198937620776,Medios,Diario
2016-08-22,-0.521420536586151,99.4785794634139,Medios,Diario
2016-08-23,0.192629600265017,100.192629600265,Medios,Diario
2016-08-24,0.349331986914399,100.349331986914,Medios,Diario
2016-08-25,-0.293156076314759,99.7068439236853,Medios,Diario
2016-08-26,-0.540861756547623,99.4591382434524,Medios,Diario
2016-08-27,0.530671003277587,100.530671003278,Medios,Diario
2016-08-28,0.0801847328885566,100.080184732889,Medios,Diario
2016-08-29,-0.605822131213267,99.3941778687867,Medios,Diario
2016-08-30,-0.584279535194604,99.4157204648054,Medios,Diario
2016-08-31,-0.461697934608746,99.5383020653913,Medios,Diario
2016-09-01,-0.262357945841836,99.7376420541582,Medios,Diario
2016-09-02,-0.159785421993827,99.8402145780062,Medios,Diario
2016-09-03,-0.200845969587318,99.7991540304127,Medios,Diario
2016-09-04,-0.45938963280111,99.5406103671989,Medios,Diario
2016-09-05,-0.217457248571306,99.7825427514287,Medios,Diario
2016-09-06,-0.378626477361889,99.6213735226381,Medios,Diario
2016-09-07,-0.489820555960712,99.5101794440393,Medios,Diario
2016-09-08,-0.378604824726797,99.6213951752732,Medios,Diario
2016-09-09,-0.963986499401156,99.0360135005989,Medios,Diario
2016-09-10,-0.380855413764045,99.619144586236,Medios,Diario
2016-09-11,-0.0504833797112855,99.9495166202887,Medios,Diario
2016-09-12,-0.665706973908989,99.334293026091,Medios,Diario
2016-09-13,-0.153852452357484,99.8461475476425,Medios,Diario
2016-09-14,-0.838633420311598,99.1613665796884,Medios,Diario
2016-09-15,-0.440216336868675,99.5597836631313,Medios,Diario
2016-09-16,-0.543400235618779,99.4565997643812,Medios,Diario
2016-09-17,-1.4842124615656,98.5157875384344,Medios,Diario
2016-09-18,-0.446479785052005,99.553520214948,Medios,Diario
2016-09-19,-0.0653324977890272,99.934667502211,Medios,Diario
2016-09-20,-0.506259972369718,99.4937400276303,Medios,Diario
2016-09-21,-0.263940027951442,99.7360599720486,Medios,Diario
2016-09-22,-0.236741032776722,99.7632589672233,Medios,Diario
2016-09-23,-0.0420248316125435,99.9579751683875,Medios,Diario
2016-09-24,-0.16117191639171,99.8388280836083,Medios,Diario
2016-09-25,-0.876618577548331,99.1233814224517,Medios,Diario
2016-09-26,-0.314084498441631,99.6859155015584,Medios,Diario
2016-09-27,-0.379839186218793,99.6201608137812,Medios,Diario
2016-09-28,0.0772346294129623,100.077234629413,Medios,Diario
2016-09-29,-0.383731273439956,99.6162687265601,Medios,Diario
2016-09-30,-0.138418618687253,99.8615813813127,Medios,Diario
2016-10-01,0.297076249979891,100.29707624998,Medios,Diario
2016-10-02,0.0993329053062674,100.099332905306,Medios,Diario
2016-10-03,-0.4925764414955,99.5074235585045,Medios,Diario
2016-10-04,-0.650572876847263,99.3494271231527,Medios,Diario
2016-10-05,-0.0911481524859782,99.908851847514,Medios,Diario
2016-10-06,-0.642027997673631,99.3579720023264,Medios,Diario
2016-10-07,-0.306997999527612,99.6930020004724,Medios,Diario
2016-10-08,-0.111687459166593,99.8883125408334,Medios,Diario
2016-10-09,-0.0272984986787867,99.9727015013212,Medios,Diario
2016-10-10,-0.0947209782883482,99.9052790217117,Medios,Diario
2016-10-11,-0.437535647522755,99.5624643524773,Medios,Diario
2016-10-12,-0.713831806857296,99.2861681931427,Medios,Diario
2016-10-13,-0.392302041880106,99.6076979581199,Medios,Diario
2016-10-14,-0.893120913064149,99.1068790869359,Medios,Diario
2016-10-15,-0.640621940136816,99.3593780598632,Medios,Diario
2016-10-16,0.10158366595879,100.101583665959,Medios,Diario
2016-10-17,-0.157540741626901,99.8424592583731,Medios,Diario
2016-10-18,-0.354305331063252,99.6456946689367,Medios,Diario
2016-10-19,-0.193271323952395,99.8067286760476,Medios,Diario
2016-10-20,-0.626898882563623,99.3731011174364,Medios,Diario
2016-10-21,-0.855426817856396,99.1445731821436,Medios,Diario
2016-10-22,-0.412995955412379,99.5870040445876,Medios,Diario
2016-10-23,-0.841005424484128,99.1589945755159,Medios,Diario
2016-10-24,-0.910862004981671,99.0891379950183,Medios,Diario
2016-10-25,-0.51575751523594,99.4842424847641,Medios,Diario
2016-10-26,-0.454479470940733,99.5455205290593,Medios,Diario
2016-10-27,-0.75234045899553,99.2476595410045,Medios,Diario
2016-10-28,-0.151920222927034,99.848079777073,Medios,Diario
2016-10-29,-1.0385205046442,98.9614794953558,Medios,Diario
2016-10-30,0.186679275362666,100.186679275363,Medios,Diario
2016-10-31,-0.796413886467519,99.2035861135325,Medios,Diario
2016-11-01,-0.235356652824531,99.7646433471755,Medios,Diario
2016-11-02,-0.653646667607189,99.3463533323928,Medios,Diario
2016-11-03,-0.592086396401246,99.4079136035988,Medios,Diario
2016-11-04,-0.605859801728177,99.3941401982718,Medios,Diario
2016-11-05,-0.608159262374235,99.3918407376258,Medios,Diario
2016-11-06,-0.220638906059801,99.7793610939402,Medios,Diario
2016-11-07,-0.423910989758061,99.5760890102419,Medios,Diario
2016-11-08,-0.140571231254512,99.8594287687455,Medios,Diario
2016-11-09,-0.123477361748139,99.8765226382519,Medios,Diario
2016-11-10,-0.0394592008411617,99.9605407991588,Medios,Diario
2016-11-11,-0.43318704990664,99.5668129500934,Medios,Diario
2016-11-12,-0.813713456644194,99.1862865433558,Medios,Diario
2016-11-13,-0.0582393737941232,99.9417606262059,Medios,Diario
2016-11-14,-0.622098637760907,99.3779013622391,Medios,Diario
2016-11-15,-0.327991423333494,99.6720085766665,Medios,Diario
2016-11-16,-0.466390905541384,99.5336090944586,Medios,Diario
2016-11-17,-0.0552834517661397,99.9447165482339,Medios,Diario
2016-11-18,-0.679697169339437,99.3203028306606,Medios,Diario
2016-11-19,-1.07983432109599,98.920165678904,Medios,Diario
2016-11-20,0.262326614487247,100.262326614487,Medios,Diario
2016-11-21,-0.777194819317059,99.2228051806829,Medios,Diario
2016-11-22,-0.2003311218454,99.7996688781546,Medios,Diario
2016-11-23,-0.15310138284033,99.8468986171597,Medios,Diario
2016-11-24,-0.691778605260606,99.3082213947394,Medios,Diario
2016-11-25,-0.274979822110883,99.7250201778891,Medios,Diario
2016-11-26,-0.649349530893386,99.3506504691066,Medios,Diario
2016-11-27,-0.528520145545337,99.4714798544547,Medios,Diario
2016-11-28,-0.929615834461125,99.0703841655389,Medios,Diario
2016-11-29,-0.160048772364013,99.839951227636,Medios,Diario
2016-11-30,0.166539528524404,100.166539528524,Medios,Diario
2016-12-01,-0.148296865650453,99.8517031343496,Medios,Diario
2016-12-02,-0.232910169869766,99.7670898301302,Medios,Diario
2016-12-03,-0.0429577825321958,99.9570422174678,Medios,Diario
2016-12-04,-0.0262164894185416,99.9737835105815,Medios,Diario
2016-12-05,-0.616025729982004,99.383974270018,Medios,Diario
2016-12-06,-0.129829268669955,99.8701707313301,Medios,Diario
2016-12-07,-0.532975812533425,99.4670241874666,Medios,Diario
2016-12-08,-1.20886883736941,98.7911311626306,Medios,Diario
2016-12-09,-0.511881450694753,99.4881185493053,Medios,Diario
2016-12-10,-0.712557513845832,99.2874424861542,Medios,Diario
2016-12-11,-0.814223393916051,99.185776606084,Medios,Diario
2016-12-12,-0.526220941837653,99.4737790581624,Medios,Diario
2016-12-13,-0.211226592823567,99.7887734071764,Medios,Diario
2016-12-14,-0.564766946709993,99.43523305329,Medios,Diario
2016-12-15,-0.301295753125993,99.698704246874,Medios,Diario
2016-12-16,-0.175203841355368,99.8247961586446,Medios,Diario
2016-12-17,-0.020755061496645,99.9792449385034,Medios,Diario
2016-12-18,-0.141000269394424,99.8589997306056,Medios,Diario
2016-12-19,-0.983378632220181,99.0166213677798,Medios,Diario
2016-12-20,-0.964450516726397,99.0355494832736,Medios,Diario
2016-12-21,-0.925011617149959,99.07498838285,Medios,Diario
2016-12-22,-0.153672004814179,99.8463279951858,Medios,Diario
2016-12-23,-0.0524943695561968,99.9475056304438,Medios,Diario
2016-12-24,-0.61681836561199,99.383181634388,Medios,Diario
2016-12-25,-0.431773091581123,99.5682269084189,Medios,Diario
2016-12-26,-0.274010586564451,99.7259894134356,Medios,Diario
2016-12-27,-0.326134239816252,99.6738657601838,Medios,Diario
2016-12-28,-0.39544718088597,99.604552819114,Medios,Diario
2016-12-29,-1.06750709227188,98.9324929077281,Medios,Diario
2016-12-30,-0.4791874516435,99.5208125483565,Medios,Diario
2016-12-31,-0.275369675396159,99.7246303246038,Medios,Diario
2017-01-01,-0.766612803034225,99.2333871969658,Medios,Diario
2017-01-02,-0.714596949202479,99.2854030507975,Medios,Diario
2017-01-03,-0.192312273698677,99.8076877263013,Medios,Diario
2017-01-04,0.150095111359822,100.15009511136,Medios,Diario
2017-01-05,0.119728818401484,100.119728818402,Medios,Diario
2017-01-06,-0.216093041650391,99.7839069583496,Medios,Diario
2017-01-07,-0.183931184647401,99.8160688153526,Medios,Diario
2017-01-08,-1.27230833309802,98.727691666902,Medios,Diario
2017-01-09,-0.577682682240678,99.4223173177593,Medios,Diario
2017-01-10,-0.222933382754842,99.7770666172452,Medios,Diario
2017-01-11,-0.0435971856288858,99.9564028143711,Medios,Diario
2017-01-12,-0.564681124105695,99.4353188758943,Medios,Diario
2017-01-13,0.095137040218344,100.095137040218,Medios,Diario
2017-01-14,-0.756615524937481,99.2433844750625,Medios,Diario
2017-01-15,-0.573485108269904,99.4265148917301,Medios,Diario
2017-01-16,-0.795857748181588,99.2041422518184,Medios,Diario
2017-01-17,-0.097945245055387,99.9020547549446,Medios,Diario
2017-01-18,0.139040149365368,100.139040149365,Medios,Diario
2017-01-19,0.294967529869479,100.294967529869,Medios,Diario
2017-01-20,-0.3666591781348,99.6333408218652,Medios,Diario
2017-01-21,-0.921072545604324,99.0789274543957,Medios,Diario
2017-01-22,-0.624499596088645,99.3755004039114,Medios,Diario
2017-01-23,0.0484317177273459,100.048431717727,Medios,Diario
2017-01-24,-0.888536789964333,99.1114632100357,Medios,Diario
2017-01-25,-1.08755925897956,98.9124407410204,Medios,Diario
2017-01-26,-0.75948784001997,99.24051215998,Medios,Diario
2017-01-27,-0.929016457090766,99.0709835429092,Medios,Diario
2017-01-28,-0.415149783738658,99.5848502162614,Medios,Diario
2017-01-29,-0.596857564697713,99.4031424353023,Medios,Diario
2017-01-30,-0.46081371055105,99.539186289449,Medios,Diario
2017-01-31,-0.27621348217331,99.7237865178267,Medios,Diario
2017-02-01,-0.42526910866675,99.5747308913332,Medios,Diario
2017-02-02,-0.8866674605888,99.1133325394112,Medios,Diario
2017-02-03,-0.985102413805231,99.0148975861948,Medios,Diario
2017-02-04,-0.63673973828409,99.3632602617159,Medios,Diario
2017-02-05,-0.760848309365584,99.2391516906344,Medios,Diario
2017-02-06,-0.416542636115801,99.5834573638842,Medios,Diario
2017-02-07,-0.117395131086961,99.882604868913,Medios,Diario
2017-02-08,-0.478124637460299,99.5218753625397,Medios,Diario
2017-02-09,-0.72971272004601,99.270287279954,Medios,Diario
2017-02-10,-0.819158375975194,99.1808416240248,Medios,Diario
2017-02-11,-0.0973965337191844,99.9026034662808,Medios,Diario
2017-02-12,-0.891384401708122,99.1086155982919,Medios,Diario
2017-02-13,-0.0343950993750558,99.9656049006249,Medios,Diario
2017-02-14,0.203471484991315,100.203471484991,Medios,Diario
2017-02-15,0.255344578990778,100.255344578991,Medios,Diario
2017-02-16,0.0320313921740771,100.032031392174,Medios,Diario
2017-02-17,-0.731200919894536,99.2687990801055,Medios,Diario
2017-02-18,-1.10647592331866,98.8935240766813,Medios,Diario
2017-02-19,-0.247724270944024,99.752275729056,Medios,Diario
2017-02-20,-0.500990625112389,99.4990093748876,Medios,Diario
2017-02-21,-0.183850780929634,99.8161492190704,Medios,Diario
2017-02-22,-0.560053633339166,99.4399463666608,Medios,Diario
2017-02-23,-0.516424330443632,99.4835756695564,Medios,Diario
2017-02-24,-0.16960512543077,99.8303948745692,Medios,Diario
2017-02-25,0.178765833091015,100.178765833091,Medios,Diario
2017-02-26,-1.0364898058443,98.9635101941557,Medios,Diario
2017-02-27,-0.258065483471573,99.7419345165284,Medios,Diario
2017-02-28,0.237001457358403,100.237001457358,Medios,Diario
2017-03-01,-0.544986019579629,99.4550139804204,Medios,Diario
2017-03-02,-0.32145338159512,99.6785466184049,Medios,Diario
2017-03-03,-0.915123836724844,99.0848761632752,Medios,Diario
2017-03-04,-0.25633947069223,99.7436605293078,Medios,Diario
2017-03-05,-0.365545984423733,99.6344540155763,Medios,Diario
2017-03-06,-0.490268164642746,99.5097318353573,Medios,Diario
2017-03-07,0.0338371516458519,100.033837151646,Medios,Diario
2017-03-08,-0.540041719882566,99.4599582801174,Medios,Diario
2017-03-09,-0.426579606505312,99.5734203934947,Medios,Diario
2017-03-10,-0.358475305122589,99.6415246948774,Medios,Diario
2017-03-11,-0.609286063856788,99.3907139361432,Medios,Diario
2017-03-12,-0.496528089615787,99.5034719103842,Medios,Diario
2017-03-13,-0.128349437680089,99.8716505623199,Medios,Diario
2017-03-14,-0.376697957345497,99.6233020426545,Medios,Diario
2017-03-15,-1.09182731278711,98.9081726872129,Medios,Diario
2017-03-16,-0.376848786996269,99.6231512130037,Medios,Diario
2017-03-17,-0.152810123000345,99.8471898769997,Medios,Diario
2017-03-18,-0.551179462787166,99.4488205372128,Medios,Diario
2017-03-19,-0.3764703565589,99.6235296434411,Medios,Diario
2017-03-20,-1.1320101134717,98.8679898865283,Medios,Diario
2017-03-21,-0.537954396485173,99.4620456035148,Medios,Diario
2017-03-22,0.125227041183417,100.125227041183,Medios,Diario
2017-03-23,-0.853221328861051,99.1467786711389,Medios,Diario
2017-03-24,-0.556940278817613,99.4430597211824,Medios,Diario
2017-03-25,-1.02277515109483,98.9772248489052,Medios,Diario
2017-03-26,-0.45663863878675,99.5433613612133,Medios,Diario
2017-03-27,-0.63641626467551,99.3635837353245,Medios,Diario
2017-03-28,-0.350302850610141,99.6496971493899,Medios,Diario
2017-03-29,-0.853765983493908,99.1462340165061,Medios,Diario
2017-03-30,-0.902759538851848,99.0972404611482,Medios,Diario
2017-03-31,0.186926163950838,100.186926163951,Medios,Diario
2017-04-01,-0.511557770110606,99.4884422298894,Medios,Diario
2017-04-02,-0.699052740605483,99.3009472593945,Medios,Diario
2017-04-03,-0.638173051016015,99.361826948984,Medios,Diario
2017-04-04,0.0499000338648085,100.049900033865,Medios,Diario
2017-04-05,-0.657565736566628,99.3424342634334,Medios,Diario
2017-04-06,-0.311862007160743,99.6881379928393,Medios,Diario
2017-04-07,-0.476524113769242,99.5234758862308,Medios,Diario
2017-04-08,-0.698115488774195,99.3018845112258,Medios,Diario
2017-04-09,0.48627162115881,100.486271621159,Medios,Diario
2017-04-10,-0.297087242530004,99.70291275747,Medios,Diario
2017-04-11,0.207233626691318,100.207233626691,Medios,Diario
2017-04-12,-0.242947752180724,99.7570522478193,Medios,Diario
2017-04-13,-0.17204207108759,99.8279579289124,Medios,Diario
2017-04-14,-0.351972084713309,99.6480279152867,Medios,Diario
2017-04-15,0.305470002298079,100.305470002298,Medios,Diario
2017-04-16,0.253727577328709,100.253727577329,Medios,Diario
2017-04-17,-0.0619730866385409,99.9380269133615,Medios,Diario
2017-04-18,-0.163792767441056,99.836207232559,Medios,Diario
2017-04-19,-1.00837131507557,98.9916286849244,Medios,Diario
2017-04-20,-0.40338002272093,99.5966199772791,Medios,Diario
2017-04-21,-0.344197937351974,99.655802062648,Medios,Diario
2017-04-22,-0.0857944471980871,99.9142055528019,Medios,Diario
2017-04-23,-0.828633151132688,99.1713668488673,Medios,Diario
2017-04-24,-0.493302218067049,99.506697781933,Medios,Diario
2017-04-25,-0.342433940695933,99.6575660593041,Medios,Diario
2017-04-26,-0.507306812395204,99.4926931876048,Medios,Diario
2017-04-27,-0.231452319194997,99.768547680805,Medios,Diario
2017-04-28,-0.389941109836316,99.6100588901637,Medios,Diario
2017-04-29,-1.52640539828859,98.4735946017114,Medios,Diario
2017-04-30,-0.764173466141754,99.2358265338583,Medios,Diario
2017-05-01,0.326505045236081,100.326505045236,Medios,Diario
2017-05-02,-0.305509100586062,99.6944908994139,Medios,Diario
2017-05-03,-0.373251016845241,99.6267489831548,Medios,Diario
2017-05-04,-0.602896548574047,99.397103451426,Medios,Diario
2017-05-05,0.0597997590149296,100.059799759015,Medios,Diario
2017-05-06,-0.577935154527419,99.4220648454726,Medios,Diario
2017-05-07,-1.15003164458531,98.8499683554147,Medios,Diario
2017-05-08,-0.324825816893673,99.6751741831063,Medios,Diario
2017-05-09,-0.613247037226959,99.386752962773,Medios,Diario
2017-05-10,-0.708986332348326,99.2910136676517,Medios,Diario
2017-05-11,-0.760050177085386,99.2399498229146,Medios,Diario
2017-05-12,-0.456011265166168,99.5439887348338,Medios,Diario
2017-05-13,-0.76754186577217,99.2324581342278,Medios,Diario
2017-05-14,-0.387667306554422,99.6123326934456,Medios,Diario
2017-05-15,-0.52237902318666,99.4776209768133,Medios,Diario
2017-05-16,-0.375142620910983,99.624857379089,Medios,Diario
2017-05-17,-0.432943352607246,99.5670566473928,Medios,Diario
2017-05-18,-1.10449664533763,98.8955033546624,Medios,Diario
2017-05-19,-0.437132935054195,99.5628670649458,Medios,Diario
2017-05-20,-0.748296729885541,99.2517032701145,Medios,Diario
2017-05-21,-0.806968565297767,99.1930314347022,Medios,Diario
2017-05-22,-0.672088689000646,99.3279113109994,Medios,Diario
2017-05-23,-0.910626410079486,99.0893735899205,Medios,Diario
2017-05-24,-0.495350724138776,99.5046492758612,Medios,Diario
2017-05-25,-0.285712392299934,99.7142876077001,Medios,Diario
2017-05-26,-0.102267047856536,99.8977329521435,Medios,Diario
2017-05-27,-0.737879203040431,99.2621207969596,Medios,Diario
2017-05-28,-0.732381321957658,99.2676186780423,Medios,Diario
2017-05-29,-0.395708816056809,99.6042911839432,Medios,Diario
2017-05-30,-0.533896679567494,99.4661033204325,Medios,Diario
2017-05-31,-0.304165277523953,99.6958347224761,Medios,Diario
2017-06-01,-0.48676714572475,99.5132328542753,Medios,Diario
2017-06-02,-0.769536320871026,99.230463679129,Medios,Diario
2017-06-03,0.237520758740761,100.237520758741,Medios,Diario
2017-06-04,-0.5937527807774,99.4062472192226,Medios,Diario
2017-06-05,-0.446346441086637,99.5536535589134,Medios,Diario
2017-06-06,-0.502082837310176,99.4979171626898,Medios,Diario
2017-06-07,-0.176122482826533,99.8238775171735,Medios,Diario
2017-06-08,-0.831439644074112,99.1685603559259,Medios,Diario
2017-06-09,-1.03718115898018,98.9628188410198,Medios,Diario
2017-06-10,-0.534709163165461,99.4652908368345,Medios,Diario
2017-06-11,0.408099079528507,100.408099079529,Medios,Diario
2017-06-12,-0.58734279994825,99.4126572000518,Medios,Diario
2017-06-13,-0.947396156901934,99.0526038430981,Medios,Diario
2017-06-14,-0.675076431282378,99.3249235687176,Medios,Diario
2017-06-15,-0.464553134508392,99.5354468654916,Medios,Diario
2017-06-16,-0.502312605116018,99.497687394884,Medios,Diario
2017-06-17,-0.976109539612789,99.0238904603872,Medios,Diario
2017-06-18,-0.328242885619328,99.6717571143807,Medios,Diario
2017-06-19,-0.338777798663786,99.6612222013362,Medios,Diario
2017-06-20,-0.361429081752654,99.6385709182474,Medios,Diario
2017-06-21,-0.8319136143581,99.1680863856419,Medios,Diario
2017-06-22,-0.660581522963714,99.3394184770363,Medios,Diario
2017-06-23,-0.359734899143972,99.640265100856,Medios,Diario
2017-06-24,-0.774111088798279,99.2258889112017,Medios,Diario
2017-06-25,-0.967198882086099,99.0328011179139,Medios,Diario
2017-06-26,-0.727856316013546,99.2721436839865,Medios,Diario
2017-06-27,-0.876982756298193,99.1230172437018,Medios,Diario
2017-06-28,-1.1121552218029,98.8878447781971,Medios,Diario
2017-06-29,-0.439614170352943,99.5603858296471,Medios,Diario
2017-06-30,-0.17691968546277,99.8230803145372,Medios,Diario
2017-07-01,-0.52549987722382,99.4745001227762,Medios,Diario
2017-07-02,-0.675110641221581,99.3248893587784,Medios,Diario
2017-07-03,-0.46070453233661,99.5392954676634,Medios,Diario
2017-07-04,-0.845222379354612,99.1547776206454,Medios,Diario
2017-07-05,-0.37310940273788,99.6268905972621,Medios,Diario
2017-07-06,-0.57781438244877,99.4221856175512,Medios,Diario
2017-07-07,-0.731075942316582,99.2689240576834,Medios,Diario
2017-07-08,-0.87057195383727,99.1294280461627,Medios,Diario
2017-07-09,-1.22045869439466,98.7795413056054,Medios,Diario
2017-07-10,-0.668800298520834,99.3311997014792,Medios,Diario
2017-07-11,-0.939394922720654,99.0606050772794,Medios,Diario
2017-07-12,-0.968051226537158,99.0319487734629,Medios,Diario
2017-07-13,-0.321631726037372,99.6783682739626,Medios,Diario
2017-07-14,-0.502916226329408,99.4970837736706,Medios,Diario
2017-07-15,-1.08911500358924,98.9108849964108,Medios,Diario
2017-07-16,-1.6094524680751,98.3905475319249,Medios,Diario
2017-07-17,-0.545949297188141,99.4540507028119,Medios,Diario
2017-07-18,-0.598365141835672,99.4016348581643,Medios,Diario
2017-07-19,-0.959944095943179,99.0400559040568,Medios,Diario
2017-07-20,-0.671395693666647,99.3286043063334,Medios,Diario
2017-07-21,-0.399635692639906,99.6003643073601,Medios,Diario
2017-07-22,-1.27262728370731,98.7273727162927,Medios,Diario
2017-07-23,-1.03335875968571,98.9666412403143,Medios,Diario
2017-07-24,-0.633988025799644,99.3660119742004,Medios,Diario
2017-07-25,-0.304302087342377,99.6956979126576,Medios,Diario
2017-07-26,-0.500384750570082,99.4996152494299,Medios,Diario
2017-07-27,-0.637620427325172,99.3623795726748,Medios,Diario
2017-07-28,-0.511887824455379,99.4881121755446,Medios,Diario
2017-07-29,-0.583130971117194,99.4168690288828,Medios,Diario
2017-07-30,-0.647034980728747,99.3529650192713,Medios,Diario
2017-07-31,-0.402058971213137,99.5979410287869,Medios,Diario
2017-08-01,-0.338248087299662,99.6617519127003,Medios,Diario
2017-08-02,-0.477794607395534,99.5222053926045,Medios,Diario
2017-08-03,-0.179083851145011,99.820916148855,Medios,Diario
2017-08-04,-0.273539489474394,99.7264605105256,Medios,Diario
2017-08-05,-0.267335327828723,99.7326646721713,Medios,Diario
2017-08-06,-0.92729521104712,99.0727047889529,Medios,Diario
2017-08-07,-0.181406579933512,99.8185934200665,Medios,Diario
2017-08-08,-0.60741986189198,99.392580138108,Medios,Diario
2017-08-09,-0.748023229071206,99.2519767709288,Medios,Diario
2017-08-10,-1.17336520975354,98.8266347902465,Medios,Diario
2017-08-11,-0.873876843440111,99.1261231565599,Medios,Diario
2017-08-12,-0.744524911955151,99.2554750880448,Medios,Diario
2017-08-13,-0.3876158113269,99.6123841886731,Medios,Diario
2017-08-14,-0.71863555866509,99.2813644413349,Medios,Diario
2017-08-15,0.0974435864828888,100.097443586483,Medios,Diario
2017-08-16,0.897592335285872,100.897592335286,Medios,Diario
2017-08-17,-0.0317449306579456,99.9682550693421,Medios,Diario
2017-08-18,-0.544658069401935,99.4553419305981,Medios,Diario
2017-08-19,-0.2913188596194,99.7086811403806,Medios,Diario
2017-08-20,-0.747630762648873,99.2523692373511,Medios,Diario
2017-08-21,-0.321998912601864,99.6780010873981,Medios,Diario
2017-08-22,-0.321820911597795,99.6781790884022,Medios,Diario
2017-08-23,-0.36891522654484,99.6310847734552,Medios,Diario
2017-08-24,-0.0137467669730194,99.986253233027,Medios,Diario
2017-08-25,-0.250969187147362,99.7490308128526,Medios,Diario
2017-08-26,-0.252436675742866,99.7475633242571,Medios,Diario
2017-08-27,-0.903940497987909,99.0960595020121,Medios,Diario
2017-08-28,-0.0678996032774341,99.9321003967226,Medios,Diario
2017-08-29,-0.605968657854235,99.3940313421458,Medios,Diario
2017-08-30,-0.247313086574303,99.7526869134257,Medios,Diario
2017-08-31,-0.412676135174195,99.5873238648258,Medios,Diario
2017-09-01,-0.482209563121031,99.517790436879,Medios,Diario
2017-09-02,-0.168652464896367,99.8313475351036,Medios,Diario
2017-09-03,-1.22035378487036,98.7796462151297,Medios,Diario
2017-09-04,-0.313912645996723,99.6860873540033,Medios,Diario
2017-09-05,-0.330488605395027,99.669511394605,Medios,Diario
2017-09-06,-0.522986688529134,99.4770133114709,Medios,Diario
2017-09-07,-0.370103734615905,99.6298962653841,Medios,Diario
2017-09-08,-0.62156595575977,99.3784340442402,Medios,Diario
2017-09-09,-1.08690032504035,98.9130996749596,Medios,Diario
2017-09-10,-1.28955936790294,98.7104406320971,Medios,Diario
2017-09-11,-0.84453180428039,99.1554681957196,Medios,Diario
2017-09-12,-0.454076908292358,99.5459230917076,Medios,Diario
2017-09-13,-0.3688466592802,99.6311533407198,Medios,Diario
2017-09-14,-0.686479983073958,99.3135200169261,Medios,Diario
2017-09-15,-0.166573341113167,99.8334266588869,Medios,Diario
2017-09-16,-0.197573401547918,99.8024265984521,Medios,Diario
2017-09-17,-0.0717458304408834,99.9282541695591,Medios,Diario
2017-09-18,-0.965679898285137,99.0343201017149,Medios,Diario
2017-09-19,-0.653579670098854,99.3464203299012,Medios,Diario
2017-09-20,-0.734768605297879,99.2652313947021,Medios,Diario
2017-09-21,-0.456083981153089,99.5439160188469,Medios,Diario
2017-09-22,-0.194993503610092,99.8050064963899,Medios,Diario
2017-09-23,-0.27644659207979,99.7235534079202,Medios,Diario
2017-09-24,-0.981975528930206,99.0180244710698,Medios,Diario
2017-09-25,-0.202812709504204,99.7971872904958,Medios,Diario
2017-09-26,-0.0369056049429678,99.963094395057,Medios,Diario
2017-09-27,-0.62060208062672,99.3793979193733,Medios,Diario
2017-09-28,-0.639041799551563,99.3609582004484,Medios,Diario
2017-09-29,-0.316067471804889,99.6839325281951,Medios,Diario
2017-09-30,-0.386111550888388,99.6138884491116,Medios,Diario
2017-10-01,-0.135872576270154,99.8641274237298,Medios,Diario
2017-10-02,-0.751534777491053,99.248465222509,Medios,Diario
2017-10-03,-0.183051617648465,99.8169483823516,Medios,Diario
2017-10-04,-0.554971441793488,99.4450285582065,Medios,Diario
2017-10-05,-0.391863638585419,99.6081363614146,Medios,Diario
2017-10-06,0.111598727444435,100.111598727444,Medios,Diario
2017-10-07,-0.715062650418229,99.2849373495818,Medios,Diario
2017-10-08,-0.410325923074242,99.5896740769258,Medios,Diario
2017-10-09,-0.205718067921708,99.7942819320783,Medios,Diario
2017-10-10,-0.41570964579291,99.5842903542071,Medios,Diario
2017-10-11,-0.56086587428562,99.4391341257144,Medios,Diario
2017-10-12,0.0965997776430593,100.096599777643,Medios,Diario
2017-10-13,-0.354745405892539,99.6452545941075,Medios,Diario
2017-10-14,-0.0700236531237146,99.9299763468763,Medios,Diario
2017-10-15,0.0898481843986349,100.089848184399,Medios,Diario
2017-10-16,-0.685810140272658,99.3141898597273,Medios,Diario
2017-10-17,-0.118596892923709,99.8814031070763,Medios,Diario
2017-10-18,-0.358958736570682,99.6410412634293,Medios,Diario
2017-10-19,-0.767250220602328,99.2327497793977,Medios,Diario
2017-10-20,-0.903432222125826,99.0965677778742,Medios,Diario
2017-10-21,-0.241499159337495,99.7585008406625,Medios,Diario
2017-10-22,0.096372591352022,100.096372591352,Medios,Diario
2017-10-23,-0.481655658195208,99.5183443418048,Medios,Diario
2017-10-24,-0.657196648648148,99.3428033513518,Medios,Diario
2017-10-25,-0.706290058952789,99.2937099410472,Medios,Diario
2017-10-26,-0.646313556734736,99.3536864432653,Medios,Diario
2017-10-27,-0.662996216097806,99.3370037839022,Medios,Diario
2017-10-28,-0.395627819015314,99.6043721809847,Medios,Diario
2017-10-29,0.0558630114903885,100.05586301149,Medios,Diario
2017-10-30,-0.210364861363586,99.7896351386364,Medios,Diario
2017-10-31,-0.664354397470284,99.3356456025297,Medios,Diario
2017-11-01,-0.977409144080998,99.022590855919,Medios,Diario
2017-11-02,-0.359846885896915,99.6401531141031,Medios,Diario
2017-11-03,-0.594257684190634,99.4057423158094,Medios,Diario
2017-11-04,-0.468501149103552,99.5314988508965,Medios,Diario
2017-11-05,0.376823091133236,100.376823091133,Medios,Diario
2017-11-06,-0.31137215014207,99.6886278498579,Medios,Diario
2017-11-07,-1.25056884112848,98.7494311588715,Medios,Diario
2017-11-08,-0.275843775358331,99.7241562246417,Medios,Diario
2017-11-09,-0.0895916839285348,99.9104083160715,Medios,Diario
2017-11-10,-0.761850976466947,99.2381490235331,Medios,Diario
2017-11-11,-0.310148523770876,99.6898514762291,Medios,Diario
2017-11-12,-0.771479001182971,99.228520998817,Medios,Diario
2017-11-13,-0.263533405756504,99.7364665942435,Medios,Diario
2017-11-14,-0.280138554472082,99.7198614455279,Medios,Diario
2017-11-15,-0.18989990536356,99.8101000946365,Medios,Diario
2017-11-16,0.0386536169666673,100.038653616967,Medios,Diario
2017-11-17,-0.0389153606712517,99.9610846393288,Medios,Diario
2017-11-18,-0.726492461141631,99.2735075388584,Medios,Diario
2017-11-19,-1.71688521134796,98.283114788652,Medios,Diario
2017-11-20,-1.10988009709574,98.8901199029043,Medios,Diario
2017-11-21,-0.751891224120271,99.2481087758797,Medios,Diario
2017-11-22,0.00470044356591146,100.004700443566,Medios,Diario
2017-11-23,-0.784583398800394,99.2154166011996,Medios,Diario
2017-11-24,0.241976019440532,100.241976019441,Medios,Diario
2017-11-25,-0.698323757053341,99.3016762429467,Medios,Diario
2017-11-26,-0.198391455138906,99.8016085448611,Medios,Diario
2017-11-27,-0.21588291726658,99.7841170827334,Medios,Diario
2017-11-28,-0.533738226526977,99.466261773473,Medios,Diario
2017-11-29,-0.587002270240201,99.4129977297598,Medios,Diario
2017-11-30,0.0353808516363199,100.035380851636,Medios,Diario
2017-12-01,-0.151396996812342,99.8486030031877,Medios,Diario
2017-12-02,-0.48053748455825,99.5194625154418,Medios,Diario
2017-12-03,-0.597243451588442,99.4027565484116,Medios,Diario
2017-12-04,-0.580547301679833,99.4194526983202,Medios,Diario
2017-12-05,-0.2989085120255,99.7010914879745,Medios,Diario
2017-12-06,-0.186461481365085,99.8135385186349,Medios,Diario
2017-12-07,-0.520850701237263,99.4791492987627,Medios,Diario
2017-12-08,-0.0868542294164205,99.9131457705836,Medios,Diario
2017-12-09,-0.645090842569959,99.35490915743,Medios,Diario
2017-12-10,-0.637679372516513,99.3623206274835,Medios,Diario
2017-12-11,-0.551022640152218,99.4489773598478,Medios,Diario
2017-12-12,-0.184567491956622,99.8154325080434,Medios,Diario
2017-12-13,-0.218927005303615,99.7810729946964,Medios,Diario
2017-12-14,-0.508516285592883,99.4914837144071,Medios,Diario
2017-12-15,-0.866856429881533,99.1331435701185,Medios,Diario
2017-12-16,-1.43797521677982,98.5620247832202,Medios,Diario
2017-12-17,-1.45785814841418,98.5421418515858,Medios,Diario
2017-12-18,-0.261931209425697,99.7380687905743,Medios,Diario
2017-12-19,-0.026864173089783,99.9731358269102,Medios,Diario
2017-12-20,-0.440472780024549,99.5595272199755,Medios,Diario
2017-12-21,0.0118802662784582,100.011880266278,Medios,Diario
2017-12-22,-0.215403546987233,99.7845964530128,Medios,Diario
2017-12-23,-0.960863635451016,99.039136364549,Medios,Diario
2017-12-24,-0.92575477147475,99.0742452285253,Medios,Diario
2017-12-25,0.124476904646958,100.124476904647,Medios,Diario
2017-12-26,-0.261967662979734,99.7380323370203,Medios,Diario
2017-12-27,-0.228246065755327,99.7717539342447,Medios,Diario
2017-12-28,-0.386976115823731,99.6130238841763,Medios,Diario
2017-12-29,-0.632721518918638,99.3672784810814,Medios,Diario
2017-12-30,0.0882680356597124,100.08826803566,Medios,Diario
2017-12-31,-1.23032535551667,98.7696746444833,Medios,Diario
2018-01-01,-0.507785983380016,99.49221401662,Medios,Diario
2018-01-02,-0.544275974893461,99.4557240251065,Medios,Diario
2018-01-03,-0.239656742198822,99.7603432578012,Medios,Diario
2018-01-04,-0.556148890144177,99.4438511098558,Medios,Diario
2018-01-05,-0.230527907392648,99.7694720926074,Medios,Diario
2018-01-06,0.134136974016885,100.134136974017,Medios,Diario
2018-01-07,-0.425013923919314,99.5749860760807,Medios,Diario
2018-01-08,-0.540815785994252,99.4591842140058,Medios,Diario
2018-01-09,-0.773307645546895,99.2266923544531,Medios,Diario
2018-01-10,-0.485888978883958,99.514111021116,Medios,Diario
2018-01-11,0.00194894594912927,100.001948945949,Medios,Diario
2018-01-12,-0.547837284249534,99.4521627157505,Medios,Diario
2018-01-13,-0.396130898411728,99.6038691015883,Medios,Diario
2018-01-14,-0.00239124196655415,99.9976087580335,Medios,Diario
2018-01-15,-0.486941967315312,99.5130580326847,Medios,Diario
2018-01-16,-0.602703502518916,99.3972964974811,Medios,Diario
2018-01-17,-0.593081912471868,99.4069180875281,Medios,Diario
2018-01-18,-1.14841298575054,98.8515870142495,Medios,Diario
2018-01-19,-0.745853163976491,99.2541468360235,Medios,Diario
2018-01-20,-0.736857393397894,99.2631426066021,Medios,Diario
2018-01-21,-0.202066110184259,99.7979338898157,Medios,Diario
2018-01-22,-0.946588018693682,99.0534119813063,Medios,Diario
2018-01-23,-0.310005892437769,99.6899941075622,Medios,Diario
2018-01-24,0.222656153855981,100.222656153856,Medios,Diario
2018-01-25,-0.398365983898751,99.6016340161012,Medios,Diario
2018-01-26,-0.387873003492627,99.6121269965074,Medios,Diario
2018-01-27,-0.377338117068471,99.6226618829315,Medios,Diario
2018-01-28,-1.45765628998,98.54234371002,Medios,Diario
2018-01-29,-0.19690664249261,99.8030933575074,Medios,Diario
2018-01-30,-0.680456019711581,99.3195439802884,Medios,Diario
2018-01-31,-0.811630350264265,99.1883696497357,Medios,Diario
2018-02-01,-0.754265590445543,99.2457344095545,Medios,Diario
2018-02-02,-0.935745439846959,99.0642545601531,Medios,Diario
2018-02-03,-1.34273126118366,98.6572687388163,Medios,Diario
2018-02-04,-0.958978623461285,99.0410213765387,Medios,Diario
2018-02-05,-0.816039631905491,99.1839603680945,Medios,Diario
2018-02-06,-1.34635229865356,98.6536477013465,Medios,Diario
2018-02-07,-0.787608608562464,99.2123913914375,Medios,Diario
2018-02-08,-0.511872278303904,99.4881277216961,Medios,Diario
2018-02-09,-0.679739128983985,99.320260871016,Medios,Diario
2018-02-10,-0.449065400674406,99.5509345993256,Medios,Diario
2018-02-11,-1.22098066217209,98.7790193378279,Medios,Diario
2018-02-12,-0.673285788287757,99.3267142117123,Medios,Diario
2018-02-13,-0.961363642898403,99.0386363571016,Medios,Diario
2018-02-14,-0.490643407611009,99.509356592389,Medios,Diario
2018-02-15,-0.691740763830878,99.3082592361691,Medios,Diario
2018-02-16,-0.738689191645932,99.2613108083541,Medios,Diario
2018-02-17,-0.285628712078787,99.7143712879212,Medios,Diario
2018-02-18,-0.407709831486883,99.5922901685131,Medios,Diario
2018-02-19,-0.696653824833892,99.3033461751661,Medios,Diario
2018-02-20,-0.294582098859841,99.7054179011402,Medios,Diario
2018-02-21,-0.338240231779106,99.6617597682209,Medios,Diario
2018-02-22,-0.708625275233397,99.2913747247666,Medios,Diario
2018-02-23,0.0540258352649917,100.054025835265,Medios,Diario
2018-02-24,-0.850424675957412,99.1495753240426,Medios,Diario
2018-02-25,-0.825716119671003,99.174283880329,Medios,Diario
2018-02-26,-0.363239101799754,99.6367608982003,Medios,Diario
2018-02-27,-0.680341151401175,99.3196588485988,Medios,Diario
2018-02-28,-0.455793654928382,99.5442063450716,Medios,Diario
2018-03-01,-0.403559662972849,99.5964403370272,Medios,Diario
2018-03-02,0.00565748681879411,100.005657486819,Medios,Diario
2018-03-03,-0.803234938568594,99.1967650614314,Medios,Diario
2018-03-04,-0.631132142830954,99.3688678571691,Medios,Diario
2018-03-05,-0.383748923524797,99.6162510764752,Medios,Diario
2018-03-06,-0.453908623592708,99.5460913764073,Medios,Diario
2018-03-07,-0.685945090139172,99.3140549098608,Medios,Diario
2018-03-08,-0.551816577102607,99.4481834228974,Medios,Diario
2018-03-09,-0.540474784997287,99.4595252150027,Medios,Diario
2018-03-10,-0.388759611244886,99.6112403887551,Medios,Diario
2018-03-11,-0.57629734556858,99.4237026544314,Medios,Diario
2018-03-12,-0.96611425468028,99.0338857453197,Medios,Diario
2018-03-13,-0.726178542139822,99.2738214578602,Medios,Diario
2018-03-14,-0.243290591336954,99.756709408663,Medios,Diario
2018-03-15,-0.45431288920998,99.54568711079,Medios,Diario
2018-03-16,-0.284648010298242,99.7153519897018,Medios,Diario
2018-03-17,-0.692291930049487,99.3077080699505,Medios,Diario
2018-03-18,-0.374417410088612,99.6255825899114,Medios,Diario
2018-03-19,-0.515249494975524,99.4847505050245,Medios,Diario
2018-03-20,-0.263142183236103,99.7368578167639,Medios,Diario
2018-03-21,-0.3354285901723,99.6645714098277,Medios,Diario
2018-03-22,0.00992315832719825,100.009923158327,Medios,Diario
2018-03-23,-0.081879646277528,99.9181203537225,Medios,Diario
2018-03-24,-0.248198391203643,99.7518016087964,Medios,Diario
2018-03-25,-0.50084822452699,99.499151775473,Medios,Diario
2018-03-26,-0.363142636109365,99.6368573638907,Medios,Diario
2018-03-27,0.306331915074707,100.306331915075,Medios,Diario
2018-03-28,-0.586151114783529,99.4138488852165,Medios,Diario
2018-03-29,-0.112653094808904,99.8873469051911,Medios,Diario
2018-03-30,0.944835812610212,100.94483581261,Medios,Diario
2018-03-31,0.237710259551727,100.237710259552,Medios,Diario
2018-04-01,0.0853631918806063,100.085363191881,Medios,Diario
2018-04-02,-0.598010510490082,99.4019894895099,Medios,Diario
2018-04-03,-0.40658726587632,99.5934127341237,Medios,Diario
2018-04-04,-0.166445696785402,99.8335543032146,Medios,Diario
2018-04-05,-0.183056797888809,99.8169432021112,Medios,Diario
2018-04-06,-0.375863663269347,99.6241363367307,Medios,Diario
2018-04-07,-0.161831685775437,99.8381683142246,Medios,Diario
2018-04-08,-0.29343580759925,99.7065641924008,Medios,Diario
2018-04-09,-0.128619821503959,99.871380178496,Medios,Diario
2018-04-10,-0.241038161579618,99.7589618384204,Medios,Diario
2018-04-11,0.0166297383489862,100.016629738349,Medios,Diario
2018-04-12,0.195191935633145,100.195191935633,Medios,Diario
2018-04-13,-0.209107340511749,99.7908926594883,Medios,Diario
2018-04-14,0.20502687744292,100.205026877443,Medios,Diario
2018-04-15,0.354545814064461,100.354545814064,Medios,Diario
2018-04-16,-0.0398892545978164,99.9601107454022,Medios,Diario
2018-04-17,-0.122079194364568,99.8779208056354,Medios,Diario
2018-04-18,0.532071872721873,100.532071872722,Medios,Diario
2018-04-19,-0.126885394350614,99.8731146056494,Medios,Diario
2018-04-20,-0.177929172086349,99.8220708279137,Medios,Diario
2018-04-21,0.104814937930007,100.10481493793,Medios,Diario
2018-04-22,0.0615403098693799,100.061540309869,Medios,Diario
2018-04-23,-0.312927670018744,99.6870723299813,Medios,Diario
2018-04-24,-0.370634466554958,99.6293655334451,Medios,Diario
2018-04-25,0.141726737861625,100.141726737862,Medios,Diario
2018-04-26,-0.473120881353687,99.5268791186463,Medios,Diario
2018-04-27,-0.247073184762128,99.7529268152379,Medios,Diario
2018-04-28,-0.0890744904467696,99.9109255095532,Medios,Diario
2018-04-29,-0.547557264200821,99.4524427357992,Medios,Diario
2018-04-30,-1.27217290604179,98.7278270939582,Medios,Diario
2018-05-01,0.000695405161438067,100.000695405161,Medios,Diario
2018-05-02,-0.2990799325168,99.7009200674832,Medios,Diario
2018-05-03,-0.520699599454626,99.4793004005454,Medios,Diario
2018-05-04,-0.21653842614635,99.7834615738537,Medios,Diario
2018-05-05,-0.600090774672199,99.3999092253278,Medios,Diario
2018-05-06,-0.488349624847477,99.5116503751525,Medios,Diario
2018-05-07,-0.335848272223911,99.6641517277761,Medios,Diario
2018-05-08,-0.458328654783369,99.5416713452166,Medios,Diario
2018-05-09,-0.0292934817721737,99.9707065182278,Medios,Diario
2018-05-10,0.237019314904746,100.237019314905,Medios,Diario
2018-05-11,-0.302196604684967,99.697803395315,Medios,Diario
2018-05-12,0.0475139140398396,100.04751391404,Medios,Diario
2018-05-13,-0.175173669852264,99.8248263301477,Medios,Diario
2018-05-14,-0.10753818040676,99.8924618195932,Medios,Diario
2018-05-15,-0.0688795314670106,99.931120468533,Medios,Diario
2018-05-16,0.186056850486737,100.186056850487,Medios,Diario
2018-05-17,-0.4369556026589,99.5630443973411,Medios,Diario
2018-05-18,-0.659568684051702,99.3404313159483,Medios,Diario
2018-05-19,-0.316339512955243,99.6836604870448,Medios,Diario
2018-05-20,-0.343448667958658,99.6565513320414,Medios,Diario
2018-05-21,-0.654603312309783,99.3453966876902,Medios,Diario
2018-05-22,-0.629827628435072,99.3701723715649,Medios,Diario
2018-05-23,0.0909370692053432,100.090937069205,Medios,Diario
2018-05-24,-0.00539212353046912,99.9946078764695,Medios,Diario
2018-05-25,-0.656091835192224,99.3439081648078,Medios,Diario
2018-05-26,-1.15758206692357,98.8424179330764,Medios,Diario
2018-05-27,-0.420770746154669,99.5792292538453,Medios,Diario
2018-05-28,-0.471916410833536,99.5280835891665,Medios,Diario
2018-05-29,-0.634734021890619,99.3652659781094,Medios,Diario
2018-05-30,-0.20811148822128,99.7918885117787,Medios,Diario
2018-05-31,-0.738361558412425,99.2616384415876,Medios,Diario
2018-06-01,-0.463221381835407,99.5367786181646,Medios,Diario
2018-06-02,-1.56440298095093,98.4355970190491,Medios,Diario
2018-06-03,-0.0128102023257784,99.9871897976742,Medios,Diario
2018-06-04,-0.869941378868661,99.1300586211313,Medios,Diario
2018-06-05,-0.373458144270136,99.6265418557299,Medios,Diario
2018-06-06,0.0913757337195094,100.09137573372,Medios,Diario
2018-06-07,-0.617209823861264,99.3827901761387,Medios,Diario
2018-06-08,-0.644633276542438,99.3553667234576,Medios,Diario
2018-06-09,0.0402102770091054,100.040210277009,Medios,Diario
2018-06-10,-0.471947825691439,99.5280521743086,Medios,Diario
2018-06-11,-0.91435350592176,99.0856464940782,Medios,Diario
2018-06-12,-0.54393700776917,99.4560629922308,Medios,Diario
2018-06-13,-0.584125770563532,99.4158742294365,Medios,Diario
2018-06-14,-0.585448520532994,99.414551479467,Medios,Diario
2018-06-15,-0.283178083613968,99.716821916386,Medios,Diario
2018-06-16,-0.422616735225689,99.5773832647743,Medios,Diario
2018-06-17,-0.212116708831483,99.7878832911685,Medios,Diario
2018-06-18,-0.265404055762857,99.7345959442372,Medios,Diario
2018-06-19,-0.375242997468293,99.6247570025317,Medios,Diario
2018-06-20,-0.269695028568403,99.7303049714316,Medios,Diario
2018-06-21,-0.229505576042922,99.7704944239571,Medios,Diario
2018-06-22,-0.954326772607689,99.0456732273923,Medios,Diario
2018-06-23,-0.179203068033094,99.8207969319669,Medios,Diario
2018-06-24,-0.621995860031813,99.3780041399682,Medios,Diario
2018-06-25,0.141414784557275,100.141414784557,Medios,Diario
2018-06-26,-0.354350831350016,99.64564916865,Medios,Diario
2018-06-27,-0.253127468866972,99.746872531133,Medios,Diario
2018-06-28,-0.691505204648311,99.3084947953517,Medios,Diario
2018-06-29,-0.474595729701869,99.5254042702981,Medios,Diario
2018-06-30,-1.09592871685324,98.9040712831468,Medios,Diario
2018-07-01,-0.293751408454014,99.706248591546,Medios,Diario
2018-07-02,-0.626224872930602,99.3737751270694,Medios,Diario
2018-07-03,-0.691611297771554,99.3083887022284,Medios,Diario
2018-07-04,-0.465688571711925,99.5343114282881,Medios,Diario
2018-07-05,-0.804248085777725,99.1957519142223,Medios,Diario
2018-07-06,-0.562957063210947,99.4370429367891,Medios,Diario
2018-07-07,-0.618248326518009,99.381751673482,Medios,Diario
2018-07-08,-0.939813638587644,99.0601863614124,Medios,Diario
2018-07-09,-0.10500485437438,99.8949951456256,Medios,Diario
2018-07-10,-0.288514138448655,99.7114858615514,Medios,Diario
2018-07-11,-0.0908239058788132,99.9091760941212,Medios,Diario
2018-07-12,-0.0279889491313868,99.9720110508686,Medios,Diario
2018-07-13,-0.675230897067882,99.3247691029321,Medios,Diario
2018-07-14,-0.827817992820451,99.1721820071795,Medios,Diario
2018-07-15,-0.0523370308898854,99.9476629691101,Medios,Diario
2018-07-16,0.150634492890539,100.150634492891,Medios,Diario
2018-07-17,-0.286117278842755,99.7138827211572,Medios,Diario
2018-07-18,-0.349041052312697,99.6509589476873,Medios,Diario
2018-07-19,-0.114613959628549,99.8853860403715,Medios,Diario
2018-07-20,0.0208362585907812,100.020836258591,Medios,Diario
2018-07-21,-0.997190412976439,99.0028095870236,Medios,Diario
2018-07-22,-0.141128332962391,99.8588716670376,Medios,Diario
2018-07-23,-0.158473945979204,99.8415260540208,Medios,Diario
2018-07-24,-0.0419347295481628,99.9580652704518,Medios,Diario
2018-07-25,-0.54028405596918,99.4597159440308,Medios,Diario
2018-07-26,-0.230021370430881,99.7699786295691,Medios,Diario
2018-07-27,-0.746138628009739,99.2538613719903,Medios,Diario
2018-07-28,-0.205691167006852,99.7943088329932,Medios,Diario
2018-07-29,0.174982508166882,100.174982508167,Medios,Diario
2018-07-30,-0.345584210801902,99.6544157891981,Medios,Diario
2018-07-31,-0.286507534074083,99.7134924659259,Medios,Diario
2018-08-01,-0.430661029584744,99.5693389704153,Medios,Diario
2018-08-02,-0.112064219495286,99.8879357805047,Medios,Diario
2018-08-03,-0.877411641835778,99.1225883581642,Medios,Diario
2018-08-04,-1.03973387686146,98.9602661231385,Medios,Diario
2018-08-05,0.415943469752572,100.415943469753,Medios,Diario
2018-08-06,-0.755696994893894,99.2443030051061,Medios,Diario
2018-08-07,-0.405123932708809,99.5948760672912,Medios,Diario
2018-08-08,-0.336492909101484,99.6635070908985,Medios,Diario
2018-08-09,0.457404989229398,100.457404989229,Medios,Diario
2018-08-10,-0.34232197816742,99.6576780218326,Medios,Diario
2018-08-11,-0.389406672458392,99.6105933275416,Medios,Diario
2018-08-12,-0.705699163645407,99.2943008363546,Medios,Diario
2018-08-13,-0.696532873371107,99.3034671266289,Medios,Diario
2018-08-14,0.0412775882426271,100.041277588243,Medios,Diario
2018-08-15,0.360249830968264,100.360249830968,Medios,Diario
2018-08-16,-0.417639314815898,99.5823606851841,Medios,Diario
2018-08-17,-0.361159585304087,99.6388404146959,Medios,Diario
2018-08-18,0.00134667268294801,100.001346672683,Medios,Diario
2018-08-19,-0.278809287109437,99.7211907128906,Medios,Diario
2018-08-20,0.263915673003782,100.263915673004,Medios,Diario
2018-08-21,-0.446772095608837,99.5532279043912,Medios,Diario
2018-08-22,-0.514112623544085,99.4858873764559,Medios,Diario
2018-08-23,-0.626526889488601,99.3734731105114,Medios,Diario
2018-08-24,-0.0950108758471979,99.9049891241528,Medios,Diario
2018-08-25,-0.936968694409713,99.0630313055903,Medios,Diario
2018-08-26,-0.743833404808587,99.2561665951914,Medios,Diario
2018-08-27,-0.712857279502362,99.2871427204977,Medios,Diario
2018-08-28,0.0522433186608996,100.052243318661,Medios,Diario
2018-08-29,-0.292444616240762,99.7075553837593,Medios,Diario
2018-08-30,-0.37837823844102,99.621621761559,Medios,Diario
2018-08-31,-0.612281656739918,99.3877183432601,Medios,Diario
2018-09-01,-0.133855711837682,99.8661442881623,Medios,Diario
2018-09-02,0.416444580326599,100.416444580327,Medios,Diario
2018-09-03,-0.25459650350653,99.7454034964935,Medios,Diario
2018-09-04,-0.410445717290017,99.58955428271,Medios,Diario
2018-09-05,-0.0599977252011862,99.9400022747988,Medios,Diario
2018-09-06,-0.286612874314782,99.7133871256852,Medios,Diario
2018-09-07,-0.58063066864802,99.419369331352,Medios,Diario
2018-09-08,0.0733212640753968,100.073321264075,Medios,Diario
2018-09-09,-0.471781223834939,99.5282187761651,Medios,Diario
2018-09-10,0.311126677902204,100.311126677902,Medios,Diario
2018-09-11,-0.500142924110995,99.499857075889,Medios,Diario
2018-09-12,-0.253802619115323,99.7461973808847,Medios,Diario
2018-09-13,-0.960675044919419,99.0393249550806,Medios,Diario
2018-09-14,-0.814738167455948,99.1852618325441,Medios,Diario
2018-09-15,-0.910070664577658,99.0899293354224,Medios,Diario
2018-09-16,-0.483111720068018,99.516888279932,Medios,Diario
2018-09-17,-1.18039503922079,98.8196049607792,Medios,Diario
2018-09-18,-0.534285844612005,99.465714155388,Medios,Diario
2018-09-19,-0.885720299714557,99.1142797002854,Medios,Diario
2018-09-20,-0.276856925439069,99.723143074561,Medios,Diario
2018-09-21,0.231237371317554,100.231237371318,Medios,Diario
2018-09-22,-0.206130773059388,99.7938692269406,Medios,Diario
2018-09-23,-0.285148537348477,99.7148514626515,Medios,Diario
2018-09-24,-0.803501136613672,99.1964988633863,Medios,Diario
2018-09-25,-0.0291518158440331,99.970848184156,Medios,Diario
2018-09-26,0.130959245837094,100.130959245837,Medios,Diario
2018-09-27,0.150080747946587,100.150080747947,Medios,Diario
2018-09-28,-0.581543281367141,99.4184567186329,Medios,Diario
2018-09-29,-1.28605739736201,98.713942602638,Medios,Diario
2018-09-30,-0.400737577102487,99.5992624228975,Medios,Diario
2018-10-01,-1.03324783620079,98.9667521637992,Medios,Diario
2018-10-02,-0.0373786131503169,99.9626213868497,Medios,Diario
2018-10-03,-0.464040845598893,99.5359591544011,Medios,Diario
2018-10-04,0.00221054908686634,100.002210549087,Medios,Diario
2018-10-05,-0.499582460510224,99.5004175394898,Medios,Diario
2018-10-06,-0.885309952757397,99.1146900472426,Medios,Diario
2018-10-07,-0.495496380224925,99.5045036197751,Medios,Diario
2018-10-08,-0.426335739279767,99.5736642607202,Medios,Diario
2018-10-09,-0.365946787139261,99.6340532128607,Medios,Diario
2018-10-10,0.40920244305788,100.409202443058,Medios,Diario
2018-10-11,0.173662882848749,100.173662882849,Medios,Diario
2018-10-12,-0.685710771704661,99.3142892282953,Medios,Diario
2018-10-13,-0.150297230641693,99.8497027693583,Medios,Diario
2018-10-14,-0.295888412914074,99.7041115870859,Medios,Diario
2018-10-15,-0.693915807172352,99.3060841928277,Medios,Diario
2018-10-16,0.0176690597754355,100.017669059775,Medios,Diario
2018-10-17,-0.629052659287057,99.3709473407129,Medios,Diario
2018-10-18,-0.0334679818731335,99.9665320181269,Medios,Diario
2018-10-19,-0.60238713052618,99.3976128694738,Medios,Diario
2018-10-20,-0.42428390052274,99.5757160994773,Medios,Diario
2018-10-21,-1.3158750123752,98.6841249876248,Medios,Diario
2018-10-22,-0.222930945303181,99.7770690546968,Medios,Diario
2018-10-23,-0.423691333597928,99.5763086664021,Medios,Diario
2018-10-24,0.0832727161685004,100.083272716169,Medios,Diario
2018-10-25,-0.712585366869178,99.2874146331308,Medios,Diario
2018-10-26,-0.179653262266181,99.8203467377338,Medios,Diario
2018-10-27,-1.12741964134621,98.8725803586538,Medios,Diario
2018-10-28,0.0138030674568658,100.013803067457,Medios,Diario
2018-10-29,-0.271999795854349,99.7280002041457,Medios,Diario
2018-10-30,0.143328420535681,100.143328420536,Medios,Diario
2018-10-31,-0.420266617470915,99.5797333825291,Medios,Diario
2018-11-01,-0.834834807140758,99.1651651928593,Medios,Diario
2018-11-02,-0.0364026430279346,99.9635973569721,Medios,Diario
2018-11-03,-0.0478714744158752,99.9521285255841,Medios,Diario
2018-11-04,-0.326952708523131,99.6730472914769,Medios,Diario
2018-11-05,-0.282309366564706,99.7176906334353,Medios,Diario
2018-11-06,-0.325352358146927,99.6746476418531,Medios,Diario
2018-11-07,-0.274041853940828,99.7259581460592,Medios,Diario
2018-11-08,0.00477805419103184,100.004778054191,Medios,Diario
2018-11-09,-0.103937352989825,99.8960626470102,Medios,Diario
2018-11-10,-0.463189664175303,99.5368103358247,Medios,Diario
2018-11-11,-0.47579052180194,99.5242094781981,Medios,Diario
2018-11-12,-0.972237033693773,99.0277629663062,Medios,Diario
2018-11-13,-0.406922952141314,99.5930770478587,Medios,Diario
2018-11-14,-0.236307368415559,99.7636926315845,Medios,Diario
2018-11-15,-0.520792196592133,99.4792078034079,Medios,Diario
2018-11-16,-0.512340267459858,99.4876597325401,Medios,Diario
2018-11-17,-0.823350226688481,99.1766497733115,Medios,Diario
2018-11-18,0.703915541002626,100.703915541003,Medios,Diario
2018-11-19,0.333609668635702,100.333609668636,Medios,Diario
2018-11-20,-0.224122024310926,99.7758779756891,Medios,Diario
2018-11-21,-0.0988714195174071,99.9011285804826,Medios,Diario
2018-11-22,0.301713166724993,100.301713166725,Medios,Diario
2018-11-23,-0.220584314969505,99.7794156850305,Medios,Diario
2018-11-24,-0.11046921524704,99.889530784753,Medios,Diario
2018-11-25,0.867356878113785,100.867356878114,Medios,Diario
2018-11-26,-0.401623177034295,99.5983768229657,Medios,Diario
2018-11-27,-0.363078915860016,99.63692108414,Medios,Diario
2018-11-28,0.43290247756012,100.43290247756,Medios,Diario
2018-11-29,-0.515072724596134,99.4849272754039,Medios,Diario
2018-11-30,-0.324163227989717,99.6758367720103,Medios,Diario
2018-12-01,-0.966423869734847,99.0335761302651,Medios,Diario
2018-12-02,-0.366371421783192,99.6336285782168,Medios,Diario
2018-12-03,-0.569799493739248,99.4302005062607,Medios,Diario
2018-12-04,-0.419454811282769,99.5805451887172,Medios,Diario
2018-12-05,-0.303096226754275,99.6969037732457,Medios,Diario
2018-12-06,-0.0259452891558833,99.9740547108441,Medios,Diario
2018-12-07,0.0125362616044165,100.012536261604,Medios,Diario
2018-12-08,0.773159082555364,100.773159082555,Medios,Diario
2018-12-09,0.249012870765259,100.249012870765,Medios,Diario
2018-12-10,0.065865222663395,100.065865222663,Medios,Diario
2018-12-11,0.349605697170756,100.349605697171,Medios,Diario
2018-12-12,0.105508642011909,100.105508642012,Medios,Diario
2018-12-13,0.226128663394466,100.226128663394,Medios,Diario
2018-12-14,0.282100953398842,100.282100953399,Medios,Diario
2018-12-15,-0.180940270927016,99.819059729073,Medios,Diario
2018-12-16,-0.240684119696438,99.7593158803036,Medios,Diario
2018-12-17,-0.389690428025787,99.6103095719742,Medios,Diario
2018-12-18,-0.390722634982502,99.6092773650175,Medios,Diario
2018-12-19,-0.117202582919068,99.8827974170809,Medios,Diario
2018-12-20,-0.262813274170636,99.7371867258294,Medios,Diario
2018-12-21,-0.52126708706731,99.4787329129327,Medios,Diario
2018-12-22,0.649767309130632,100.649767309131,Medios,Diario
2018-12-23,-1.01225600489137,98.9877439951086,Medios,Diario
2018-12-24,-0.710904436566974,99.289095563433,Medios,Diario
2018-12-25,-0.875253521484966,99.124746478515,Medios,Diario
2018-12-26,-0.657641784609855,99.3423582153902,Medios,Diario
2018-12-27,-0.488831788982996,99.511168211017,Medios,Diario
2018-12-28,-0.607804023180191,99.3921959768198,Medios,Diario
2018-12-29,0.0394498374116929,100.039449837412,Medios,Diario
2018-12-30,-0.301347558749681,99.6986524412503,Medios,Diario
2018-12-31,-1.16435950898794,98.8356404910121,Medios,Diario
2019-01-01,-0.733298127681265,99.2667018723187,Medios,Diario
2019-01-02,-0.465833778104796,99.5341662218952,Medios,Diario
2019-01-03,0.285258869928991,100.285258869929,Medios,Diario
2019-01-04,-0.187724704703362,99.8122752952967,Medios,Diario
2019-01-05,-0.369025901269036,99.630974098731,Medios,Diario
2019-01-06,-0.461513629961835,99.5384863700382,Medios,Diario
2019-01-07,-0.38010303547776,99.6198969645222,Medios,Diario
2019-01-08,-0.747517130853024,99.252482869147,Medios,Diario
2019-01-09,-0.061804824864363,99.9381951751356,Medios,Diario
2019-01-10,0.148589780084976,100.148589780085,Medios,Diario
2019-01-11,-0.496918188952658,99.5030818110473,Medios,Diario
2019-01-12,-0.440210406210929,99.5597895937891,Medios,Diario
2019-01-13,-0.818935554556149,99.1810644454439,Medios,Diario
2019-01-14,-0.52118181835899,99.478818181641,Medios,Diario
2019-01-15,0.358942559355273,100.358942559355,Medios,Diario
2019-01-16,0.118679931765283,100.118679931765,Medios,Diario
2019-01-17,0.0471032696463053,100.047103269646,Medios,Diario
2019-01-18,-0.475138336408858,99.5248616635912,Medios,Diario
2019-01-19,-0.0256035369770736,99.9743964630229,Medios,Diario
2019-01-20,-0.652204219630096,99.3477957803699,Medios,Diario
2019-01-21,0.0409005362739202,100.040900536274,Medios,Diario
2019-01-22,-0.86347196128236,99.1365280387176,Medios,Diario
2019-01-23,-0.23038380438662,99.7696161956134,Medios,Diario
2019-01-24,-0.223994529642059,99.776005470358,Medios,Diario
2019-01-25,-0.93826626192919,99.0617337380708,Medios,Diario
2019-01-26,-0.0901186757023008,99.9098813242977,Medios,Diario
2019-01-27,-0.415503690953939,99.5844963090461,Medios,Diario
2019-01-28,-0.353354680770693,99.6466453192293,Medios,Diario
2019-01-29,-0.615902664345882,99.3840973356541,Medios,Diario
2019-01-30,-0.426334011107474,99.5736659888925,Medios,Diario
2019-01-31,-0.32183860829369,99.6781613917063,Medios,Diario
2019-02-01,-0.644380825363889,99.3556191746361,Medios,Diario
2019-02-02,-0.650615803536446,99.3493841964636,Medios,Diario
2019-02-03,-1.12119351695244,98.8788064830476,Medios,Diario
2019-02-04,-0.5022713220526,99.4977286779474,Medios,Diario
2019-02-05,-0.769991239453372,99.2300087605466,Medios,Diario
2019-02-06,-1.04981207818365,98.9501879218164,Medios,Diario
2019-02-07,-1.26344874516625,98.7365512548338,Medios,Diario
2019-02-08,-1.09994550920797,98.900054490792,Medios,Diario
2019-02-09,-0.962863562328079,99.0371364376719,Medios,Diario
2019-02-10,-0.0768094717997668,99.9231905282002,Medios,Diario
2019-02-11,-0.395584429885754,99.6044155701142,Medios,Diario
2019-02-12,-0.86959342899051,99.1304065710095,Medios,Diario
2019-02-13,-0.430764538873337,99.5692354611267,Medios,Diario
2019-02-14,-0.0877833415646431,99.9122166584354,Medios,Diario
2019-02-15,-0.7409310927454,99.2590689072546,Medios,Diario
2019-02-16,-0.736787782035641,99.2632122179644,Medios,Diario
2019-02-17,-0.469361596755869,99.5306384032441,Medios,Diario
2019-02-18,-0.00707533593538849,99.9929246640646,Medios,Diario
2019-02-19,-0.943701355337701,99.0562986446623,Medios,Diario
2019-02-20,-0.350130865824113,99.6498691341759,Medios,Diario
2019-02-21,-0.69058732137576,99.3094126786242,Medios,Diario
2019-02-22,-0.775573437458552,99.2244265625415,Medios,Diario
2019-02-23,-0.735304570897089,99.2646954291029,Medios,Diario
2019-02-24,-0.427457352121236,99.5725426478788,Medios,Diario
2019-02-25,-0.552360214199085,99.4476397858009,Medios,Diario
2019-02-26,-0.578997414967656,99.4210025850323,Medios,Diario
2019-02-27,-0.815888528220807,99.1841114717792,Medios,Diario
2019-02-28,-0.696263669438727,99.3037363305613,Medios,Diario
2019-03-01,-0.629101915903383,99.3708980840966,Medios,Diario
2019-03-02,-0.642323130731563,99.3576768692684,Medios,Diario
2019-03-03,-0.157509970751795,99.8424900292482,Medios,Diario
2019-03-04,-0.461867268206058,99.5381327317939,Medios,Diario
2019-03-05,-0.358570400500597,99.6414295994994,Medios,Diario
2019-03-06,-0.141945781319096,99.8580542186809,Medios,Diario
2019-03-07,-0.157805180886355,99.8421948191137,Medios,Diario
2019-03-08,0.149582556399706,100.1495825564,Medios,Diario
2019-03-09,-0.872413888570861,99.1275861114291,Medios,Diario
2019-03-10,-0.545015549767607,99.4549844502324,Medios,Diario
2019-03-11,-0.913642579808684,99.0863574201913,Medios,Diario
2019-03-12,-0.107038412720362,99.8929615872797,Medios,Diario
2019-03-13,-0.390372394531412,99.6096276054686,Medios,Diario
2019-03-14,-0.333902890202605,99.6660971097974,Medios,Diario
2019-03-15,-0.426604332095613,99.5733956679044,Medios,Diario
2019-03-16,-0.525368693226255,99.4746313067738,Medios,Diario
2019-03-17,-0.02110429587566,99.9788957041243,Medios,Diario
2019-03-18,-0.349738973937013,99.650261026063,Medios,Diario
2019-03-19,-0.240093840022957,99.7599061599771,Medios,Diario
2019-03-20,-0.504058297247643,99.4959417027524,Medios,Diario
2019-03-21,-0.526643388939467,99.4733566110605,Medios,Diario
2019-03-22,-0.599211367344007,99.400788632656,Medios,Diario
2019-03-23,-0.327678375340586,99.6723216246594,Medios,Diario
2019-03-24,-0.00535372950318186,99.9946462704968,Medios,Diario
2019-03-25,-0.156193276408038,99.843806723592,Medios,Diario
2019-03-26,-0.583386176597282,99.4166138234027,Medios,Diario
2019-03-27,-0.711766891639712,99.2882331083603,Medios,Diario
2019-03-28,-0.316955296634403,99.6830447033656,Medios,Diario
2019-03-29,-0.6218305422973,99.3781694577027,Medios,Diario
2019-03-30,-0.905697652728358,99.0943023472716,Medios,Diario
2019-03-31,-0.892322640980251,99.1076773590198,Medios,Diario
2019-04-01,-0.47755503427329,99.5224449657267,Medios,Diario
2019-04-02,0.439521366302022,100.439521366302,Medios,Diario
2019-04-03,0.276131913359899,100.27613191336,Medios,Diario
2019-04-04,-0.383491202640264,99.6165087973598,Medios,Diario
2019-04-05,-0.447539209859296,99.5524607901407,Medios,Diario
2019-04-06,0.0744510055064857,100.074451005506,Medios,Diario
2019-04-07,-0.921378079426493,99.0786219205735,Medios,Diario
2019-04-08,-0.169424181134847,99.8305758188652,Medios,Diario
2019-04-09,-0.406967575065376,99.5930324249346,Medios,Diario
2019-04-10,-0.304175541431621,99.6958244585684,Medios,Diario
2019-04-11,-0.224883376475863,99.7751166235241,Medios,Diario
2019-04-12,-0.211396206127761,99.7886037938722,Medios,Diario
2019-04-13,0.464249939691069,100.464249939691,Medios,Diario
2019-04-14,0.673352992096207,100.673352992096,Medios,Diario
2019-04-15,0.0301213628178348,100.030121362818,Medios,Diario
2019-04-16,-0.957678173849074,99.0423218261509,Medios,Diario
2019-04-17,-0.202160273879992,99.79783972612,Medios,Diario
2019-04-18,-0.58169539939937,99.4183046006006,Medios,Diario
2019-04-19,-1.14691417116643,98.8530858288336,Medios,Diario
2019-04-20,-1.06632609583093,98.9336739041691,Medios,Diario
2019-04-21,-0.411314214969108,99.5886857850309,Medios,Diario
2019-04-22,-0.394131295490671,99.6058687045093,Medios,Diario
2019-04-23,-0.712310171108746,99.2876898288913,Medios,Diario
2019-04-24,-0.355199482637293,99.6448005173627,Medios,Diario
2019-04-25,0.304937647648434,100.304937647648,Medios,Diario
2019-04-26,-0.940350967903636,99.0596490320964,Medios,Diario
2019-04-27,-0.299766551865086,99.7002334481349,Medios,Diario
2019-04-28,-1.86648520801191,98.1335147919881,Medios,Diario
2019-04-29,-0.978099088253426,99.0219009117466,Medios,Diario
2019-04-30,-0.629068489104517,99.3709315108955,Medios,Diario
2019-05-01,-0.736804853871023,99.263195146129,Medios,Diario
2019-05-02,0.169989842669707,100.16998984267,Medios,Diario
2019-05-03,-0.512489641898514,99.4875103581015,Medios,Diario
2019-05-04,-0.226024613479965,99.77397538652,Medios,Diario
2019-05-05,-0.166942950197693,99.8330570498023,Medios,Diario
2019-05-06,0.158882000789506,100.15888200079,Medios,Diario
2019-05-07,-0.506469646544564,99.4935303534555,Medios,Diario
2019-05-08,-0.692266186257878,99.3077338137421,Medios,Diario
2019-05-09,0.187031095813046,100.187031095813,Medios,Diario
2019-05-10,-0.457037275161412,99.5429627248386,Medios,Diario
2019-05-11,-0.354971461122459,99.6450285388775,Medios,Diario
2019-05-12,-0.310247096331324,99.6897529036687,Medios,Diario
2019-05-13,0.316262088396307,100.316262088396,Medios,Diario
2019-05-14,-0.187666254618552,99.8123337453815,Medios,Diario
2019-05-15,-0.185926823096914,99.8140731769031,Medios,Diario
2019-05-16,-0.0782582921160186,99.921741707884,Medios,Diario
2019-05-17,0.463843718557826,100.463843718558,Medios,Diario
2019-05-18,-0.400418525018356,99.5995814749817,Medios,Diario
2019-05-19,0.377642467090911,100.377642467091,Medios,Diario
2019-05-20,-0.165772938975649,99.8342270610244,Medios,Diario
2019-05-21,-0.533998245564593,99.4660017544354,Medios,Diario
2019-05-22,-0.749628257469793,99.2503717425302,Medios,Diario
2019-05-23,-0.294948088316974,99.705051911683,Medios,Diario
2019-05-24,-0.094881288479343,99.9051187115207,Medios,Diario
2019-05-25,-0.480724145789552,99.5192758542105,Medios,Diario
2019-05-26,0.416780311883511,100.416780311884,Medios,Diario
2019-05-27,-0.0942723023268444,99.9057276976732,Medios,Diario
2019-05-28,-0.418514874426818,99.5814851255732,Medios,Diario
2019-05-29,-0.0284362264432252,99.9715637735568,Medios,Diario
2019-05-30,-0.239543311152443,99.7604566888476,Medios,Diario
2019-05-31,-0.179224908260153,99.8207750917399,Medios,Diario
2019-06-01,0.0712302742912934,100.071230274291,Medios,Diario
2019-06-02,0.306904237158591,100.306904237159,Medios,Diario
2019-06-03,0.243560408694051,100.243560408694,Medios,Diario
2019-06-04,-0.0861303703137791,99.9138696296862,Medios,Diario
2019-06-05,-0.160141469382441,99.8398585306176,Medios,Diario
2019-06-06,-0.171142578850119,99.8288574211499,Medios,Diario
2019-06-07,-0.812772252450812,99.1872277475492,Medios,Diario
2019-06-08,-0.264162775613123,99.7358372243869,Medios,Diario
2019-06-09,0.585045015621307,100.585045015621,Medios,Diario
2019-06-10,0.327318273314996,100.327318273315,Medios,Diario
2019-06-11,0.732286502474427,100.732286502474,Medios,Diario
2019-06-12,0.516385991604435,100.516385991604,Medios,Diario
2019-06-13,0.54821505822189,100.548215058222,Medios,Diario
2019-06-14,-0.483280760136615,99.5167192398634,Medios,Diario
2019-06-15,0.933784812174492,100.933784812175,Medios,Diario
2019-06-16,0.071587875507178,100.071587875507,Medios,Diario
2019-06-17,0.0965330256195009,100.09653302562,Medios,Diario
2019-06-18,0.374188059934116,100.374188059934,Medios,Diario
2019-06-19,0.600350042954339,100.600350042954,Medios,Diario
2019-06-20,-0.017701028202748,99.9822989717973,Medios,Diario
2019-06-21,-0.0507613079778423,99.9492386920222,Medios,Diario
2019-06-22,0.0774912735888888,100.077491273589,Medios,Diario
2019-06-23,-0.499318043301957,99.5006819566981,Medios,Diario
2019-06-24,-0.213361349712734,99.7866386502873,Medios,Diario
2019-06-25,-0.2336778405424,99.7663221594576,Medios,Diario
2019-06-26,0.770355713222395,100.770355713222,Medios,Diario
2019-06-27,0.125984272947671,100.125984272948,Medios,Diario
2019-06-28,-0.127191515616964,99.872808484383,Medios,Diario
2019-06-29,0.266718984744375,100.266718984744,Medios,Diario
2019-06-30,-0.43607101899789,99.5639289810021,Medios,Diario
2019-07-01,0.234144740981059,100.234144740981,Medios,Diario
2019-07-02,-0.785220912450171,99.2147790875498,Medios,Diario
2019-07-03,-0.239756083362622,99.7602439166374,Medios,Diario
2019-07-04,0.0970969354044821,100.097096935405,Medios,Diario
2019-07-05,0.226403622526671,100.226403622527,Medios,Diario
2019-07-06,-0.417234438374908,99.5827655616251,Medios,Diario
2019-07-07,-0.368780473686565,99.6312195263134,Medios,Diario
2019-07-08,0.527494631311655,100.527494631312,Medios,Diario
2019-07-09,0.620557636132194,100.620557636132,Medios,Diario
2019-07-10,0.100581755934171,100.100581755934,Medios,Diario
2019-07-11,0.565262835517886,100.565262835518,Medios,Diario
2019-07-12,0.453072305204421,100.453072305204,Medios,Diario
2019-07-13,-0.407270235403297,99.5927297645967,Medios,Diario
2019-07-14,-0.461892275001618,99.5381077249984,Medios,Diario
2019-07-15,0.214204659082206,100.214204659082,Medios,Diario
2019-07-16,-0.268009616280698,99.7319903837193,Medios,Diario
2019-07-17,0.0113441413265649,100.011344141327,Medios,Diario
2019-07-18,0.389309636643071,100.389309636643,Medios,Diario
2019-07-19,0.225654553439079,100.225654553439,Medios,Diario
2019-07-20,-0.35026421191679,99.6497357880832,Medios,Diario
2019-07-21,0.0928755497127703,100.092875549713,Medios,Diario
2019-07-22,0.0589128462679063,100.058912846268,Medios,Diario
2019-07-23,0.206893925068243,100.206893925068,Medios,Diario
2019-07-24,0.0222000124907529,100.022200012491,Medios,Diario
2019-07-25,-0.0795184917714843,99.9204815082285,Medios,Diario
2019-07-26,-0.137386145357129,99.8626138546429,Medios,Diario
2019-07-27,0.36649675844902,100.366496758449,Medios,Diario
2019-07-28,-0.0666247157740769,99.9333752842259,Medios,Diario
2019-07-29,0.00232369320136099,100.002323693201,Medios,Diario
2019-07-30,0.0928438008695965,100.09284380087,Medios,Diario
2019-07-31,0.0587021973620387,100.058702197362,Medios,Diario
2019-08-01,-0.00784365112952759,99.9921563488705,Medios,Diario
2019-08-02,-0.64749155324393,99.3525084467561,Medios,Diario
2019-08-03,0.775606894266017,100.775606894266,Medios,Diario
2019-08-04,-0.332651239361257,99.6673487606387,Medios,Diario
2019-08-05,-0.0407128639231388,99.9592871360769,Medios,Diario
2019-08-06,-0.486870963744056,99.513129036256,Medios,Diario
2019-08-07,-0.126252162471495,99.8737478375285,Medios,Diario
2019-08-08,0.127180244584345,100.127180244584,Medios,Diario
2019-08-09,-0.35648086003234,99.6435191399677,Medios,Diario
2019-08-10,0.392132714206626,100.392132714207,Medios,Diario
2019-08-11,-0.559662731608043,99.440337268392,Medios,Diario
2019-08-12,-0.481468662045247,99.5185313379548,Medios,Diario
2019-08-13,0.0758404461878011,100.075840446188,Medios,Diario
2019-08-14,-0.0866570005916661,99.9133429994083,Medios,Diario
2019-08-15,0.226314654896873,100.226314654897,Medios,Diario
2019-08-16,0.290374301998533,100.290374301999,Medios,Diario
2019-08-17,-0.092533294406287,99.9074667055937,Medios,Diario
2019-08-18,-0.585154884427542,99.4148451155725,Medios,Diario
2019-08-19,0.439485702110313,100.43948570211,Medios,Diario
2019-08-20,0.222476442205732,100.222476442206,Medios,Diario
2019-08-21,0.216695942311955,100.216695942312,Medios,Diario
2019-08-22,-0.297487092674094,99.7025129073259,Medios,Diario
2019-08-23,0.0241417520807782,100.024141752081,Medios,Diario
2019-08-24,-0.372768483408112,99.6272315165919,Medios,Diario
2019-08-25,0.545324720596478,100.545324720596,Medios,Diario
2019-08-26,0.357597033662878,100.357597033663,Medios,Diario
2019-08-27,0.311524643087629,100.311524643088,Medios,Diario
2019-08-28,-0.0900320156161903,99.9099679843838,Medios,Diario
2019-08-29,-0.393385326916407,99.6066146730836,Medios,Diario
2019-08-30,0.20394250360244,100.203942503602,Medios,Diario
2019-08-31,-0.302858492175355,99.6971415078247,Medios,Diario
2019-09-01,-0.2656894946434,99.7343105053566,Medios,Diario
2019-09-02,0.343731055498514,100.343731055499,Medios,Diario
2019-09-03,0.204854924182926,100.204854924183,Medios,Diario
2019-09-04,0.143227086649294,100.143227086649,Medios,Diario
2019-09-05,0.268454050507747,100.268454050508,Medios,Diario
2019-09-06,-0.284533103988297,99.7154668960117,Medios,Diario
2019-09-07,-0.597000699171638,99.4029993008284,Medios,Diario
2019-09-08,0.0782784295491106,100.078278429549,Medios,Diario
2019-09-09,-0.794318647357538,99.2056813526425,Medios,Diario
2019-09-10,0.337568006988263,100.337568006988,Medios,Diario
2019-09-11,0.18684574283663,100.186845742837,Medios,Diario
2019-09-12,0.101587816818658,100.101587816819,Medios,Diario
2019-09-13,-0.173314786288672,99.8266852137113,Medios,Diario
2019-09-14,-0.0998164296805581,99.9001835703194,Medios,Diario
2019-09-15,-0.292338744137619,99.7076612558624,Medios,Diario
2019-09-16,-0.436146732700715,99.5638532672993,Medios,Diario
2019-09-17,-0.944569142315408,99.0554308576846,Medios,Diario
2019-09-18,-1.50591072255851,98.4940892774415,Medios,Diario
2019-09-19,-0.289078328292124,99.7109216717079,Medios,Diario
2019-09-20,-0.921910089232422,99.0780899107676,Medios,Diario
2019-09-21,-0.0142127440186001,99.9857872559814,Medios,Diario
2019-09-22,-0.214561147382882,99.7854388526171,Medios,Diario
2019-09-23,-0.21298976291402,99.787010237086,Medios,Diario
2019-09-24,0.348978752368896,100.348978752369,Medios,Diario
2019-09-25,-0.319153120960933,99.6808468790391,Medios,Diario
2019-09-26,-0.378312657817097,99.6216873421829,Medios,Diario
2019-09-27,-0.0864295165473676,99.9135704834526,Medios,Diario
2019-09-28,-0.340911196151555,99.6590888038484,Medios,Diario
2019-09-29,-0.40130090313874,99.5986990968613,Medios,Diario
2019-09-30,-0.355488951196091,99.6445110488039,Medios,Diario
2019-10-01,0.131821733779212,100.131821733779,Medios,Diario
2019-10-02,-0.0994854959910523,99.900514504009,Medios,Diario
2019-10-03,0.551262049741756,100.551262049742,Medios,Diario
2019-10-04,-0.180698810458921,99.8193011895411,Medios,Diario
2019-10-05,-0.245919551592373,99.7540804484076,Medios,Diario
2019-10-06,-0.00557415645905863,99.9944258435409,Medios,Diario
2019-10-07,-1.0162323968436,98.9837676031564,Medios,Diario
2019-10-08,0.26935597615855,100.269355976159,Medios,Diario
2019-10-09,0.303633957108351,100.303633957108,Medios,Diario
2019-10-10,0.0656361644860632,100.065636164486,Medios,Diario
2019-10-11,-0.177985059637721,99.8220149403623,Medios,Diario
2019-10-12,0.0461726124963043,100.046172612496,Medios,Diario
2019-10-13,-0.849946028262635,99.1500539717374,Medios,Diario
2019-10-14,0.11130568310853,100.111305683109,Medios,Diario
2019-10-15,0.181464739245962,100.181464739246,Medios,Diario
2019-10-16,-0.130711173478637,99.8692888265214,Medios,Diario
2019-10-17,-0.133346405211422,99.8666535947886,Medios,Diario
2019-10-18,0.649546888549308,100.649546888549,Medios,Diario
2019-10-19,-0.219523754300191,99.7804762456998,Medios,Diario
2019-10-20,0.195711255094935,100.195711255095,Medios,Diario
2019-10-21,-0.41189189797345,99.5881081020266,Medios,Diario
2019-10-22,-0.441816450085712,99.5581835499143,Medios,Diario
2019-10-23,-0.323173609727218,99.6768263902728,Medios,Diario
2019-10-24,-0.0105922146567065,99.9894077853433,Medios,Diario
2019-10-25,-0.153203080111212,99.8467969198888,Medios,Diario
2019-10-26,-0.252664828904721,99.7473351710953,Medios,Diario
2019-10-27,-0.738939556668743,99.2610604433313,Medios,Diario
2019-10-28,0.456616019944209,100.456616019944,Medios,Diario
2019-10-29,0.372121013083519,100.372121013084,Medios,Diario
2019-10-30,0.437052200815507,100.437052200816,Medios,Diario
2019-10-31,-0.160450916302069,99.8395490836979,Medios,Diario
2019-11-01,-0.288123287012037,99.711876712988,Medios,Diario
2019-11-02,-0.827528597772048,99.172471402228,Medios,Diario
2019-11-03,-0.675973343210163,99.3240266567899,Medios,Diario
2019-11-04,-0.1056825212085,99.8943174787915,Medios,Diario
2019-11-05,-0.360857045910476,99.6391429540895,Medios,Diario
2019-11-06,-0.486008278097134,99.5139917219029,Medios,Diario
2019-11-07,0.304659956004886,100.304659956005,Medios,Diario
2019-11-08,0.0733411725208116,100.073341172521,Medios,Diario
2019-11-09,0.163266698200773,100.163266698201,Medios,Diario
2019-11-10,-0.57444023183504,99.425559768165,Medios,Diario
2019-11-11,0.0261463950634887,100.026146395063,Medios,Diario
2019-11-12,0.133655930044057,100.133655930044,Medios,Diario
2019-11-13,-0.115956800884559,99.8840431991155,Medios,Diario
2019-11-14,0.125413243818172,100.125413243818,Medios,Diario
2019-11-15,0.313142733401359,100.313142733401,Medios,Diario
2019-11-16,1.14855946713667,101.148559467137,Medios,Diario
2019-11-17,-0.0150059262980023,99.984994073702,Medios,Diario
2019-11-18,0.231372153119743,100.23137215312,Medios,Diario
2019-11-19,0.331847063979006,100.331847063979,Medios,Diario
2019-11-20,-0.213755039829224,99.7862449601708,Medios,Diario
2019-11-21,0.637796679026752,100.637796679027,Medios,Diario
2019-11-22,0.204226961821363,100.204226961821,Medios,Diario
2019-11-23,-0.0821776231955227,99.9178223768045,Medios,Diario
2019-11-24,0.796330509780232,100.79633050978,Medios,Diario
2019-11-25,0.458644176308967,100.458644176309,Medios,Diario
2019-11-26,0.310624616023574,100.310624616024,Medios,Diario
2019-11-27,0.349812328816429,100.349812328816,Medios,Diario
2019-11-28,0.61401186299162,100.614011862992,Medios,Diario
2019-11-29,0.200482364540221,100.20048236454,Medios,Diario
2019-11-30,0.191372292493909,100.191372292494,Medios,Diario
2019-12-01,0.233792705948478,100.233792705948,Medios,Diario
2019-12-02,0.199636657934212,100.199636657934,Medios,Diario
2019-12-03,-0.274823079154598,99.7251769208454,Medios,Diario
2019-12-04,0.0735300246838133,100.073530024684,Medios,Diario
2019-12-05,0.406836311559686,100.40683631156,Medios,Diario
2019-12-06,0.0113404505031728,100.011340450503,Medios,Diario
2019-12-07,0.242535671039587,100.24253567104,Medios,Diario
2019-12-08,-0.198832429891005,99.801167570109,Medios,Diario
2019-12-09,-0.185719948369659,99.8142800516304,Medios,Diario
2019-12-10,-0.190376905094836,99.8096230949052,Medios,Diario
2019-12-11,0.10003308147349,100.100033081473,Medios,Diario
2019-12-12,-0.300021689241395,99.6999783107586,Medios,Diario
2019-12-13,0.121864455538176,100.121864455538,Medios,Diario
2019-12-14,0.413269452143757,100.413269452144,Medios,Diario
2019-12-15,-0.349605483866393,99.6503945161336,Medios,Diario
2019-12-16,0.662867070894388,100.662867070894,Medios,Diario
2019-12-17,-0.238541213389904,99.7614587866101,Medios,Diario
2019-12-18,-0.343480388277677,99.6565196117223,Medios,Diario
2019-12-19,-0.307445261419329,99.6925547385807,Medios,Diario
2019-12-20,-0.605099518308708,99.3949004816913,Medios,Diario
2019-12-21,-0.431774090084427,99.5682259099156,Medios,Diario
2019-12-22,0.0637820324799424,100.06378203248,Medios,Diario
2019-12-23,0.0685526890667118,100.068552689067,Medios,Diario
2019-12-24,0.117525845076294,100.117525845076,Medios,Diario
2019-12-25,-0.803568879927963,99.196431120072,Medios,Diario
2019-12-26,0.173163412536594,100.173163412537,Medios,Diario
2019-12-27,-0.627138944603934,99.3728610553961,Medios,Diario
2019-12-28,-0.249081225529334,99.7509187744707,Medios,Diario
2019-12-29,-0.519294237551509,99.4807057624485,Medios,Diario
2019-12-30,-0.41351172056934,99.5864882794307,Medios,Diario
2019-12-31,-0.133454149152105,99.8665458508479,Medios,Diario
2020-01-01,-0.329025057303572,99.6709749426964,Medios,Diario
2020-01-02,0.108016506286516,100.108016506287,Medios,Diario
2020-01-03,-0.450146154886835,99.5498538451132,Medios,Diario
2020-01-04,-0.497014177688796,99.5029858223112,Medios,Diario
2020-01-05,0.680171656162722,100.680171656163,Medios,Diario
2020-01-06,-0.450192063092414,99.5498079369076,Medios,Diario
2020-01-07,-0.146023510259936,99.8539764897401,Medios,Diario
2020-01-08,0.487563130820721,100.487563130821,Medios,Diario
2020-01-09,0.67857797841536,100.678577978415,Medios,Diario
2020-01-10,0.424741479979484,100.42474147998,Medios,Diario
2020-01-11,-0.299859932170947,99.7001400678291,Medios,Diario
2020-01-12,-0.379058954913218,99.6209410450868,Medios,Diario
2020-01-13,-0.269527507450911,99.7304724925491,Medios,Diario
2020-01-14,0.176372359798241,100.176372359798,Medios,Diario
2020-01-15,0.0383757178228701,100.038375717823,Medios,Diario
2020-01-16,-0.151423980660908,99.8485760193391,Medios,Diario
2020-01-17,-0.572255217211813,99.4277447827882,Medios,Diario
2020-01-18,-0.654167056917044,99.345832943083,Medios,Diario
2020-01-19,0.587949914409203,100.587949914409,Medios,Diario
2020-01-20,0.488519104710542,100.488519104711,Medios,Diario
2020-01-21,-0.203171135238735,99.7968288647613,Medios,Diario
2020-01-22,-0.204460603120214,99.7955393968798,Medios,Diario
2020-01-23,-0.171883548139044,99.828116451861,Medios,Diario
2020-01-24,0.147586731478625,100.147586731479,Medios,Diario
2020-01-25,-0.219354963101642,99.7806450368984,Medios,Diario
2020-01-26,-0.215004695677059,99.7849953043229,Medios,Diario
2020-01-27,-0.0869348004813424,99.9130651995187,Medios,Diario
2020-01-28,-0.57241891134359,99.4275810886564,Medios,Diario
2020-01-29,-0.665293874866271,99.3347061251337,Medios,Diario
2020-01-30,-0.235576469543606,99.7644235304564,Medios,Diario
2020-01-31,-0.239387590692594,99.7606124093074,Medios,Diario
2020-02-01,0.46337851362079,100.463378513621,Medios,Diario
2020-02-02,0.156565387681121,100.156565387681,Medios,Diario
2020-02-03,0.504790557876013,100.504790557876,Medios,Diario
2020-02-04,-0.296563483179887,99.7034365168201,Medios,Diario
2020-02-05,0.230162793306201,100.230162793306,Medios,Diario
2020-02-06,-0.541778359397499,99.4582216406025,Medios,Diario
2020-02-07,-0.391365155253415,99.6086348447466,Medios,Diario
2020-02-08,-0.538245578729322,99.4617544212707,Medios,Diario
2020-02-09,-1.50666818255601,98.493331817444,Medios,Diario
2020-02-10,-0.563925708247921,99.4360742917521,Medios,Diario
2020-02-11,0.209416327175888,100.209416327176,Medios,Diario
2020-02-12,-0.738749336534266,99.2612506634657,Medios,Diario
2020-02-13,-0.486271082551755,99.5137289174482,Medios,Diario
2020-02-14,-0.312544910686192,99.6874550893138,Medios,Diario
2020-02-15,-0.969787323003029,99.030212676997,Medios,Diario
2020-02-16,-1.11716209131795,98.8828379086821,Medios,Diario
2020-02-17,0.307175384833137,100.307175384833,Medios,Diario
2020-02-18,-0.293570726370781,99.7064292736292,Medios,Diario
2020-02-19,0.28407802714093,100.284078027141,Medios,Diario
2020-02-20,0.376499711639363,100.376499711639,Medios,Diario
2020-02-21,0.250507917899221,100.250507917899,Medios,Diario
2020-02-22,0.321335373780244,100.32133537378,Medios,Diario
2020-02-23,0.484072896007713,100.484072896008,Medios,Diario
2020-02-24,0.301898364875108,100.301898364875,Medios,Diario
2020-02-25,0.182315092112566,100.182315092113,Medios,Diario
2020-02-26,0.446629582316332,100.446629582316,Medios,Diario
2020-02-27,0.249606478526092,100.249606478526,Medios,Diario
2020-02-28,-0.108423316550867,99.8915766834491,Medios,Diario
2020-02-29,0.508104072005204,100.508104072005,Medios,Diario
2020-03-01,-0.187276561738137,99.8127234382619,Medios,Diario
2020-03-02,-0.495153271015721,99.5048467289843,Medios,Diario
2020-03-03,0.45375704668248,100.453757046682,Medios,Diario
2020-03-04,0.320696590692095,100.320696590692,Medios,Diario
2020-03-05,0.156890607624283,100.156890607624,Medios,Diario
2020-03-06,-0.627306771414919,99.3726932285851,Medios,Diario
2020-03-07,-0.161911034583791,99.8380889654162,Medios,Diario
2020-03-08,-0.38454538704278,99.6154546129572,Medios,Diario
2020-03-09,-0.407954929448165,99.5920450705518,Medios,Diario
2020-03-10,-0.399728356259506,99.6002716437405,Medios,Diario
2020-03-11,-0.0188876075583566,99.9811123924417,Medios,Diario
2020-03-12,0.525355376652394,100.525355376652,Medios,Diario
2020-03-13,0.981774133567796,100.981774133568,Medios,Diario
2020-03-14,0.459149228747743,100.459149228748,Medios,Diario
2020-03-15,1.0162770471357,101.016277047136,Medios,Diario
2020-03-16,1.03995586984468,101.039955869845,Medios,Diario
2020-03-17,1.02337219828452,101.023372198285,Medios,Diario
2020-03-18,1.11583433867693,101.115834338677,Medios,Diario
2020-03-19,0.993915202863816,100.993915202864,Medios,Diario
2020-03-20,0.78048557449375,100.780485574494,Medios,Diario
2020-03-21,1.83666751854455,101.836667518545,Medios,Diario
2020-03-22,1.93051002133793,101.930510021338,Medios,Diario
2020-03-23,0.577898366719823,100.57789836672,Medios,Diario
2020-03-24,0.807996047029065,100.807996047029,Medios,Diario
2020-03-25,0.725361924811325,100.725361924811,Medios,Diario
2020-03-26,1.29421817907009,101.29421817907,Medios,Diario
2020-03-27,1.18776598157769,101.187765981578,Medios,Diario
2020-03-28,1.86695629599655,101.866956295997,Medios,Diario
2020-03-29,1.02230714176044,101.02230714176,Medios,Diario
2020-03-30,0.688949801678505,100.688949801679,Medios,Diario
2020-03-31,0.886751422393469,100.886751422393,Medios,Diario
2020-04-01,0.936284231688307,100.936284231688,Medios,Diario
2020-04-02,0.120953193255173,100.120953193255,Medios,Diario
2020-04-03,0.804372374382524,100.804372374383,Medios,Diario
2020-04-04,0.995315460047485,100.995315460047,Medios,Diario
2020-04-05,1.0410912411173,101.041091241117,Medios,Diario
2020-04-06,0.933444634711996,100.933444634712,Medios,Diario
2020-04-07,0.702902540273979,100.702902540274,Medios,Diario
2020-04-08,0.642177089773457,100.642177089773,Medios,Diario
2020-04-09,1.26466108213587,101.264661082136,Medios,Diario
2020-04-10,0.318973795158033,100.318973795158,Medios,Diario
2020-04-11,0.472373743759269,100.472373743759,Medios,Diario
2020-04-12,0.851328196958765,100.851328196959,Medios,Diario
2020-04-13,0.490674213124933,100.490674213125,Medios,Diario
2020-04-14,0.615236882534963,100.615236882535,Medios,Diario
2020-04-15,0.7520149072481,100.752014907248,Medios,Diario
2020-04-16,1.08982993460882,101.089829934609,Medios,Diario
2020-04-17,0.804800088781142,100.804800088781,Medios,Diario
2020-04-18,1.4118804617833,101.411880461783,Medios,Diario
2020-04-19,2.06575878500136,102.065758785001,Medios,Diario
2020-04-20,1.15670527831514,101.156705278315,Medios,Diario
2020-04-21,1.09093376678345,101.090933766783,Medios,Diario
2020-04-22,0.719913339909604,100.71991333991,Medios,Diario
2020-04-23,0.842571408782362,100.842571408782,Medios,Diario
2020-04-24,1.04738163993787,101.047381639938,Medios,Diario
2020-04-25,1.85291345734865,101.852913457349,Medios,Diario
2020-04-26,1.66386148153639,101.663861481536,Medios,Diario
2020-04-27,0.751172643426726,100.751172643427,Medios,Diario
2020-04-28,0.608112915456858,100.608112915457,Medios,Diario
2020-04-29,0.380210491177878,100.380210491178,Medios,Diario
2020-04-30,1.14593161800633,101.145931618006,Medios,Diario
2020-05-01,0.584331502295243,100.584331502295,Medios,Diario
2020-05-02,1.22956695866835,101.229566958668,Medios,Diario
2020-05-03,1.59585054977969,101.59585054978,Medios,Diario
2020-05-04,0.700617681211053,100.700617681211,Medios,Diario
2020-05-05,0.704978894316285,100.704978894316,Medios,Diario
2020-05-06,0.603340222958151,100.603340222958,Medios,Diario
2020-05-07,0.576230708049396,100.576230708049,Medios,Diario
2020-05-08,0.0880034258571866,100.088003425857,Medios,Diario
2020-05-09,0.809180214476726,100.809180214477,Medios,Diario
2020-05-10,0.97445725846419,100.974457258464,Medios,Diario
2020-05-11,1.51506034201066,101.515060342011,Medios,Diario
2020-05-12,1.07797831890951,101.07797831891,Medios,Diario
2020-05-13,1.23822561105495,101.238225611055,Medios,Diario
2020-05-14,0.861550617601375,100.861550617601,Medios,Diario
2020-05-15,1.27794220308772,101.277942203088,Medios,Diario
2020-05-16,1.07444099005035,101.07444099005,Medios,Diario
2020-05-17,0.897070782735405,100.897070782735,Medios,Diario
2020-05-18,0.370540501725757,100.370540501726,Medios,Diario
2020-05-19,0.875833162887486,100.875833162888,Medios,Diario
2020-05-20,0.4085242032627,100.408524203263,Medios,Diario
2020-05-21,0.0490874963247115,100.049087496325,Medios,Diario
2020-05-22,0.890125837674153,100.890125837674,Medios,Diario
2020-05-23,0.595123666469543,100.59512366647,Medios,Diario
2020-05-24,1.13599333380219,101.135993333802,Medios,Diario
2020-05-25,0.997769707856093,100.997769707856,Medios,Diario
2020-05-26,0.981330970229097,100.981330970229,Medios,Diario
2020-05-27,0.82875890332087,100.828758903321,Medios,Diario
2020-05-28,0.649579244561337,100.649579244561,Medios,Diario
2020-05-29,0.768660957570563,100.768660957571,Medios,Diario
2020-05-30,1.19714135686147,101.197141356861,Medios,Diario
2020-05-31,1.06452206377829,101.064522063778,Medios,Diario
2020-06-01,1.01270704668026,101.01270704668,Medios,Diario
2020-06-02,1.11984757918591,101.119847579186,Medios,Diario
2020-06-03,0.0759948275741849,100.075994827574,Medios,Diario
2020-06-04,1.02660703993276,101.026607039933,Medios,Diario
2020-06-05,1.2053922799054,101.205392279905,Medios,Diario
2020-06-06,0.704641884258006,100.704641884258,Medios,Diario
2020-06-07,1.26144933753,101.26144933753,Medios,Diario
2020-06-08,1.2123213599696,101.21232135997,Medios,Diario
2020-06-09,0.703971497478882,100.703971497479,Medios,Diario
2020-06-10,1.0867879538372,101.086787953837,Medios,Diario
2020-06-11,0.651872568759289,100.651872568759,Medios,Diario
2020-06-12,0.388495708038813,100.388495708039,Medios,Diario
2020-06-13,1.92039576501045,101.92039576501,Medios,Diario
2020-06-14,1.61815737484519,101.618157374845,Medios,Diario
2020-06-15,0.805003254861547,100.805003254862,Medios,Diario
2020-06-16,1.06359289020093,101.063592890201,Medios,Diario
2020-06-17,1.19941631068789,101.199416310688,Medios,Diario
2020-06-18,0.756730866924905,100.756730866925,Medios,Diario
2020-06-19,0.924517205997045,100.924517205997,Medios,Diario
2020-06-20,1.29717233451352,101.297172334514,Medios,Diario
2020-06-21,1.28658969463229,101.286589694632,Medios,Diario
2020-06-22,1.48641651970426,101.486416519704,Medios,Diario
2020-06-23,0.801802674381413,100.801802674381,Medios,Diario
2020-06-24,0.677471376088006,100.677471376088,Medios,Diario
2020-06-25,0.89216913384425,100.892169133844,Medios,Diario
2020-06-26,0.862678284671237,100.862678284671,Medios,Diario
2020-06-27,0.951044837132958,100.951044837133,Medios,Diario
2020-06-28,0.594933889794698,100.594933889795,Medios,Diario
2020-06-29,0.607757922393351,100.607757922393,Medios,Diario
2020-06-30,1.03474751427666,101.034747514277,Medios,Diario
2020-07-01,1.13132955681768,101.131329556818,Medios,Diario
2020-07-02,1.11339773499118,101.113397734991,Medios,Diario
2020-07-03,0.928255740043161,100.928255740043,Medios,Diario
2020-07-04,1.08302942488852,101.083029424889,Medios,Diario
2020-07-05,0.245879054653198,100.245879054653,Medios,Diario
2020-07-06,0.879833524419587,100.87983352442,Medios,Diario
2020-07-07,1.06081789785978,101.06081789786,Medios,Diario
2020-07-08,0.702736641104395,100.702736641104,Medios,Diario
2020-07-09,0.0929087059068867,100.092908705907,Medios,Diario
2020-07-10,0.799938863688253,100.799938863688,Medios,Diario
2020-07-11,0.617272430788748,100.617272430789,Medios,Diario
2020-07-12,0.317242073480469,100.317242073481,Medios,Diario
2020-07-13,0.545754378541799,100.545754378542,Medios,Diario
2020-07-14,0.633418992818213,100.633418992818,Medios,Diario
2020-07-15,-0.0241840214687246,99.9758159785313,Medios,Diario
2020-07-16,1.82951154131019,101.82951154131,Medios,Diario
2020-07-17,0.60965532930574,100.609655329306,Medios,Diario
2020-07-18,1.01676301714995,101.01676301715,Medios,Diario
2020-07-19,1.18675896610291,101.186758966103,Medios,Diario
2020-07-20,0.0557869795170102,100.055786979517,Medios,Diario
2020-07-21,0.692977545836571,100.692977545837,Medios,Diario
2020-07-22,0.0640492103970597,100.064049210397,Medios,Diario
2020-07-23,-0.458867685436675,99.5411323145633,Medios,Diario
2020-07-24,0.803858047627206,100.803858047627,Medios,Diario
2020-07-25,0.52194677546872,100.521946775469,Medios,Diario
2020-07-26,-0.236699893348727,99.7633001066513,Medios,Diario
2020-07-27,0.12270449432102,100.122704494321,Medios,Diario
2020-07-28,0.698422143085029,100.698422143085,Medios,Diario
2020-07-29,-0.176460137218977,99.823539862781,Medios,Diario
2020-07-30,-0.0349521688043778,99.9650478311956,Medios,Diario
2020-07-31,0.464748656849683,100.46474865685,Medios,Diario
2020-08-01,0.0151934685752854,100.015193468575,Medios,Diario
2020-08-02,0.402390639510039,100.40239063951,Medios,Diario
2020-08-03,-0.113604687217255,99.8863953127827,Medios,Diario
2020-08-04,0.501898485619885,100.50189848562,Medios,Diario
2020-08-05,-0.238900768562894,99.7610992314371,Medios,Diario
2020-08-06,-0.335256006753275,99.6647439932467,Medios,Diario
2020-08-07,-0.192390512920978,99.807609487079,Medios,Diario
2020-08-08,0.32220722269858,100.322207222699,Medios,Diario
2020-08-09,-0.202792293919866,99.7972077060801,Medios,Diario
2020-08-10,-0.0014640735553622,99.9985359264446,Medios,Diario
2020-08-11,0.304427453596155,100.304427453596,Medios,Diario
2020-08-12,-0.147674415178705,99.8523255848213,Medios,Diario
2020-08-13,0.643569648822594,100.643569648823,Medios,Diario
2020-08-14,0.271422361997756,100.271422361998,Medios,Diario
2020-08-15,-0.0867153008102023,99.9132846991898,Medios,Diario
2020-08-16,0.294832240875392,100.294832240875,Medios,Diario
2020-08-17,0.942408958779445,100.942408958779,Medios,Diario
2020-08-18,0.344307259754788,100.344307259755,Medios,Diario
2020-08-19,0.519759297495642,100.519759297496,Medios,Diario
2020-08-20,0.88668215629951,100.8866821563,Medios,Diario
2020-08-21,0.93848739380569,100.938487393806,Medios,Diario
2020-08-22,0.530351294786867,100.530351294787,Medios,Diario
2020-08-23,0.625956072977217,100.625956072977,Medios,Diario
2020-08-24,0.67062141582723,100.670621415827,Medios,Diario
2020-08-25,0.244944469821607,100.244944469822,Medios,Diario
2020-08-26,0.54517704839807,100.545177048398,Medios,Diario
2020-08-27,0.729944922313644,100.729944922314,Medios,Diario
2020-08-28,0.833725154425603,100.833725154426,Medios,Diario
2020-08-29,0.329151150801515,100.329151150802,Medios,Diario
2020-08-30,1.10121332133874,101.101213321339,Medios,Diario
2020-08-31,0.86360391894589,100.863603918946,Medios,Diario
2020-09-01,0.688918515136363,100.688918515136,Medios,Diario
2020-09-02,0.195726481658629,100.195726481659,Medios,Diario
2020-09-03,1.07437535768735,101.074375357687,Medios,Diario
2020-09-04,0.596847330265848,100.596847330266,Medios,Diario
2020-09-05,-0.300521024579255,99.6994789754208,Medios,Diario
2020-09-06,0.0514583488703141,100.05145834887,Medios,Diario
2020-09-07,0.647832112525222,100.647832112525,Medios,Diario
2020-09-08,0.146496866504731,100.146496866505,Medios,Diario
2020-09-09,0.782532710261561,100.782532710262,Medios,Diario
2020-09-10,-0.174829549483456,99.8251704505165,Medios,Diario
2020-09-11,0.515806848940492,100.51580684894,Medios,Diario
2020-09-12,0.272553283805279,100.272553283805,Medios,Diario
2020-09-13,1.21204703627138,101.212047036271,Medios,Diario
2020-09-14,0.673795886918625,100.673795886919,Medios,Diario
2020-09-15,0.634513337618065,100.634513337618,Medios,Diario
2020-09-16,0.629613808876331,100.629613808876,Medios,Diario
2020-09-17,0.494033228735618,100.494033228736,Medios,Diario
2020-09-18,0.0900380327609046,100.090038032761,Medios,Diario
2020-09-19,-0.356585698312577,99.6434143016874,Medios,Diario
2020-09-20,1.22955245557334,101.229552455573,Medios,Diario
2020-09-21,0.749900544658127,100.749900544658,Medios,Diario
2020-09-22,0.193403758598837,100.193403758599,Medios,Diario
2020-09-23,0.563654581214506,100.563654581215,Medios,Diario
2020-09-24,0.673775558371763,100.673775558372,Medios,Diario
2020-09-25,0.55518134989842,100.555181349898,Medios,Diario
2020-09-26,0.282181153642389,100.282181153642,Medios,Diario
2020-09-27,0.900451720112245,100.900451720112,Medios,Diario
2020-09-28,0.664595183467018,100.664595183467,Medios,Diario
2020-09-29,1.12501838149387,101.125018381494,Medios,Diario
2020-09-30,0.231875768321865,100.231875768322,Medios,Diario
2020-10-01,0.642020700259648,100.64202070026,Medios,Diario
2020-10-02,0.27282339636339,100.272823396363,Medios,Diario
2020-10-03,0.580869978927272,100.580869978927,Medios,Diario
2020-10-04,-0.376661244156006,99.623338755844,Medios,Diario
2020-10-05,0.890756965120575,100.890756965121,Medios,Diario
2020-10-06,0.325412664851911,100.325412664852,Medios,Diario
2020-10-07,0.483694847294074,100.483694847294,Medios,Diario
2020-10-08,0.266652540617251,100.266652540617,Medios,Diario
2020-10-09,0.249365738971317,100.249365738971,Medios,Diario
2020-10-10,0.241459737511215,100.241459737511,Medios,Diario
2020-10-11,0.7055317569653,100.705531756965,Medios,Diario
2020-10-12,0.431856990141679,100.431856990142,Medios,Diario
2020-10-13,0.802345534654168,100.802345534654,Medios,Diario
2020-10-14,0.327440659193484,100.327440659194,Medios,Diario
2020-10-15,0.783153848974519,100.783153848975,Medios,Diario
2020-10-16,0.0217690673895133,100.02176906739,Medios,Diario
2020-10-17,0.623181841849857,100.62318184185,Medios,Diario
2020-10-18,-0.0567495415597114,99.9432504584403,Medios,Diario
2020-10-19,0.454426611137174,100.454426611137,Medios,Diario
2020-10-20,0.399264512945423,100.399264512945,Medios,Diario
2020-10-21,-0.024103723695781,99.9758962763042,Medios,Diario
2020-10-22,0.294903964773276,100.294903964773,Medios,Diario
2020-10-23,-0.0609464745143111,99.9390535254857,Medios,Diario
2020-10-24,1.51999015285824,101.519990152858,Medios,Diario
2020-10-25,-1.29661975717447,98.7033802428255,Medios,Diario
2020-10-26,-0.118658257134447,99.8813417428656,Medios,Diario
2020-10-27,-0.00351158086776932,99.9964884191322,Medios,Diario
2020-10-28,0.374505721011523,100.374505721012,Medios,Diario
2020-10-29,0.705362289256143,100.705362289256,Medios,Diario
2020-10-30,0.318789251363721,100.318789251364,Medios,Diario
2020-10-31,0.274615874032705,100.274615874033,Medios,Diario
2020-11-01,0.924825598449151,100.924825598449,Medios,Diario
2020-11-02,0.61523365417217,100.615233654172,Medios,Diario
2020-11-03,0.611196451238524,100.611196451239,Medios,Diario
2020-11-04,0.363780219165834,100.363780219166,Medios,Diario
2020-11-05,0.670502854103069,100.670502854103,Medios,Diario
2020-11-06,-0.16812422529066,99.8318757747094,Medios,Diario
2020-11-07,0.892517939288059,100.892517939288,Medios,Diario
2020-11-08,0.397576247452472,100.397576247452,Medios,Diario
2020-11-09,0.267129495494662,100.267129495495,Medios,Diario
2020-11-10,-0.236020260883755,99.7639797391163,Medios,Diario
2020-11-11,0.0290708056857876,100.029070805686,Medios,Diario
2020-11-12,1.24341101608861,101.243411016089,Medios,Diario
2020-11-13,0.526942525716973,100.526942525717,Medios,Diario
2020-11-14,0.662597478933235,100.662597478933,Medios,Diario
2020-11-15,-0.514539695583749,99.4854603044163,Medios,Diario
2020-11-16,0.564643230323603,100.564643230324,Medios,Diario
2020-11-17,0.461108560728469,100.461108560728,Medios,Diario
2020-11-18,0.247111075784379,100.247111075784,Medios,Diario
2020-11-19,0.238120058601372,100.238120058601,Medios,Diario
2020-11-20,0.281383169881715,100.281383169882,Medios,Diario
2020-11-21,0.636317081072763,100.636317081073,Medios,Diario
2020-11-22,0.582989901662953,100.582989901663,Medios,Diario
2020-11-23,1.06893794199851,101.068937941999,Medios,Diario
2020-11-24,0.235884853671048,100.235884853671,Medios,Diario
2020-11-25,0.595394940168726,100.595394940169,Medios,Diario
2020-11-26,-0.0421303484613101,99.9578696515387,Medios,Diario
2020-11-27,-0.0839607383573052,99.9160392616427,Medios,Diario
2020-11-28,0.97383476642848,100.973834766429,Medios,Diario
2020-11-29,-0.0776964422488581,99.9223035577511,Medios,Diario
2020-11-30,0.574564733423267,100.574564733423,Medios,Diario
2020-12-01,0.639807613021489,100.639807613021,Medios,Diario
2020-12-02,0.492307812602904,100.492307812603,Medios,Diario
2020-12-03,0.937839187645317,100.937839187645,Medios,Diario
2020-12-04,0.177062281396851,100.177062281397,Medios,Diario
2020-12-05,0.592711213102483,100.592711213102,Medios,Diario
2020-12-06,0.867177908878391,100.867177908878,Medios,Diario
2020-12-07,0.532539309627173,100.532539309627,Medios,Diario
2020-12-08,0.709319593268654,100.709319593269,Medios,Diario
2020-12-09,0.332921351213372,100.332921351213,Medios,Diario
2020-12-10,-0.172567019036617,99.8274329809634,Medios,Diario
2020-12-11,0.148547873340911,100.148547873341,Medios,Diario
2020-12-12,0.251968556976627,100.251968556977,Medios,Diario
2020-12-13,0.459566769088448,100.459566769088,Medios,Diario
2020-12-14,0.501088733186922,100.501088733187,Medios,Diario
2020-12-15,0.0599498840889188,100.059949884089,Medios,Diario
2020-12-16,0.52875069467647,100.528750694676,Medios,Diario
2020-12-17,0.277770166082957,100.277770166083,Medios,Diario
2020-12-18,0.366596471357815,100.366596471358,Medios,Diario
2020-12-19,0.468084088514972,100.468084088515,Medios,Diario
2020-12-20,0.195204340029816,100.19520434003,Medios,Diario
2020-12-21,0.784253503746604,100.784253503747,Medios,Diario
2020-12-22,0.434903884092985,100.434903884093,Medios,Diario
2020-12-23,0.321632462094643,100.321632462095,Medios,Diario
2020-12-24,0.669179081359073,100.669179081359,Medios,Diario
2020-12-25,0.471023475749259,100.471023475749,Medios,Diario
2020-12-26,0.552726693780384,100.55272669378,Medios,Diario
2020-12-27,0.511873361315131,100.511873361315,Medios,Diario
2020-12-28,0.26034601352845,100.260346013528,Medios,Diario
2020-12-29,1.03629560248705,101.036295602487,Medios,Diario
2020-12-30,0.793301538314675,100.793301538315,Medios,Diario
2020-12-31,0.750713529224113,100.750713529224,Medios,Diario
2021-01-01,0.314078397548044,100.314078397548,Medios,Diario
2021-01-02,1.17178806109624,101.171788061096,Medios,Diario
2021-01-03,0.24790785630931,100.247907856309,Medios,Diario
2021-01-04,0.536504006152622,100.536504006153,Medios,Diario
2021-01-05,0.571140744348481,100.571140744349,Medios,Diario
2021-01-06,0.867605786550662,100.867605786551,Medios,Diario
2021-01-07,0.241096285004583,100.241096285005,Medios,Diario
2021-01-08,0.392367819306652,100.392367819307,Medios,Diario
2021-01-09,0.797848991027004,100.797848991027,Medios,Diario
2021-01-10,1.19941083523386,101.199410835234,Medios,Diario
2021-01-11,0.189500155569104,100.189500155569,Medios,Diario
2021-01-12,1.17686473307966,101.17686473308,Medios,Diario
2021-01-13,0.616034332028554,100.616034332029,Medios,Diario
2021-01-14,0.84646039713082,100.846460397131,Medios,Diario
2021-01-15,-0.00609003515257048,99.9939099648474,Medios,Diario
2021-01-16,1.00022172194395,101.000221721944,Medios,Diario
2021-01-17,1.28956409388218,101.289564093882,Medios,Diario
2021-01-18,0.38627416431712,100.386274164317,Medios,Diario
2021-01-19,0.560974795500011,100.5609747955,Medios,Diario
2021-01-20,1.27782677807962,101.27782677808,Medios,Diario
2021-01-21,0.812272423702147,100.812272423702,Medios,Diario
2021-01-22,0.607726510412937,100.607726510413,Medios,Diario
2021-01-23,0.223210860919465,100.223210860919,Medios,Diario
2021-01-24,-0.483624655230377,99.5163753447696,Medios,Diario
2021-01-25,0.353607282864171,100.353607282864,Medios,Diario
2021-01-26,0.481802302949205,100.481802302949,Medios,Diario
2021-01-27,0.455356596856359,100.455356596856,Medios,Diario
2021-01-28,0.749539443546749,100.749539443547,Medios,Diario
2021-01-29,-0.0251264979882765,99.9748735020117,Medios,Diario
2021-01-30,0.738517301474268,100.738517301474,Medios,Diario
2021-01-31,-0.0990578481932718,99.9009421518067,Medios,Diario
2021-02-01,-0.327720802269411,99.6722791977306,Medios,Diario
2021-02-02,0.333495172871522,100.333495172872,Medios,Diario
2021-02-03,1.08468896662268,101.084688966623,Medios,Diario
2021-02-04,1.02280770696803,101.022807706968,Medios,Diario
2021-02-05,0.339367156730465,100.33936715673,Medios,Diario
2021-02-06,-0.733089765172231,99.2669102348278,Medios,Diario
2021-02-07,0.112567974350573,100.112567974351,Medios,Diario
2021-02-08,-0.108434429516983,99.891565570483,Medios,Diario
2021-02-09,1.05480897700218,101.054808977002,Medios,Diario
2021-02-10,0.638374636350824,100.638374636351,Medios,Diario
2021-02-11,0.513526385556304,100.513526385556,Medios,Diario
2021-02-12,0.698508408653183,100.698508408653,Medios,Diario
2021-02-13,0.489554332131041,100.489554332131,Medios,Diario
2021-02-14,0.334185913214217,100.334185913214,Medios,Diario
2021-02-15,0.517673681265917,100.517673681266,Medios,Diario
2021-02-16,0.696942696541278,100.696942696541,Medios,Diario
2021-02-17,0.95203181781696,100.952031817817,Medios,Diario
2021-02-18,0.227400176953905,100.227400176954,Medios,Diario
2021-02-19,0.619613346918863,100.619613346919,Medios,Diario
2021-02-20,1.25890621292614,101.258906212926,Medios,Diario
2021-02-21,0.676280621288395,100.676280621288,Medios,Diario
2021-02-22,0.610925007367364,100.610925007367,Medios,Diario
2021-02-23,0.810092153778008,100.810092153778,Medios,Diario
2021-02-24,0.854347693083074,100.854347693083,Medios,Diario
2021-02-25,0.371641165992938,100.371641165993,Medios,Diario
2021-02-26,-0.704059267508704,99.2959407324913,Medios,Diario
2021-02-27,-0.440328775640847,99.5596712243591,Medios,Diario
2021-02-28,-0.420377113746795,99.5796228862532,Medios,Diario
2021-03-01,0.274335125096528,100.274335125097,Medios,Diario
2021-03-02,0.186935431643017,100.186935431643,Medios,Diario
2021-03-03,0.640991683513639,100.640991683514,Medios,Diario
2021-03-04,0.0599233766281587,100.059923376628,Medios,Diario
2021-03-05,0.65323711422443,100.653237114224,Medios,Diario
2021-03-06,0.539880496959563,100.53988049696,Medios,Diario
2021-03-07,0.802118926192842,100.802118926193,Medios,Diario
2021-03-08,0.68124909824775,100.681249098248,Medios,Diario
2021-03-09,-0.19598170629611,99.8040182937039,Medios,Diario
2021-03-10,0.290361104567762,100.290361104568,Medios,Diario
2021-03-11,0.478595543860864,100.478595543861,Medios,Diario
2021-03-12,-0.0748369726679983,99.925163027332,Medios,Diario
2021-03-13,1.40263412240147,101.402634122401,Medios,Diario
2021-03-14,0.821213584434693,100.821213584435,Medios,Diario
2021-03-15,0.58482142580465,100.584821425805,Medios,Diario
2021-03-16,0.262489823707659,100.262489823708,Medios,Diario
2021-03-17,0.772421955806455,100.772421955806,Medios,Diario
2021-03-18,0.95041353387983,100.95041353388,Medios,Diario
2021-03-19,0.366301557018135,100.366301557018,Medios,Diario
2021-03-20,0.938901745162318,100.938901745162,Medios,Diario
2021-03-21,0.16707456776831,100.167074567768,Medios,Diario
2021-03-22,0.617718325197045,100.617718325197,Medios,Diario
2021-03-23,1.01206067348285,101.012060673483,Medios,Diario
2021-03-24,1.16419863194664,101.164198631947,Medios,Diario
2021-03-25,0.480524428884629,100.480524428885,Medios,Diario
2021-03-26,0.775072148112819,100.775072148113,Medios,Diario
2021-03-27,0.553186133443554,100.553186133444,Medios,Diario
2021-03-28,1.15997851313033,101.15997851313,Medios,Diario
2021-03-29,0.994519135885647,100.994519135886,Medios,Diario
2021-03-30,1.20684135553848,101.206841355538,Medios,Diario
2021-03-31,0.754021305631007,100.754021305631,Medios,Diario
2021-04-01,0.0504915536723286,100.050491553672,Medios,Diario
2021-04-02,1.4581353751552,101.458135375155,Medios,Diario
2021-04-03,0.753759791175015,100.753759791175,Medios,Diario
2021-04-04,0.639797612553464,100.639797612553,Medios,Diario
2021-04-05,0.920271692358062,100.920271692358,Medios,Diario
2021-04-06,0.393471344659991,100.39347134466,Medios,Diario
2021-04-07,1.18903631086456,101.189036310865,Medios,Diario
2021-04-08,0.988857821159335,100.988857821159,Medios,Diario
2021-04-09,0.959491956331181,100.959491956331,Medios,Diario
2021-04-10,0.493597518088756,100.493597518089,Medios,Diario
2021-04-11,1.04765383997218,101.047653839972,Medios,Diario
2021-04-12,1.24593331194585,101.245933311946,Medios,Diario
2021-04-13,1.02179898087249,101.021798980873,Medios,Diario
2021-04-14,0.169311989212347,100.169311989212,Medios,Diario
2021-04-15,0.27092468787212,100.270924687872,Medios,Diario
2021-04-16,0.189735991753433,100.189735991753,Medios,Diario
2021-04-17,0.0599418450749362,100.059941845075,Medios,Diario
2021-04-18,0.354926940898295,100.354926940898,Medios,Diario
2021-04-19,0.0468209225904083,100.04682092259,Medios,Diario
2021-04-20,0.696566862780727,100.696566862781,Medios,Diario
2021-04-21,0.252701971876794,100.252701971877,Medios,Diario
2021-04-22,0.174311260944457,100.174311260944,Medios,Diario
2021-04-23,0.484724251641162,100.484724251641,Medios,Diario
2021-04-24,0.77006267386969,100.77006267387,Medios,Diario
2021-04-25,-0.228521243861777,99.7714787561382,Medios,Diario
2021-04-26,0.109174232470066,100.10917423247,Medios,Diario
2021-04-27,0.0390651020914468,100.039065102091,Medios,Diario
2021-04-28,-0.167684731450885,99.8323152685491,Medios,Diario
2021-04-29,0.567210871811974,100.567210871812,Medios,Diario
2021-04-30,-0.0502088215737511,99.9497911784263,Medios,Diario
2021-05-01,0.687154281273178,100.687154281273,Medios,Diario
2021-05-02,1.43879853445442,101.438798534454,Medios,Diario
2021-05-03,0.886883784310555,100.886883784311,Medios,Diario
2021-05-04,0.511997095260459,100.51199709526,Medios,Diario
2021-05-05,0.432491961488877,100.432491961489,Medios,Diario
2021-05-06,0.383689271723326,100.383689271723,Medios,Diario
2021-05-07,0.723175392084776,100.723175392085,Medios,Diario
2021-05-08,-0.552483853449728,99.4475161465503,Medios,Diario
2021-05-09,0.875194796413233,100.875194796413,Medios,Diario
2021-05-10,0.49810086504864,100.498100865049,Medios,Diario
2021-05-11,-0.233665744801241,99.7663342551988,Medios,Diario
2021-05-12,0.846816323571691,100.846816323572,Medios,Diario
2021-05-13,1.07216965294901,101.072169652949,Medios,Diario
2021-05-14,0.584847863626012,100.584847863626,Medios,Diario
2021-05-15,-0.849179770553928,99.1508202294461,Medios,Diario
2021-05-16,-1.06355328153971,98.9364467184603,Medios,Diario
2021-05-17,0.0106470621221305,100.010647062122,Medios,Diario
2021-05-18,0.414653663380852,100.414653663381,Medios,Diario
2021-05-19,-0.322183633125001,99.677816366875,Medios,Diario
2021-05-20,0.414521409533823,100.414521409534,Medios,Diario
2021-05-21,0.624001274459809,100.62400127446,Medios,Diario
2021-05-22,-0.0399806634338041,99.9600193365662,Medios,Diario
2021-05-23,0.409866105804791,100.409866105805,Medios,Diario
2021-05-24,0.615924762781657,100.615924762782,Medios,Diario
2021-05-25,0.0528907253423036,100.052890725342,Medios,Diario
2021-05-26,0.620089311475406,100.620089311475,Medios,Diario
2021-05-27,0.593490322473329,100.593490322473,Medios,Diario
2021-05-28,0.78398869075652,100.783988690757,Medios,Diario
2021-05-29,0.755557215973568,100.755557215974,Medios,Diario
2021-05-30,0.447808145551673,100.447808145552,Medios,Diario
2021-05-31,1.01997577903457,101.019975779035,Medios,Diario
2021-06-01,0.728677920311058,100.728677920311,Medios,Diario
2021-06-02,0.392740132067555,100.392740132068,Medios,Diario
2021-06-03,0.8755839439994,100.875583943999,Medios,Diario
2021-06-04,-0.0274346307889618,99.9725653692111,Medios,Diario
2021-06-05,1.21987156058607,101.219871560586,Medios,Diario
2021-06-06,0.362775078700591,100.362775078701,Medios,Diario
2021-06-07,0.836249815314654,100.836249815315,Medios,Diario
2021-06-08,0.446028805896642,100.446028805897,Medios,Diario
2021-06-09,0.442808065901107,100.442808065901,Medios,Diario
2021-06-10,1.06585829287065,101.065858292871,Medios,Diario
2021-06-11,0.249102041155311,100.249102041155,Medios,Diario
2021-06-12,0.57786995832204,100.577869958322,Medios,Diario
2021-06-13,-0.126054991223963,99.873945008776,Medios,Diario
2021-06-14,0.441064875577426,100.441064875577,Medios,Diario
2021-06-15,0.219099779669118,100.219099779669,Medios,Diario
2021-06-16,-0.154439632106566,99.8455603678934,Medios,Diario
2021-06-17,0.284643162649277,100.284643162649,Medios,Diario
2021-06-18,0.45723307794883,100.457233077949,Medios,Diario
2021-06-19,-0.0300670435795462,99.9699329564205,Medios,Diario
2021-06-20,0.208724227705197,100.208724227705,Medios,Diario
2021-06-21,0.117238481693471,100.117238481693,Medios,Diario
2021-06-22,0.785153087117733,100.785153087118,Medios,Diario
2021-06-23,0.416975569249445,100.416975569249,Medios,Diario
2021-06-24,0.222539145561157,100.222539145561,Medios,Diario
2021-06-25,0.928980750080761,100.928980750081,Medios,Diario
2021-06-26,0.179975070724012,100.179975070724,Medios,Diario
2021-06-27,1.8134048715074,101.813404871507,Medios,Diario
2021-06-28,1.22014015017755,101.220140150178,Medios,Diario
2021-06-29,0.0606912249098949,100.06069122491,Medios,Diario
2021-06-30,0.533279399886282,100.533279399886,Medios,Diario
2021-07-01,0.333469059445889,100.333469059446,Medios,Diario
2021-07-02,0.512731474103264,100.512731474103,Medios,Diario
2021-07-03,0.00923363954779758,100.009233639548,Medios,Diario
2021-07-04,-0.523088319296474,99.4769116807035,Medios,Diario
2021-07-05,0.648977614528277,100.648977614528,Medios,Diario
2021-07-06,0.592787010959841,100.59278701096,Medios,Diario
2021-07-07,1.18631304157989,101.18631304158,Medios,Diario
2021-07-08,1.01301672199101,101.013016721991,Medios,Diario
2021-07-09,0.502564650823326,100.502564650823,Medios,Diario
2021-07-10,0.318038956869587,100.31803895687,Medios,Diario
2021-07-11,0.20775338616678,100.207753386167,Medios,Diario
2021-07-12,0.0101939559226783,100.010193955923,Medios,Diario
2021-07-13,0.31655837300432,100.316558373004,Medios,Diario
2021-07-14,0.340493570079479,100.340493570079,Medios,Diario
2021-07-15,1.19360307044624,101.193603070446,Medios,Diario
2021-07-16,0.188433919505998,100.188433919506,Medios,Diario
2021-07-17,0.487598145557344,100.487598145557,Medios,Diario
2021-07-18,-0.49722250590955,99.5027774940905,Medios,Diario
2021-07-19,0.726444463345491,100.726444463346,Medios,Diario
2021-07-20,0.546973253152226,100.546973253152,Medios,Diario
2021-07-21,0.705405119599417,100.705405119599,Medios,Diario
2021-07-22,0.8936931372923,100.893693137292,Medios,Diario
2021-07-23,0.515093971992166,100.515093971992,Medios,Diario
2021-07-24,0.669009347682462,100.669009347682,Medios,Diario
2021-07-25,0.359773981802326,100.359773981802,Medios,Diario
2021-07-26,0.754206449914769,100.754206449915,Medios,Diario
2021-07-27,0.479416993374839,100.479416993375,Medios,Diario
2021-07-28,1.1175599856917,101.117559985692,Medios,Diario
2021-07-29,0.123795102878131,100.123795102878,Medios,Diario
2021-07-30,0.473589023031278,100.473589023031,Medios,Diario
2021-07-31,-0.57316168097811,99.4268383190219,Medios,Diario
2021-08-01,0.864461496307732,100.864461496308,Medios,Diario
2021-08-02,0.542014368103103,100.542014368103,Medios,Diario
2021-08-03,1.23968542708488,101.239685427085,Medios,Diario
2021-08-04,0.946203587392233,100.946203587392,Medios,Diario
2021-08-05,0.780253790513812,100.780253790514,Medios,Diario
2021-08-06,0.801993049118149,100.801993049118,Medios,Diario
2021-08-07,0.670700568196721,100.670700568197,Medios,Diario
2021-08-08,0.0881874786187231,100.088187478619,Medios,Diario
2021-08-09,0.881275890403606,100.881275890404,Medios,Diario
2021-08-10,0.117183892156762,100.117183892157,Medios,Diario
2021-08-11,0.284348035569339,100.284348035569,Medios,Diario
2021-08-12,0.404499793112498,100.404499793113,Medios,Diario
2021-08-13,0.460609573148224,100.460609573148,Medios,Diario
2021-08-14,0.0474605069636002,100.047460506964,Medios,Diario
2021-08-15,0.042427013286961,100.042427013287,Medios,Diario
2021-08-16,0.728413699304126,100.728413699304,Medios,Diario
2021-08-17,0.0622009613485522,100.062200961349,Medios,Diario
2021-08-18,0.730648688586576,100.730648688587,Medios,Diario
2021-08-19,0.500070107009033,100.500070107009,Medios,Diario
2021-08-20,0.495496432005142,100.495496432005,Medios,Diario
2021-08-21,0.133789372374805,100.133789372375,Medios,Diario
2021-08-22,0.283382387473143,100.283382387473,Medios,Diario
2021-08-23,0.391464190682468,100.391464190682,Medios,Diario
2021-08-24,0.233998553336125,100.233998553336,Medios,Diario
2021-08-25,0.513715998828013,100.513715998828,Medios,Diario
2021-08-26,0.341814076042445,100.341814076042,Medios,Diario
2021-08-27,-0.306744950755766,99.6932550492442,Medios,Diario
2021-08-28,-0.158832227014078,99.8411677729859,Medios,Diario
2021-08-29,1.0248722438873,101.024872243887,Medios,Diario
2021-08-30,0.536528062004205,100.536528062004,Medios,Diario
2021-08-31,0.552898841094516,100.552898841095,Medios,Diario
2021-09-01,0.795701833204021,100.795701833204,Medios,Diario
2021-09-02,-0.121316738289449,99.8786832617106,Medios,Diario
2021-09-03,0.150242850420593,100.150242850421,Medios,Diario
2021-09-04,0.44181640751157,100.441816407512,Medios,Diario
2021-09-05,1.38634842617169,101.386348426172,Medios,Diario
2021-09-06,0.648552056118911,100.648552056119,Medios,Diario
2021-09-07,0.697474144428744,100.697474144429,Medios,Diario
2021-09-08,0.461320797068785,100.461320797069,Medios,Diario
2021-09-09,0.471774502763083,100.471774502763,Medios,Diario
2021-09-10,0.145289312151577,100.145289312152,Medios,Diario
2021-09-11,0.731523957259404,100.731523957259,Medios,Diario
2021-09-12,1.00002401760438,101.000024017604,Medios,Diario
2021-09-13,0.97096037824743,100.970960378247,Medios,Diario
2021-09-14,0.445218219562356,100.445218219562,Medios,Diario
2021-09-15,0.254835188250045,100.25483518825,Medios,Diario
2021-09-16,0.650600594037428,100.650600594037,Medios,Diario
2021-09-17,0.0188499719700591,100.01884997197,Medios,Diario
2021-09-18,-0.0754113842540513,99.924588615746,Medios,Diario
2021-09-19,0.876308501018048,100.876308501018,Medios,Diario
2021-09-20,0.692015675102281,100.692015675102,Medios,Diario
2021-09-21,0.992561623351835,100.992561623352,Medios,Diario
2021-09-22,0.37487573874643,100.374875738746,Medios,Diario
2021-09-23,0.117953084786012,100.117953084786,Medios,Diario
2021-09-24,0.58234247224713,100.582342472247,Medios,Diario
2021-09-25,0.864824601688767,100.864824601689,Medios,Diario
2021-09-26,0.132587721672113,100.132587721672,Medios,Diario
2021-09-27,0.648082012971552,100.648082012972,Medios,Diario
2021-09-28,0.365095802274063,100.365095802274,Medios,Diario
2021-09-29,0.240449783523819,100.240449783524,Medios,Diario
2021-09-30,1.20761381847264,101.207613818473,Medios,Diario
2021-10-01,0.616110398458241,100.616110398458,Medios,Diario
2021-10-02,0.799797238580662,100.799797238581,Medios,Diario
2021-10-03,0.124748315894519,100.124748315895,Medios,Diario
2021-10-04,0.366195196940281,100.36619519694,Medios,Diario
2021-10-05,0.511166525912483,100.511166525913,Medios,Diario
2021-10-06,0.692022044735777,100.692022044736,Medios,Diario
2021-10-07,-0.110273580800372,99.8897264191996,Medios,Diario
2021-10-08,-0.479370586347786,99.5206294136522,Medios,Diario
2021-10-09,0.558836307753328,100.558836307753,Medios,Diario
2021-10-10,-0.122216296685515,99.8777837033145,Medios,Diario
2021-10-11,-0.14404195159878,99.8559580484012,Medios,Diario
2021-10-12,0.468432877783046,100.468432877783,Medios,Diario
2021-10-13,0.577883907196826,100.577883907197,Medios,Diario
2021-10-14,0.418034223556743,100.418034223557,Medios,Diario
2021-10-15,0.186288260126421,100.186288260126,Medios,Diario
2021-10-16,0.147001453099439,100.147001453099,Medios,Diario
2021-10-17,0.320481174490828,100.320481174491,Medios,Diario
2021-10-18,0.522127567312142,100.522127567312,Medios,Diario
2021-10-19,0.373684160941922,100.373684160942,Medios,Diario
2021-10-20,0.394708119494546,100.394708119495,Medios,Diario
2021-10-21,0.393932367141467,100.393932367141,Medios,Diario
2021-10-22,0.372441741917502,100.372441741918,Medios,Diario
2021-10-23,0.748993798600845,100.748993798601,Medios,Diario
2021-10-24,0.80047489384263,100.800474893843,Medios,Diario
2021-10-25,0.822474900764831,100.822474900765,Medios,Diario
2021-10-26,0.435926351534575,100.435926351535,Medios,Diario
2021-10-27,0.380954385229518,100.38095438523,Medios,Diario
2021-10-28,0.735459238095325,100.735459238095,Medios,Diario
2021-10-29,0.0401647696583287,100.040164769658,Medios,Diario
2021-10-30,0.450745446645566,100.450745446646,Medios,Diario
2021-10-31,0.0753892297357754,100.075389229736,Medios,Diario
2021-11-01,0.587761918691116,100.587761918691,Medios,Diario
2021-11-02,0.917814922115643,100.917814922116,Medios,Diario
2021-11-03,0.0381907049295661,100.03819070493,Medios,Diario
2021-11-04,0.868234475932105,100.868234475932,Medios,Diario
2021-11-05,0.537715094599114,100.537715094599,Medios,Diario
2021-11-06,0.226907830321485,100.226907830321,Medios,Diario
2021-11-07,-0.228616166497873,99.7713838335021,Medios,Diario
2021-11-08,0.176740020718019,100.176740020718,Medios,Diario
2021-11-09,0.831744704844674,100.831744704845,Medios,Diario
2021-11-10,0.257588361010098,100.25758836101,Medios,Diario
2021-11-11,0.661215720091139,100.661215720091,Medios,Diario
2021-11-12,0.723285507781649,100.723285507782,Medios,Diario
2021-11-13,0.696526939041941,100.696526939042,Medios,Diario
2021-11-14,0.174986550818949,100.174986550819,Medios,Diario
2021-11-15,0.693809837168152,100.693809837168,Medios,Diario
2021-11-16,0.134963313894783,100.134963313895,Medios,Diario
2021-11-17,0.529906277911774,100.529906277912,Medios,Diario
2021-11-18,0.823718831171963,100.823718831172,Medios,Diario
2021-11-19,0.705260076399826,100.7052600764,Medios,Diario
2021-11-20,0.253064893363614,100.253064893364,Medios,Diario
2021-11-21,-0.506069490169945,99.4939305098301,Medios,Diario
2021-11-22,0.345030468927311,100.345030468927,Medios,Diario
2021-11-23,-0.0275500508239128,99.9724499491761,Medios,Diario
2021-11-24,0.0969363495825891,100.096936349583,Medios,Diario
2021-11-25,0.621712653276632,100.621712653277,Medios,Diario
2021-11-26,0.300972774408782,100.300972774409,Medios,Diario
2021-11-27,0.953121983275475,100.953121983275,Medios,Diario
2021-11-28,0.267306425174758,100.267306425175,Medios,Diario
2021-11-29,1.17847444246187,101.178474442462,Medios,Diario
2021-11-30,0.109971135631793,100.109971135632,Medios,Diario
2021-12-01,0.313916549549148,100.313916549549,Medios,Diario
2021-12-02,-0.250027690895448,99.7499723091046,Medios,Diario
2021-12-03,0.353315079528771,100.353315079529,Medios,Diario
2021-12-04,0.345371408079494,100.345371408079,Medios,Diario
2021-12-05,1.04253511536737,101.042535115367,Medios,Diario
2021-12-06,0.485405235080756,100.485405235081,Medios,Diario
2021-12-07,-0.0579064499684487,99.9420935500316,Medios,Diario
2021-12-08,0.578653779412367,100.578653779412,Medios,Diario
2021-12-09,0.188237265570149,100.18823726557,Medios,Diario
2021-12-10,0.369884255430686,100.369884255431,Medios,Diario
2021-12-11,-0.017769788732983,99.982230211267,Medios,Diario
2021-12-12,0.0206414381147345,100.020641438115,Medios,Diario
2021-12-13,0.201660548803212,100.201660548803,Medios,Diario
2021-12-14,0.269866293513966,100.269866293514,Medios,Diario
2021-12-15,0.55844035162979,100.55844035163,Medios,Diario
2021-12-16,0.265727244369367,100.265727244369,Medios,Diario
2021-12-17,0.276528853924095,100.276528853924,Medios,Diario
2021-12-18,0.769291904200079,100.7692919042,Medios,Diario
2021-12-19,-0.987199926204832,99.0128000737952,Medios,Diario
2021-12-20,0.558905987743354,100.558905987743,Medios,Diario
2021-12-21,0.298587636782856,100.298587636783,Medios,Diario
2021-12-22,0.399605433213177,100.399605433213,Medios,Diario
2021-12-23,0.798816056059697,100.79881605606,Medios,Diario
2021-12-24,0.49885471614294,100.498854716143,Medios,Diario
2021-12-25,-0.0411003732798286,99.9588996267202,Medios,Diario
2021-12-26,0.383980590783854,100.383980590784,Medios,Diario
2021-12-27,0.105922023436128,100.105922023436,Medios,Diario
2021-12-28,0.259115572295208,100.259115572295,Medios,Diario
2021-12-29,0.292624558690598,100.292624558691,Medios,Diario
2021-12-30,0.678903186857518,100.678903186858,Medios,Diario
2021-12-31,0.695851191788804,100.695851191789,Medios,Diario
2022-01-01,0.591843647542959,100.591843647543,Medios,Diario
2022-01-02,-0.261794160483127,99.7382058395169,Medios,Diario
2022-01-03,0.653437353264265,100.653437353264,Medios,Diario
2022-01-04,0.449253353430619,100.449253353431,Medios,Diario
2022-01-05,0.129794848808528,100.129794848809,Medios,Diario
2022-01-06,0.124845927179694,100.12484592718,Medios,Diario
2022-01-07,0.0325605269522305,100.032560526952,Medios,Diario
2022-01-08,0.580358030493639,100.580358030494,Medios,Diario
2022-01-09,1.2633811058641,101.263381105864,Medios,Diario
2022-01-10,0.193310580977208,100.193310580977,Medios,Diario
2022-01-11,-0.137264613832449,99.8627353861676,Medios,Diario
2022-01-12,0.106969203724845,100.106969203725,Medios,Diario
2022-01-13,0.509787879932666,100.509787879933,Medios,Diario
2022-01-14,0.323526078420603,100.323526078421,Medios,Diario
2022-01-15,-0.214826168152481,99.7851738318475,Medios,Diario
2022-01-16,-0.295541780601595,99.7044582193984,Medios,Diario
2022-01-17,0.449828951190584,100.449828951191,Medios,Diario
2022-01-18,0.699709599044525,100.699709599045,Medios,Diario
2022-01-19,0.916291573684499,100.916291573685,Medios,Diario
2022-01-20,1.17177321995398,101.171773219954,Medios,Diario
2022-01-21,1.17093938646166,101.170939386462,Medios,Diario
2022-01-22,0.114205061259655,100.11420506126,Medios,Diario
2022-01-23,0.967191736842936,100.967191736843,Medios,Diario
2022-01-24,0.0655098470643494,100.065509847064,Medios,Diario
2022-01-25,0.208467275570636,100.208467275571,Medios,Diario
2022-01-26,0.600471084228063,100.600471084228,Medios,Diario
2022-01-27,0.590966626882948,100.590966626883,Medios,Diario
2022-01-28,0.299292639121815,100.299292639122,Medios,Diario
2022-01-29,0.305059951013801,100.305059951014,Medios,Diario
2022-01-30,1.03566197031053,101.035661970311,Medios,Diario
2022-01-31,1.24837915897679,101.248379158977,Medios,Diario
2022-02-01,0.728484431643223,100.728484431643,Medios,Diario
2022-02-02,0.511271165195073,100.511271165195,Medios,Diario
2022-02-03,0.827223122047815,100.827223122048,Medios,Diario
2022-02-04,0.635314159868636,100.635314159869,Medios,Diario
2022-02-05,0.428225252562892,100.428225252563,Medios,Diario
2022-02-06,1.21390455161644,101.213904551616,Medios,Diario
2022-02-07,0.339623818839082,100.339623818839,Medios,Diario
2022-02-08,0.711468778988038,100.711468778988,Medios,Diario
2022-02-09,0.711233184556431,100.711233184556,Medios,Diario
2022-02-10,0.240218419685023,100.240218419685,Medios,Diario
2022-02-11,0.344431353284991,100.344431353285,Medios,Diario
2022-02-12,0.89378635698442,100.893786356984,Medios,Diario
2022-02-13,-0.0828319685914821,99.9171680314085,Medios,Diario
2022-02-14,0.381337915353508,100.381337915354,Medios,Diario
2022-02-15,0.481542261513943,100.481542261514,Medios,Diario
2022-02-16,0.395831076927878,100.395831076928,Medios,Diario
2022-02-17,0.524936543489577,100.52493654349,Medios,Diario
2022-02-18,-0.609468865593611,99.3905311344064,Medios,Diario
2022-02-19,0.887060402377599,100.887060402378,Medios,Diario
2022-02-20,0.442216039294467,100.442216039294,Medios,Diario
2022-02-21,1.03394656548158,101.033946565482,Medios,Diario
2022-02-22,0.26935038012759,100.269350380128,Medios,Diario
2022-02-23,0.465027300888694,100.465027300889,Medios,Diario
2022-02-24,-0.0292803981390981,99.9707196018609,Medios,Diario
2022-02-25,0.20517520913632,100.205175209136,Medios,Diario
2022-02-26,0.38388397889871,100.383883978899,Medios,Diario
2022-02-27,0.466386464687121,100.466386464687,Medios,Diario
2022-02-28,0.5219305059524,100.521930505952,Medios,Diario
2022-03-01,0.503011145386247,100.503011145386,Medios,Diario
2022-03-02,0.323250309088495,100.323250309089,Medios,Diario
2022-03-03,0.550238966313262,100.550238966313,Medios,Diario
2022-03-04,0.898052836142194,100.898052836142,Medios,Diario
2022-03-05,0.427444245465548,100.427444245466,Medios,Diario
2022-03-06,0.504408595064299,100.504408595064,Medios,Diario
2022-03-07,0.301021344004858,100.301021344005,Medios,Diario
2022-03-08,0.0538940976916861,100.053894097692,Medios,Diario
2022-03-09,0.292812251392181,100.292812251392,Medios,Diario
2022-03-10,0.0542882320621931,100.054288232062,Medios,Diario
2022-03-11,0.225668497351374,100.225668497351,Medios,Diario
2022-03-12,0.739110192716732,100.739110192717,Medios,Diario
2022-03-13,0.138510400602291,100.138510400602,Medios,Diario
2022-03-14,0.530578722586183,100.530578722586,Medios,Diario
2022-03-15,0.551401865112164,100.551401865112,Medios,Diario
2022-03-16,0.433416167561514,100.433416167562,Medios,Diario
2022-03-17,0.438564781801832,100.438564781802,Medios,Diario
2022-03-18,0.388041792517979,100.388041792518,Medios,Diario
2022-03-19,0.271782615000534,100.271782615001,Medios,Diario
2022-03-20,1.08024044567756,101.080240445678,Medios,Diario
2022-03-21,-0.0424623680192298,99.9575376319808,Medios,Diario
2022-03-22,-0.0557936559747411,99.9442063440253,Medios,Diario
2022-03-23,0.435662886752984,100.435662886753,Medios,Diario
2022-03-24,0.602234687189201,100.602234687189,Medios,Diario
2022-03-25,1.05881439237971,101.05881439238,Medios,Diario
2022-03-26,0.42128815063726,100.421288150637,Medios,Diario
2022-03-27,0.832847857009546,100.83284785701,Medios,Diario
2022-03-28,1.19714640481125,101.197146404811,Medios,Diario
2022-03-29,0.478697145948047,100.478697145948,Medios,Diario
2022-03-30,0.593080256821051,100.593080256821,Medios,Diario
2022-03-31,1.01718191665826,101.017181916658,Medios,Diario
2022-04-01,0.514315330151639,100.514315330152,Medios,Diario
2022-04-02,0.881040645379378,100.881040645379,Medios,Diario
2022-04-03,0.331567564221465,100.331567564221,Medios,Diario
2022-04-04,1.07147368062356,101.071473680624,Medios,Diario
2022-04-05,0.478006854869141,100.478006854869,Medios,Diario
2022-04-06,0.592031445334101,100.592031445334,Medios,Diario
2022-04-07,0.849109499394898,100.849109499395,Medios,Diario
2022-04-08,1.05562121500408,101.055621215004,Medios,Diario
2022-04-09,0.862172445892848,100.862172445893,Medios,Diario
2022-04-10,1.15857150190563,101.158571501906,Medios,Diario
2022-04-11,-0.208824683174295,99.7911753168257,Medios,Diario
2022-04-12,0.838257668849147,100.838257668849,Medios,Diario
2022-04-13,0.883098613558728,100.883098613559,Medios,Diario
2022-04-14,0.0190893194993333,100.019089319499,Medios,Diario
2022-04-15,0.318123661366843,100.318123661367,Medios,Diario
2022-04-16,0.241669189020005,100.24166918902,Medios,Diario
2022-04-17,0.513943157928198,100.513943157928,Medios,Diario
2022-04-18,0.143427666014023,100.143427666014,Medios,Diario
2022-04-19,0.809834992334357,100.809834992334,Medios,Diario
2022-04-20,0.257480053327245,100.257480053327,Medios,Diario
2022-04-21,0.209053180334445,100.209053180334,Medios,Diario
2022-04-22,0.60591447824154,100.605914478242,Medios,Diario
2022-04-23,0.17416737453368,100.174167374534,Medios,Diario
2022-04-24,0.375044668324078,100.375044668324,Medios,Diario
2022-04-25,0.543785040511734,100.543785040512,Medios,Diario
2022-04-26,0.662750480764116,100.662750480764,Medios,Diario
2022-04-27,0.869017018737628,100.869017018738,Medios,Diario
2022-04-28,0.69291241956758,100.692912419568,Medios,Diario
2022-04-29,0.898936600064492,100.898936600065,Medios,Diario
2022-04-30,1.42216107848286,101.422161078483,Medios,Diario
2022-05-01,0.27700723601873,100.277007236019,Medios,Diario
2022-05-02,0.377855827582406,100.377855827582,Medios,Diario
2022-05-03,0.743980889014409,100.743980889014,Medios,Diario
2022-05-04,0.364596401271873,100.364596401272,Medios,Diario
2022-05-05,0.578600693610747,100.578600693611,Medios,Diario
2022-05-06,0.731901472369206,100.731901472369,Medios,Diario
2022-05-07,1.2812373711096,101.28123737111,Medios,Diario
2022-05-08,1.04254887934408,101.042548879344,Medios,Diario
2022-05-09,0.616613166157326,100.616613166157,Medios,Diario
2022-05-10,0.574453313160816,100.574453313161,Medios,Diario
2022-05-11,0.729426857203492,100.729426857204,Medios,Diario
2022-05-12,0.755208547630349,100.75520854763,Medios,Diario
2022-05-13,0.706661947530938,100.706661947531,Medios,Diario
2022-05-14,1.41661423536661,101.416614235367,Medios,Diario
2022-05-15,1.3450021979833,101.345002197983,Medios,Diario
2022-05-16,0.881632798006848,100.881632798007,Medios,Diario
2022-05-17,0.665867445047223,100.665867445047,Medios,Diario
2022-05-18,0.901050629267056,100.901050629267,Medios,Diario
2022-05-19,0.782438434389767,100.78243843439,Medios,Diario
2022-05-20,0.331747660229876,100.33174766023,Medios,Diario
2022-05-21,0.1014763308426,100.101476330843,Medios,Diario
2022-05-22,0.710155705269803,100.71015570527,Medios,Diario
2022-05-23,0.114056259623968,100.114056259624,Medios,Diario
2022-05-24,0.550476118082157,100.550476118082,Medios,Diario
2022-05-25,0.0543729691929082,100.054372969193,Medios,Diario
2022-05-26,0.392758596004482,100.392758596005,Medios,Diario
2022-05-27,0.65063829050476,100.650638290505,Medios,Diario
2022-05-28,0.0549187213054169,100.054918721305,Medios,Diario
2022-05-29,0.255680024056563,100.255680024057,Medios,Diario
2022-05-30,0.165660531430717,100.165660531431,Medios,Diario
2022-05-31,0.300088207606172,100.300088207606,Medios,Diario
2022-06-01,0.193611714625107,100.193611714625,Medios,Diario
2022-06-02,0.210647592338049,100.210647592338,Medios,Diario
2022-06-03,0.384953172486804,100.384953172487,Medios,Diario
2022-06-04,0.326411849572052,100.326411849572,Medios,Diario
2022-06-05,0.651793451256544,100.651793451257,Medios,Diario
2022-06-06,0.606206364294752,100.606206364295,Medios,Diario
2022-06-07,0.146902963249885,100.14690296325,Medios,Diario
2022-06-08,0.411389144111398,100.411389144111,Medios,Diario
2022-06-09,0.489362637789739,100.48936263779,Medios,Diario
2022-06-10,0.695309229624622,100.695309229625,Medios,Diario
2022-06-11,0.390609138557334,100.390609138557,Medios,Diario
2022-06-12,0.918171653961786,100.918171653962,Medios,Diario
2022-06-13,0.253454698939291,100.253454698939,Medios,Diario
2022-06-14,0.458497051047683,100.458497051048,Medios,Diario
2022-06-15,0.67283733647667,100.672837336477,Medios,Diario
2022-06-16,0.614624100824414,100.614624100824,Medios,Diario
2022-06-17,0.484016983784635,100.484016983785,Medios,Diario
2022-06-18,0.728144228419311,100.728144228419,Medios,Diario
2022-06-19,0.569894483342413,100.569894483342,Medios,Diario
2022-06-20,0.162017714185979,100.162017714186,Medios,Diario
2022-06-21,0.257777839997405,100.257777839997,Medios,Diario
2022-06-22,0.364484203780971,100.364484203781,Medios,Diario
2022-06-23,0.501471728470381,100.50147172847,Medios,Diario
2022-06-24,0.862291725661891,100.862291725662,Medios,Diario
2022-06-25,1.11872049306338,101.118720493063,Medios,Diario
2022-06-26,1.16881171485242,101.168811714852,Medios,Diario
2022-06-27,0.51159447826057,100.511594478261,Medios,Diario
2022-06-28,1.37646804068195,101.376468040682,Medios,Diario
2022-06-29,0.662203093952951,100.662203093953,Medios,Diario
2022-06-30,0.353635223268336,100.353635223268,Medios,Diario
2022-07-01,-0.0848190050328545,99.9151809949672,Medios,Diario
2022-07-02,0.395046950632671,100.395046950633,Medios,Diario
2022-07-03,0.822888663843938,100.822888663844,Medios,Diario
2022-07-04,0.453515836768161,100.453515836768,Medios,Diario
2022-07-05,-0.0526691834160112,99.947330816584,Medios,Diario
2022-07-06,0.243639989686561,100.243639989687,Medios,Diario
2022-07-07,0.320921216751058,100.320921216751,Medios,Diario
2022-07-08,0.0969127206887022,100.096912720689,Medios,Diario
2022-07-09,0.436919418324331,100.436919418324,Medios,Diario
2022-07-10,0.671964015044321,100.671964015044,Medios,Diario
2022-07-11,0.103623168157753,100.103623168158,Medios,Diario
2022-07-12,0.433107471117089,100.433107471117,Medios,Diario
2022-07-13,0.438156666205259,100.438156666205,Medios,Diario
2022-07-14,0.363541505783962,100.363541505784,Medios,Diario
2022-07-15,-0.0173491583481205,99.9826508416519,Medios,Diario
2022-07-16,0.0753243679655752,100.075324367966,Medios,Diario
2022-07-17,0.111300808843005,100.111300808843,Medios,Diario
2022-07-18,0.0479830499740761,100.047983049974,Medios,Diario
2022-07-19,0.0915695255675185,100.091569525568,Medios,Diario
2022-07-20,0.583971446198024,100.583971446198,Medios,Diario
2022-07-21,0.194925054029173,100.194925054029,Medios,Diario
2022-07-22,0.420491455595352,100.420491455595,Medios,Diario
2022-07-23,0.744522174867658,100.744522174868,Medios,Diario
2022-07-24,0.314619022181225,100.314619022181,Medios,Diario
2022-07-25,0.207964512308736,100.207964512309,Medios,Diario
2022-07-26,0.506079292782582,100.506079292783,Medios,Diario
2022-07-27,0.571251441315064,100.571251441315,Medios,Diario
2022-07-28,0.732731995504399,100.732731995504,Medios,Diario
2022-07-29,0.189994899845817,100.189994899846,Medios,Diario
2022-07-30,0.753653657774521,100.753653657775,Medios,Diario
2022-07-31,0.706760641822941,100.706760641823,Medios,Diario
2022-08-01,0.73451031231281,100.734510312313,Medios,Diario
2022-08-02,0.88150489713493,100.881504897135,Medios,Diario
2022-08-03,0.719974996831647,100.719974996832,Medios,Diario
2022-08-04,0.738392408237533,100.738392408238,Medios,Diario
2022-08-05,0.0541678563769501,100.054167856377,Medios,Diario
2022-08-06,-0.0114982403386142,99.9885017596614,Medios,Diario
2022-08-07,0.410478531867807,100.410478531868,Medios,Diario
2022-08-08,0.601805583715664,100.601805583716,Medios,Diario
2022-08-09,0.184330457376711,100.184330457377,Medios,Diario
2022-08-10,0.456572065483982,100.456572065484,Medios,Diario
2022-08-11,0.348995189163093,100.348995189163,Medios,Diario
2022-08-12,0.236862764711482,100.236862764711,Medios,Diario
2022-08-13,0.272775453938834,100.272775453939,Medios,Diario
2022-08-14,0.410053315693289,100.410053315693,Medios,Diario
2022-08-15,-0.56114381992903,99.438856180071,Medios,Diario
2022-08-16,0.325861642337103,100.325861642337,Medios,Diario
2022-08-17,0.333999675684297,100.333999675684,Medios,Diario
2022-08-18,0.509228824659653,100.50922882466,Medios,Diario
2022-08-19,0.374597325834066,100.374597325834,Medios,Diario
2022-08-20,-0.121332205201244,99.8786677947988,Medios,Diario
2022-08-21,0.214695096366829,100.214695096367,Medios,Diario
2022-08-22,0.272775610253089,100.272775610253,Medios,Diario
2022-08-23,0.447111484596642,100.447111484597,Medios,Diario
2022-08-24,1.02126376451411,101.021263764514,Medios,Diario
2022-08-25,0.775313866127534,100.775313866128,Medios,Diario
2022-08-26,0.455736048522178,100.455736048522,Medios,Diario
2022-08-27,0.778705225180263,100.77870522518,Medios,Diario
2022-08-28,0.539291633285976,100.539291633286,Medios,Diario
2022-08-29,0.486929963301057,100.486929963301,Medios,Diario
2022-08-30,0.143151562330856,100.143151562331,Medios,Diario
2022-08-31,0.235981565146671,100.235981565147,Medios,Diario
2022-09-01,0.381317704898312,100.381317704898,Medios,Diario
2022-09-02,-0.0341531825333228,99.9658468174667,Medios,Diario
2022-09-03,-0.0618383994167569,99.9381616005832,Medios,Diario
2022-09-04,-1.45223823281504,98.547761767185,Medios,Diario
2022-09-05,0.578761722105902,100.578761722106,Medios,Diario
2022-09-06,0.377332767242161,100.377332767242,Medios,Diario
2022-09-07,0.551100703625297,100.551100703625,Medios,Diario
2022-09-08,0.604748624712221,100.604748624712,Medios,Diario
2022-09-09,0.369417095218258,100.369417095218,Medios,Diario
2022-09-10,1.32790451714458,101.327904517145,Medios,Diario
2022-09-11,0.751994307773849,100.751994307774,Medios,Diario
2022-09-12,0.404868163756382,100.404868163756,Medios,Diario
2022-09-13,0.0549259074119296,100.054925907412,Medios,Diario
2022-09-14,0.0727335332042958,100.072733533204,Medios,Diario
2022-09-15,-0.0632935774024174,99.9367064225976,Medios,Diario
2022-09-16,0.0134465028116013,100.013446502812,Medios,Diario
2022-09-17,-0.963456782115632,99.0365432178844,Medios,Diario
2022-09-18,0.0812708241943608,100.081270824194,Medios,Diario
2022-09-19,-0.317838125969904,99.6821618740301,Medios,Diario
2022-09-20,-0.0177105303222357,99.9822894696778,Medios,Diario
2022-09-21,0.971050987782979,100.971050987783,Medios,Diario
2022-09-22,0.619161708665434,100.619161708665,Medios,Diario
2022-09-23,0.568427329755707,100.568427329756,Medios,Diario
2022-09-24,0.389253919044413,100.389253919044,Medios,Diario
2022-09-25,-0.150630800638721,99.8493691993613,Medios,Diario
2022-09-26,0.405756824743111,100.405756824743,Medios,Diario
2022-09-27,0.101966113436027,100.101966113436,Medios,Diario
2022-09-28,0.423082438940911,100.423082438941,Medios,Diario
2022-09-29,0.751034277842935,100.751034277843,Medios,Diario
2022-09-30,0.80277293540363,100.802772935404,Medios,Diario
2022-10-01,1.12008322469872,101.120083224699,Medios,Diario
2022-10-02,0.535079924220885,100.535079924221,Medios,Diario
2022-10-03,0.449587079581632,100.449587079582,Medios,Diario
2022-10-04,0.313059056315857,100.313059056316,Medios,Diario
2022-10-05,0.303523593516327,100.303523593516,Medios,Diario
2022-10-06,0.341867555957022,100.341867555957,Medios,Diario
2022-10-07,0.0910209907132652,100.091020990713,Medios,Diario
2022-10-08,0.341533220272741,100.341533220273,Medios,Diario
2022-10-09,-0.94542113568139,99.0545788643186,Medios,Diario
2022-10-10,-0.331302447253242,99.6686975527468,Medios,Diario
2022-10-11,-0.332733689021542,99.6672663109785,Medios,Diario
2022-10-12,0.265384608357622,100.265384608358,Medios,Diario
2022-10-13,0.13168585220105,100.131685852201,Medios,Diario
2022-10-14,0.584880818889353,100.584880818889,Medios,Diario
2022-10-15,-0.221480304686331,99.7785196953137,Medios,Diario
2022-10-16,1.15395536146061,101.153955361461,Medios,Diario
2022-10-17,0.461839638267652,100.461839638268,Medios,Diario
2022-10-18,-0.398187883608548,99.6018121163915,Medios,Diario
2022-10-19,0.0166381490364099,100.016638149036,Medios,Diario
2022-10-20,0.308582360636669,100.308582360637,Medios,Diario
2022-10-21,-0.15142353783354,99.8485764621665,Medios,Diario
2022-10-22,-0.342753519451078,99.6572464805489,Medios,Diario
2022-10-23,-0.163133006994889,99.8368669930051,Medios,Diario
2022-10-24,0.657214244238322,100.657214244238,Medios,Diario
2022-10-25,0.579659233084252,100.579659233084,Medios,Diario
2022-10-26,0.81805691175172,100.818056911752,Medios,Diario
2022-10-27,0.236407485381729,100.236407485382,Medios,Diario
2022-10-28,0.517421432894854,100.517421432895,Medios,Diario
2022-10-29,-0.19269678194296,99.8073032180571,Medios,Diario
2022-10-30,-0.151955576502059,99.8480444234979,Medios,Diario
2022-10-31,-0.477516620778426,99.5224833792216,Medios,Diario
2022-11-01,-0.362070964875832,99.6379290351242,Medios,Diario
2022-11-02,0.0347049412502942,100.03470494125,Medios,Diario
2022-11-03,0.419575838531905,100.419575838532,Medios,Diario
2022-11-04,0.0314683590119367,100.031468359012,Medios,Diario
2022-11-05,0.120622774988736,100.120622774989,Medios,Diario
2022-11-06,-0.369995600274917,99.6300043997251,Medios,Diario
2022-11-07,-0.133249407530215,99.8667505924698,Medios,Diario
2022-11-08,0.0184265447134863,100.018426544713,Medios,Diario
2022-11-09,-0.0418200140960899,99.9581799859039,Medios,Diario
2022-11-10,0.348772732158965,100.348772732159,Medios,Diario
2022-11-11,0.238182508392382,100.238182508392,Medios,Diario
2022-11-12,0.745067013789284,100.745067013789,Medios,Diario
2022-11-13,-0.0139521323482511,99.9860478676518,Medios,Diario
2022-11-14,-0.0735870674316351,99.9264129325684,Medios,Diario
2022-11-15,0.0631005820303432,100.06310058203,Medios,Diario
2022-11-16,0.314303794703402,100.314303794703,Medios,Diario
2022-11-17,0.163581812927543,100.163581812928,Medios,Diario
2022-11-18,-0.259317049779146,99.7406829502209,Medios,Diario
2022-11-19,0.30275891857541,100.302758918575,Medios,Diario
2022-11-20,0.0145953103933455,100.014595310393,Medios,Diario
2022-11-21,0.453946572269565,100.45394657227,Medios,Diario
2022-11-22,0.215636695989971,100.21563669599,Medios,Diario
2022-11-23,0.649025077880231,100.64902507788,Medios,Diario
2022-11-24,0.522191020654941,100.522191020655,Medios,Diario
2022-11-25,0.331143231655275,100.331143231655,Medios,Diario
2022-11-26,0.0373429569235918,100.037342956924,Medios,Diario
2022-11-27,0.348638107232442,100.348638107232,Medios,Diario
2022-11-28,0.387524792259511,100.38752479226,Medios,Diario
2022-11-29,-0.200629163886752,99.7993708361133,Medios,Diario
2022-11-30,-0.0237446009305554,99.9762553990695,Medios,Diario
2022-12-01,-0.260583052643182,99.7394169473568,Medios,Diario
2022-12-02,0.0153377543056317,100.015337754306,Medios,Diario
2022-12-03,0.00723739605211571,100.007237396052,Medios,Diario
2022-12-04,0.566364276155512,100.566364276156,Medios,Diario
2022-12-05,0.324946722856028,100.324946722856,Medios,Diario
2022-12-06,0.203031655975328,100.203031655975,Medios,Diario
2022-12-07,0.544731058574483,100.544731058574,Medios,Diario
2022-12-08,-0.58534662764558,99.4146533723544,Medios,Diario
2022-12-09,0.0040773623741949,100.004077362374,Medios,Diario
2022-12-10,0.233996588202341,100.233996588202,Medios,Diario
2022-12-11,0.330105290151995,100.330105290152,Medios,Diario
2022-12-12,-0.146797321443281,99.8532026785567,Medios,Diario
2022-12-13,0.197398980076413,100.197398980076,Medios,Diario
2022-12-14,-0.262128905669564,99.7378710943304,Medios,Diario
2022-12-15,0.487529095071567,100.487529095072,Medios,Diario
2022-12-16,0.418175358181773,100.418175358182,Medios,Diario
2022-12-17,0.0657508216407759,100.065750821641,Medios,Diario
2022-12-18,-0.619504583649406,99.3804954163506,Medios,Diario
2022-12-19,-0.096320704889218,99.9036792951108,Medios,Diario
2022-12-20,0.476396676516875,100.476396676517,Medios,Diario
2022-12-21,0.208134109642849,100.208134109643,Medios,Diario
2022-12-22,0.237011384751853,100.237011384752,Medios,Diario
2022-12-23,-0.400451662473348,99.5995483375267,Medios,Diario
2022-12-24,-0.468411553086006,99.531588446914,Medios,Diario
2022-12-25,0.0477312349432204,100.047731234943,Medios,Diario
2022-12-26,-0.234128312673383,99.7658716873266,Medios,Diario
2022-12-27,-0.373111865800973,99.626888134199,Medios,Diario
2022-12-28,-0.149709403510492,99.8502905964895,Medios,Diario
2022-12-29,0.259132860205652,100.259132860206,Medios,Diario
2022-12-30,0.16488762656494,100.164887626565,Medios,Diario
2022-12-31,0.7604373946856,100.760437394686,Medios,Diario
2023-01-01,0.605924201003303,100.605924201003,Medios,Diario
2023-01-02,0.142366275414414,100.142366275414,Medios,Diario
2023-01-03,0.149773425130628,100.149773425131,Medios,Diario
2023-01-04,-0.138184054713621,99.8618159452864,Medios,Diario
2023-01-05,-0.179557754602893,99.8204422453971,Medios,Diario
2023-01-06,0.343526688646404,100.343526688646,Medios,Diario
2023-01-07,0.314071407246811,100.314071407247,Medios,Diario
2023-01-08,-0.00230247012185113,99.9976975298782,Medios,Diario
2023-01-09,-0.175073178646272,99.8249268213537,Medios,Diario
2023-01-10,0.205138262176947,100.205138262177,Medios,Diario
2023-01-11,0.232942829215377,100.232942829215,Medios,Diario
2023-01-12,0.26185957182582,100.261859571826,Medios,Diario
2023-01-13,-0.121229159751832,99.8787708402482,Medios,Diario
2023-01-14,0.974085740270602,100.974085740271,Medios,Diario
2023-01-15,-0.0344131399846649,99.9655868600153,Medios,Diario
2023-01-16,0.296827665172664,100.296827665173,Medios,Diario
2023-01-17,0.174447471927191,100.174447471927,Medios,Diario
2023-01-18,0.0828713882765201,100.082871388277,Medios,Diario
2023-01-19,-0.0162314433131359,99.9837685566869,Medios,Diario
2023-01-20,-0.488555744236656,99.5114442557634,Medios,Diario
2023-01-21,0.846352177379801,100.84635217738,Medios,Diario
2023-01-22,0.417741708056563,100.417741708057,Medios,Diario
2023-01-23,0.783473225276706,100.783473225277,Medios,Diario
2023-01-24,0.19922251825673,100.199222518257,Medios,Diario
2023-01-25,0.355100695188689,100.355100695189,Medios,Diario
2023-01-26,0.0854837153446841,100.085483715345,Medios,Diario
2023-01-27,0.170713774740657,100.170713774741,Medios,Diario
2023-01-28,0.460322536651414,100.460322536651,Medios,Diario
2023-01-29,-0.0918719459099541,99.9081280540901,Medios,Diario
2023-01-30,0.391478780881765,100.391478780882,Medios,Diario
2023-01-31,0.265989057405759,100.265989057406,Medios,Diario
2023-02-01,-0.213306523862042,99.786693476138,Medios,Diario
2023-02-02,-0.628007651721206,99.3719923482788,Medios,Diario
2023-02-03,-0.676496721366586,99.3235032786334,Medios,Diario
2023-02-04,-0.78174203595544,99.2182579640446,Medios,Diario
2023-02-05,-0.612561650215105,99.3874383497849,Medios,Diario
2023-02-06,-0.376311402998437,99.6236885970016,Medios,Diario
2023-02-07,-0.20275207004613,99.7972479299539,Medios,Diario
2023-02-08,-0.350342907945652,99.6496570920544,Medios,Diario
2023-02-09,-0.238963873763936,99.7610361262361,Medios,Diario
2023-02-10,0.00988104223830619,100.009881042238,Medios,Diario
2023-02-11,0.337964742535804,100.337964742536,Medios,Diario
2023-02-12,0.109713264645419,100.109713264645,Medios,Diario
2023-02-13,-0.188786283582525,99.8112137164175,Medios,Diario
2023-02-14,-0.0395904873619223,99.9604095126381,Medios,Diario
2023-02-15,-0.348944360803693,99.6510556391963,Medios,Diario
2023-02-16,-0.0593296572117932,99.9406703427882,Medios,Diario
2023-02-17,0.0203614388616543,100.020361438862,Medios,Diario
2023-02-18,-0.489520336855948,99.5104796631441,Medios,Diario
2023-02-19,-0.726186006358246,99.2738139936418,Medios,Diario
2023-02-20,-0.679534382730985,99.320465617269,Medios,Diario
2023-02-21,-0.105071342797019,99.894928657203,Medios,Diario
2023-02-22,-0.317387562484341,99.6826124375157,Medios,Diario
2023-02-23,-0.441931947619462,99.5580680523805,Medios,Diario
2023-02-24,-0.269986603735878,99.7300133962641,Medios,Diario
2023-02-25,-0.955708389913149,99.0442916100869,Medios,Diario
2023-02-26,-1.60490126183861,98.3950987381614,Medios,Diario
2023-02-27,-0.150354857229376,99.8496451427706,Medios,Diario
2023-02-28,0.159529080290286,100.15952908029,Medios,Diario
2023-03-01,-0.468047666008894,99.5319523339911,Medios,Diario
2023-03-02,-0.263887610331828,99.7361123896682,Medios,Diario
2023-03-03,-0.247271725467925,99.7527282745321,Medios,Diario
2023-03-04,0.149936701095245,100.149936701095,Medios,Diario
2023-03-05,-0.0101902279963279,99.9898097720037,Medios,Diario
2023-03-06,0.333774165825062,100.333774165825,Medios,Diario
2023-03-07,0.525155143564185,100.525155143564,Medios,Diario
2023-03-08,0.755599762823941,100.755599762824,Medios,Diario
2023-03-09,0.130992368645336,100.130992368645,Medios,Diario
2023-03-10,0.20690827190177,100.206908271902,Medios,Diario
2023-03-11,0.247411812343315,100.247411812343,Medios,Diario
2023-03-12,-0.796286660008958,99.2037133399911,Medios,Diario
2023-03-13,0.518159188267973,100.518159188268,Medios,Diario
2023-03-14,0.517991060533915,100.517991060534,Medios,Diario
2023-03-15,0.0446321748503431,100.04463217485,Medios,Diario
2023-03-16,0.0992497775558394,100.099249777556,Medios,Diario
2023-03-17,0.389549920700425,100.3895499207,Medios,Diario
2023-03-18,-0.0344528928241757,99.9655471071758,Medios,Diario
2023-03-19,-0.126203554626792,99.8737964453732,Medios,Diario
2023-03-20,0.132374930504161,100.132374930504,Medios,Diario
2023-03-21,0.158800197247866,100.158800197248,Medios,Diario
2023-03-22,0.800094528816978,100.800094528817,Medios,Diario
2023-03-23,0.206627082990576,100.206627082991,Medios,Diario
2023-03-24,-0.307646222414071,99.6923537775859,Medios,Diario
2023-03-25,-0.329396949728557,99.6706030502714,Medios,Diario
2023-03-26,0.698448640062509,100.698448640063,Medios,Diario
2023-03-27,0.489969102395268,100.489969102395,Medios,Diario
2023-03-28,0.0848080498797338,100.08480804988,Medios,Diario
2023-03-29,0.192224152847848,100.192224152848,Medios,Diario
2023-03-30,0.143560634763291,100.143560634763,Medios,Diario
2023-03-31,-0.178653285307211,99.8213467146928,Medios,Diario
2023-04-01,0.783122132860995,100.783122132861,Medios,Diario
2023-04-02,-0.0488077759673926,99.9511922240326,Medios,Diario
2023-04-03,0.461032613152195,100.461032613152,Medios,Diario
2023-04-04,0.100495233270688,100.100495233271,Medios,Diario
2023-04-05,-0.355148453811077,99.6448515461889,Medios,Diario
2023-04-06,0.70975386151288,100.709753861513,Medios,Diario
2023-04-07,-0.44471429801149,99.5552857019885,Medios,Diario
2023-04-08,0.0233256527600706,100.02332565276,Medios,Diario
2023-04-09,0.463452919639026,100.463452919639,Medios,Diario
2023-04-10,-0.220351053886053,99.779648946114,Medios,Diario
2023-04-11,0.168632091155702,100.168632091156,Medios,Diario
2023-04-12,-0.345687366839244,99.6543126331608,Medios,Diario
2023-04-13,0.622771521576218,100.622771521576,Medios,Diario
2023-04-14,0.40301348095635,100.403013480956,Medios,Diario
2023-04-15,-0.00414704263602598,99.995852957364,Medios,Diario
2023-04-16,0.188393014421364,100.188393014421,Medios,Diario
2023-04-17,0.0899036848332792,100.089903684833,Medios,Diario
2023-04-18,0.00018977276729821,100.000189772767,Medios,Diario
2023-04-19,0.18007970746642,100.180079707466,Medios,Diario
2023-04-20,0.610752165260241,100.61075216526,Medios,Diario
2023-04-21,0.573814038077615,100.573814038078,Medios,Diario
2023-04-22,0.673816130918607,100.673816130919,Medios,Diario
2023-04-23,0.533890604241645,100.533890604242,Medios,Diario
2023-04-24,0.0209990703251768,100.020999070325,Medios,Diario
2023-04-25,0.199711134010758,100.199711134011,Medios,Diario
2023-04-26,-0.156344917333588,99.8436550826664,Medios,Diario
2023-04-27,-0.336041433219354,99.6639585667807,Medios,Diario
2023-04-28,0.0836054534940682,100.083605453494,Medios,Diario
2023-04-29,0.030976353588891,100.030976353589,Medios,Diario
2023-04-30,-0.21689602565404,99.783103974346,Medios,Diario
2023-05-01,-0.399152291495503,99.6008477085045,Medios,Diario
2023-05-02,-0.464149673379744,99.5358503266203,Medios,Diario
2023-05-03,-0.0257264469452664,99.9742735530547,Medios,Diario
2023-05-04,-0.480037275351155,99.5199627246489,Medios,Diario
2023-05-05,-0.121763331774415,99.8782366682256,Medios,Diario
2023-05-06,-0.558839569609473,99.4411604303905,Medios,Diario
2023-05-07,-0.467735618539942,99.5322643814601,Medios,Diario
2023-05-08,0.107270574394485,100.107270574395,Medios,Diario
2023-05-09,-0.0814207616213088,99.9185792383787,Medios,Diario
2023-05-10,0.371890973476972,100.371890973477,Medios,Diario
2023-05-11,0.44056093252528,100.440560932525,Medios,Diario
2023-05-12,0.231470045144345,100.231470045144,Medios,Diario
2023-05-13,-0.0950176445264194,99.9049823554736,Medios,Diario
2023-05-14,0.64643253017365,100.646432530174,Medios,Diario
2023-05-15,-0.361492663301974,99.638507336698,Medios,Diario
2023-05-16,0.0609275082044066,100.060927508204,Medios,Diario
2023-05-17,0.869421629128062,100.869421629128,Medios,Diario
2023-05-18,0.00520613427504606,100.005206134275,Medios,Diario
2023-05-19,0.589868687943803,100.589868687944,Medios,Diario
2023-05-20,0.452477095289298,100.452477095289,Medios,Diario
2023-05-21,0.261385022521754,100.261385022522,Medios,Diario
2023-05-22,-0.0584223839654417,99.9415776160346,Medios,Diario
2023-05-23,0.09976925891716,100.099769258917,Medios,Diario
2023-05-24,-0.0132818844612558,99.9867181155388,Medios,Diario
2023-05-25,0.0846574320071629,100.084657432007,Medios,Diario
2023-05-26,0.106361036727938,100.106361036728,Medios,Diario
2023-05-27,0.0145729002978186,100.014572900298,Medios,Diario
2023-05-28,-0.0528413671587444,99.9471586328413,Medios,Diario
2023-05-29,0.434372051087365,100.434372051087,Medios,Diario
2023-05-30,0.378474217518976,100.378474217519,Medios,Diario
2023-05-31,0.366515177138094,100.366515177138,Medios,Diario
2023-06-01,0.23462744292286,100.234627442923,Medios,Diario
2023-06-02,0.0767994206232807,100.076799420623,Medios,Diario
2023-06-03,-0.579446294057711,99.4205537059423,Medios,Diario
2023-06-04,0.81141173944975,100.81141173945,Medios,Diario
2023-06-05,-0.46881955114602,99.531180448854,Medios,Diario
2023-06-06,0.0637006108880401,100.063700610888,Medios,Diario
2023-06-07,0.564766135541746,100.564766135542,Medios,Diario
2023-06-08,0.0516113111042033,100.051611311104,Medios,Diario
2023-06-09,0.433643281502336,100.433643281502,Medios,Diario
2023-06-10,0.995192657120373,100.99519265712,Medios,Diario
2023-06-11,0.838177359980302,100.83817735998,Medios,Diario
2023-06-12,0.289498891442874,100.289498891443,Medios,Diario
2023-06-13,0.55728582956004,100.55728582956,Medios,Diario
2023-06-14,0.342027689730261,100.34202768973,Medios,Diario
2023-06-15,0.301633423253742,100.301633423254,Medios,Diario
2023-06-16,-0.0280241558725834,99.9719758441274,Medios,Diario
2023-06-17,0.552504499657763,100.552504499658,Medios,Diario
2023-06-18,0.368845383369127,100.368845383369,Medios,Diario
2023-06-19,-0.185532164997499,99.8144678350025,Medios,Diario
2023-06-20,-0.315407865372804,99.6845921346272,Medios,Diario
2023-06-21,-0.0486126523828402,99.9513873476172,Medios,Diario
2023-06-22,0.0761926097215404,100.076192609722,Medios,Diario
2023-06-23,-0.748501848432716,99.2514981515673,Medios,Diario
2023-06-24,-0.26528287820616,99.7347171217938,Medios,Diario
2023-06-25,0.214127592870919,100.214127592871,Medios,Diario
2023-06-26,-0.106918176629296,99.8930818233707,Medios,Diario
2023-06-27,0.11913805220024,100.1191380522,Medios,Diario
2023-06-28,-0.091945168691665,99.9080548313083,Medios,Diario
2023-06-29,-0.00844549592584134,99.9915545040742,Medios,Diario
2023-06-30,0.2222587802876,100.222258780288,Medios,Diario
2023-07-01,0.0238970375424546,100.023897037542,Medios,Diario
2023-07-02,-0.0884592959804587,99.9115407040195,Medios,Diario
2023-07-03,-0.20210664101303,99.797893358987,Medios,Diario
2023-07-04,-0.822553946279875,99.1774460537201,Medios,Diario
2023-07-05,-0.238227401706472,99.7617725982935,Medios,Diario
2023-07-06,0.395252529725418,100.395252529725,Medios,Diario
2023-07-07,-0.344862643146363,99.6551373568536,Medios,Diario
2023-07-08,0.697041371071388,100.697041371071,Medios,Diario
2023-07-09,0.146839444445826,100.146839444446,Medios,Diario
2023-07-10,-0.0610084441491969,99.9389915558508,Medios,Diario
2023-07-11,0.210932538317928,100.210932538318,Medios,Diario
2023-07-12,0.338284980900701,100.338284980901,Medios,Diario
2023-07-13,-0.208022091379633,99.7919779086204,Medios,Diario
2023-07-14,-0.162025896501521,99.8379741034985,Medios,Diario
2023-07-15,0.426979487078282,100.426979487078,Medios,Diario
2023-07-16,0.110152729615545,100.110152729616,Medios,Diario
2023-07-17,-0.0463106799383338,99.9536893200617,Medios,Diario
2023-07-18,-0.356922678142423,99.6430773218576,Medios,Diario
2023-07-19,-0.0420603291147507,99.9579396708853,Medios,Diario
2023-07-20,0.825787181536982,100.825787181537,Medios,Diario
2023-07-21,0.171427781035345,100.171427781035,Medios,Diario
2023-07-22,-0.340125777654164,99.6598742223458,Medios,Diario
2023-07-23,0.392813778351711,100.392813778352,Medios,Diario
2023-07-24,0.723751187095831,100.723751187096,Medios,Diario
2023-07-25,-0.035865545229116,99.9641344547709,Medios,Diario
2023-07-26,0.875703849462849,100.875703849463,Medios,Diario
2023-07-27,-0.011526429970466,99.9884735700295,Medios,Diario
2023-07-28,-0.00506276271863874,99.9949372372814,Medios,Diario
2023-07-29,0.221452945104136,100.221452945104,Medios,Diario
2023-07-30,0.208151553755659,100.208151553756,Medios,Diario
2023-07-31,-0.309414430492068,99.6905855695079,Medios,Diario
2023-08-01,-0.165553510507901,99.8344464894921,Medios,Diario
2023-08-02,0.394688247561083,100.394688247561,Medios,Diario
2023-08-03,-0.00151502057860434,99.9984849794214,Medios,Diario
2023-08-04,0.192210771756157,100.192210771756,Medios,Diario
2023-08-05,-0.367227681415024,99.632772318585,Medios,Diario
2023-08-06,0.629889177616157,100.629889177616,Medios,Diario
2023-08-07,-0.162810011002399,99.8371899889976,Medios,Diario
2023-08-08,-0.201216119807179,99.7987838801928,Medios,Diario
2023-08-09,-0.0638233579333832,99.9361766420666,Medios,Diario
2023-08-10,-0.0163988986588466,99.9836011013412,Medios,Diario
2023-08-11,0.202016610540636,100.202016610541,Medios,Diario
2023-08-12,0.562771154629477,100.562771154629,Medios,Diario
2023-08-13,0.215374536041964,100.215374536042,Medios,Diario
2023-08-14,0.03503339952473,100.035033399525,Medios,Diario
2023-08-15,-0.00996566035427322,99.9900343396457,Medios,Diario
2023-08-16,0.117660108229216,100.117660108229,Medios,Diario
2023-08-17,0.0186540356707393,100.018654035671,Medios,Diario
2023-08-18,0.0414480627784593,100.041448062778,Medios,Diario
2023-08-19,-0.23865476481561,99.7613452351844,Medios,Diario
2023-08-20,-0.376504125946726,99.6234958740533,Medios,Diario
2023-08-21,-0.213421952171092,99.7865780478289,Medios,Diario
2023-08-22,0.276597028537798,100.276597028538,Medios,Diario
2023-08-23,-0.234928786604812,99.7650712133952,Medios,Diario
2023-08-24,0.467602348215522,100.467602348216,Medios,Diario
2023-08-25,0.550353311802452,100.550353311802,Medios,Diario
2023-08-26,0.675414245283964,100.675414245284,Medios,Diario
2023-08-27,0.653179632909977,100.65317963291,Medios,Diario
2023-08-28,0.314463039374754,100.314463039375,Medios,Diario
2023-08-29,-0.0678945182085677,99.9321054817914,Medios,Diario
2023-08-30,0.407946468529525,100.40794646853,Medios,Diario
2023-08-31,0.231459030803707,100.231459030804,Medios,Diario
2023-09-01,0.587247768662287,100.587247768662,Medios,Diario
2023-09-02,0.537339132785882,100.537339132786,Medios,Diario
2023-09-03,-0.147740316427338,99.8522596835727,Medios,Diario
2023-09-04,-0.152369044729257,99.8476309552708,Medios,Diario
2023-09-05,0.139805177143788,100.139805177144,Medios,Diario
2023-09-06,0.592264132026888,100.592264132027,Medios,Diario
2023-09-07,0.0615760009914031,100.061576000991,Medios,Diario
2023-09-08,-0.155902896964405,99.8440971030356,Medios,Diario
2023-09-09,0.283089159150036,100.28308915915,Medios,Diario
2023-09-10,-0.3905445953521,99.6094554046479,Medios,Diario
2023-09-11,-0.343864876294356,99.6561351237056,Medios,Diario
2023-09-12,-0.61045728815632,99.3895427118437,Medios,Diario
2023-09-13,-0.322060261715625,99.6779397382844,Medios,Diario
2023-09-14,0.0155259058759602,100.015525905876,Medios,Diario
2023-09-15,-0.411584201280202,99.5884157987198,Medios,Diario
2023-09-16,-0.0860881841690484,99.913911815831,Medios,Diario
2023-09-17,0.22540072463427,100.225400724634,Medios,Diario
2023-09-18,-0.664457969313396,99.3355420306866,Medios,Diario
2023-09-19,0.0109209076426529,100.010920907643,Medios,Diario
2023-09-20,0.0878720568567987,100.087872056857,Medios,Diario
2023-09-21,0.501500131619148,100.501500131619,Medios,Diario
2023-09-22,0.18513446528607,100.185134465286,Medios,Diario
2023-09-23,0.74067216163333,100.740672161633,Medios,Diario
2023-09-24,-0.416942463703228,99.5830575362968,Medios,Diario
2023-09-25,0.0489149182292331,100.048914918229,Medios,Diario
2023-09-26,0.216718494711283,100.216718494711,Medios,Diario
2023-09-27,0.243366924045284,100.243366924045,Medios,Diario
2023-09-28,0.677693687235998,100.677693687236,Medios,Diario
2023-09-29,0.0911230694019277,100.091123069402,Medios,Diario
2023-09-30,-0.630269949705496,99.3697300502945,Medios,Diario
2023-10-01,-0.0908537596229752,99.909146240377,Medios,Diario
2023-10-02,0.864380324462119,100.864380324462,Medios,Diario
2023-10-03,0.577633813328009,100.577633813328,Medios,Diario
2023-10-04,0.316724713290827,100.316724713291,Medios,Diario
2023-10-05,-0.120882875277952,99.879117124722,Medios,Diario
2023-10-06,0.159820382055997,100.159820382056,Medios,Diario
2023-10-07,0.0850979102723828,100.085097910272,Medios,Diario
2023-10-08,0.584208100288222,100.584208100288,Medios,Diario
2023-10-09,-0.463103420527647,99.5368965794724,Medios,Diario
2023-10-10,0.166482835194942,100.166482835195,Medios,Diario
2023-10-11,0.858191256777411,100.858191256777,Medios,Diario
2023-10-12,-0.489765512626238,99.5102344873738,Medios,Diario
2023-10-13,0.454095322712388,100.454095322712,Medios,Diario
2023-10-14,0.0894078632763014,100.089407863276,Medios,Diario
2023-10-15,0.420277380350106,100.42027738035,Medios,Diario
2023-10-16,-0.0564853447323047,99.9435146552677,Medios,Diario
2023-10-17,0.548668180141224,100.548668180141,Medios,Diario
2023-10-18,0.258594346345304,100.258594346345,Medios,Diario
2023-10-19,-0.169360409610222,99.8306395903898,Medios,Diario
2023-10-20,0.125960477647021,100.125960477647,Medios,Diario
2023-10-21,-0.658608287800159,99.3413917121998,Medios,Diario
2023-10-22,0.0543171192900683,100.05431711929,Medios,Diario
2023-10-23,-0.231522434490474,99.7684775655095,Medios,Diario
2023-10-24,-0.722793479886325,99.2772065201137,Medios,Diario
2023-10-25,0.248490628823033,100.248490628823,Medios,Diario
2023-10-26,0.452963242649408,100.452963242649,Medios,Diario
2023-10-27,-0.260458355481133,99.7395416445189,Medios,Diario
2023-10-28,-0.0592491222965008,99.9407508777035,Medios,Diario
2023-10-29,-0.143343087407956,99.8566569125921,Medios,Diario
2023-10-30,0.170841276809055,100.170841276809,Medios,Diario
2023-10-31,0.110750065759826,100.11075006576,Medios,Diario
2023-11-01,-0.0203665644026762,99.9796334355973,Medios,Diario
2023-11-02,-0.0612198955531315,99.9387801044469,Medios,Diario
2023-11-03,0.179606143269881,100.17960614327,Medios,Diario
2023-11-04,0.22381128896701,100.223811288967,Medios,Diario
2023-11-05,0.352444061408404,100.352444061408,Medios,Diario
2023-11-06,-0.0269667629124536,99.9730332370876,Medios,Diario
2023-11-07,0.110149001112025,100.110149001112,Medios,Diario
2023-11-08,0.237482151003904,100.237482151004,Medios,Diario
2023-11-09,0.234463334592048,100.234463334592,Medios,Diario
2023-11-10,-0.134685653000348,99.8653143469997,Medios,Diario
2023-11-11,-0.278976809892962,99.721023190107,Medios,Diario
2023-11-12,0.426149501840183,100.42614950184,Medios,Diario
2023-11-13,0.301017394708737,100.301017394709,Medios,Diario
2023-11-14,-0.371414976270924,99.6285850237291,Medios,Diario
2023-11-15,-0.730483546094321,99.2695164539057,Medios,Diario
2023-11-16,-0.130547075816843,99.8694529241832,Medios,Diario
2023-11-17,0.0826184565603241,100.08261845656,Medios,Diario
2023-11-18,0.128751467674231,100.128751467674,Medios,Diario
2023-11-19,0.532234819885184,100.532234819885,Medios,Diario
2023-11-20,0.530896826599335,100.530896826599,Medios,Diario
2023-11-21,0.0230820943224598,100.023082094322,Medios,Diario
2023-11-22,-0.424113789220175,99.5758862107798,Medios,Diario
2023-11-23,-0.476942698397077,99.5230573016029,Medios,Diario
2023-11-24,-0.0196404708649407,99.9803595291351,Medios,Diario
2023-11-25,-0.0525181257781184,99.9474818742219,Medios,Diario
2023-11-26,-0.0906374266384596,99.9093625733615,Medios,Diario
2023-11-27,-0.0852003702205241,99.9147996297795,Medios,Diario
2023-11-28,0.311853616333934,100.311853616334,Medios,Diario
2023-11-29,0.473228852499235,100.473228852499,Medios,Diario
2023-11-30,0.428664811543874,100.428664811544,Medios,Diario
2023-12-01,-0.543388784611849,99.4566112153882,Medios,Diario
2023-12-02,0.0976166524745522,100.097616652475,Medios,Diario
2023-12-03,0.33352002341782,100.333520023418,Medios,Diario
2023-12-04,0.531792915503981,100.531792915504,Medios,Diario
2023-12-05,0.0571149048014908,100.057114904802,Medios,Diario
2023-12-06,0.21754950116038,100.21754950116,Medios,Diario
2023-12-07,0.118941994131518,100.118941994132,Medios,Diario
2023-12-08,0.265629993227172,100.265629993227,Medios,Diario
2023-12-09,0.241318421189097,100.241318421189,Medios,Diario
2023-12-10,0.540890014250068,100.54089001425,Medios,Diario
2023-12-11,0.284889945375216,100.284889945375,Medios,Diario
2023-12-12,0.323008784873378,100.323008784873,Medios,Diario
2023-12-13,-0.510173538168113,99.4898264618319,Medios,Diario
2023-12-14,-0.122722736497804,99.8772772635022,Medios,Diario
2023-12-15,-0.105235392749198,99.8947646072508,Medios,Diario
2023-12-16,-0.313626624631743,99.6863733753683,Medios,Diario
2023-12-17,-0.708899355133817,99.2911006448662,Medios,Diario
2023-12-18,0.11830373667706,100.118303736677,Medios,Diario
2023-12-19,-0.259500817930649,99.7404991820694,Medios,Diario
2023-12-20,0.229559294122076,100.229559294122,Medios,Diario
2023-12-21,0.230701467445795,100.230701467446,Medios,Diario
2023-12-22,0.372904709880375,100.37290470988,Medios,Diario
2023-12-23,0.0808560388010817,100.080856038801,Medios,Diario
2023-12-24,0.0899632672586514,100.089963267259,Medios,Diario
2023-12-25,-0.098304887648564,99.9016951123514,Medios,Diario
2023-12-26,-0.177627774973734,99.8223722250263,Medios,Diario
2023-12-27,-0.100486452457611,99.8995135475424,Medios,Diario
2023-12-28,-0.158804138320539,99.8411958616795,Medios,Diario
2023-12-29,-0.0871594664090027,99.912840533591,Medios,Diario
2023-12-30,0.181747423683709,100.181747423684,Medios,Diario
2023-12-31,-0.290433746567042,99.709566253433,Medios,Diario
2024-01-01,0.456420863235364,100.456420863235,Medios,Diario
2024-01-02,-0.0291501384739543,99.9708498615261,Medios,Diario
2024-01-03,0.456119191945169,100.456119191945,Medios,Diario
2024-01-04,0.617052229083369,100.617052229083,Medios,Diario
2024-01-05,0.521069257367727,100.521069257368,Medios,Diario
2024-01-06,-0.105435101382626,99.8945648986174,Medios,Diario
2024-01-07,0.155844619085797,100.155844619086,Medios,Diario
2024-01-08,0.410459266579638,100.41045926658,Medios,Diario
2024-01-09,0.673037613589808,100.67303761359,Medios,Diario
2024-01-10,0.388491610919257,100.388491610919,Medios,Diario
2024-01-11,0.194092514886783,100.194092514887,Medios,Diario
2024-01-12,0.59665556974797,100.596655569748,Medios,Diario
2024-01-13,0.496547061825414,100.496547061825,Medios,Diario
2024-01-14,-0.284143616374469,99.7158563836255,Medios,Diario
2024-01-15,0.702230011939875,100.70223001194,Medios,Diario
2024-01-16,0.237512462950334,100.23751246295,Medios,Diario
2024-01-17,-0.0187946513171996,99.9812053486828,Medios,Diario
2024-01-18,0.359560580074948,100.359560580075,Medios,Diario
2024-01-19,0.324613724717275,100.324613724717,Medios,Diario
2024-01-20,-0.20961270715115,99.7903872928489,Medios,Diario
2024-01-21,-0.222322853644183,99.7776771463558,Medios,Diario
2024-01-22,-0.369128384725953,99.630871615274,Medios,Diario
2024-01-23,0.232269416567139,100.232269416567,Medios,Diario
2024-01-24,-0.0811334835597031,99.9188665164403,Medios,Diario
2024-01-25,-0.061497960973622,99.9385020390264,Medios,Diario
2024-01-26,0.101128121983329,100.101128121983,Medios,Diario
2024-01-27,0.0601692695694623,100.060169269569,Medios,Diario
2024-01-28,0.213006303255311,100.213006303255,Medios,Diario
2024-01-29,-0.696010122259095,99.3039898777409,Medios,Diario
2024-01-30,-0.0622635409203826,99.9377364590796,Medios,Diario
2024-01-31,0.358675853810276,100.35867585381,Medios,Diario
2024-02-01,0.40020743392394,100.400207433924,Medios,Diario
2024-02-02,-0.33028322208123,99.6697167779188,Medios,Diario
2024-02-03,0.104935487397445,100.104935487397,Medios,Diario
2024-02-04,-0.241628202854322,99.7583717971457,Medios,Diario
2024-02-05,0.0250024305588831,100.025002430559,Medios,Diario
2024-02-06,-0.188187474920574,99.8118125250794,Medios,Diario
2024-02-07,-0.686133245274898,99.3138667547251,Medios,Diario
2024-02-08,-0.535796632232316,99.4642033677677,Medios,Diario
2024-02-09,-0.459798247636859,99.5402017523632,Medios,Diario
2024-02-10,-0.123338135582925,99.8766618644171,Medios,Diario
2024-02-11,0.839577342836412,100.839577342836,Medios,Diario
2024-02-12,-0.0983430329583556,99.9016569670417,Medios,Diario
2024-02-13,-0.739354296891794,99.2606457031082,Medios,Diario
2024-02-14,0.487197305921595,100.487197305922,Medios,Diario
2024-02-15,0.560328541080932,100.560328541081,Medios,Diario
2024-02-16,0.196431732811394,100.196431732811,Medios,Diario
2024-02-17,-0.215681119337391,99.7843188806626,Medios,Diario
2024-02-18,0.0319883432917966,100.031988343292,Medios,Diario
2024-02-19,-0.0561505132419912,99.943849486758,Medios,Diario
2024-02-20,-0.232206516381134,99.7677934836189,Medios,Diario
2024-02-21,0.30174092378163,100.301740923782,Medios,Diario
2024-02-22,-0.224961028489273,99.7750389715107,Medios,Diario
2024-02-23,-0.247932981887338,99.7520670181127,Medios,Diario
2024-02-24,-0.142580047730339,99.8574199522697,Medios,Diario
2024-02-25,-0.217623654361001,99.782376345639,Medios,Diario
2024-02-26,0.675620905756379,100.675620905756,Medios,Diario
2024-02-27,-0.63108430686183,99.3689156931382,Medios,Diario
2024-02-28,0.0101373268717332,100.010137326872,Medios,Diario
2024-02-29,0.36967419759384,100.369674197594,Medios,Diario
2024-03-01,0.397410251039418,100.397410251039,Medios,Diario
2024-03-02,0.561206306212957,100.561206306213,Medios,Diario
2024-03-03,0.993502954838142,100.993502954838,Medios,Diario
2024-03-04,0.334469000588639,100.334469000589,Medios,Diario
2024-03-05,0.64598131547054,100.645981315471,Medios,Diario
2024-03-06,0.76369017977282,100.763690179773,Medios,Diario
2024-03-07,0.321158149912791,100.321158149913,Medios,Diario
2024-03-08,0.585622799397491,100.585622799397,Medios,Diario
2024-03-09,0.654425396844692,100.654425396845,Medios,Diario
2024-03-10,0.612641735143988,100.612641735144,Medios,Diario
2024-03-11,0.704561177733535,100.704561177734,Medios,Diario
2024-03-12,-0.13904078788407,99.8609592121159,Medios,Diario
2024-03-13,0.40776344625981,100.40776344626,Medios,Diario
2024-03-14,1.03285006392696,101.032850063927,Medios,Diario
2024-03-15,0.327680723722432,100.327680723722,Medios,Diario
2024-03-16,0.434867267579146,100.434867267579,Medios,Diario
2024-03-17,0.721204114707695,100.721204114708,Medios,Diario
2024-03-18,-0.0967688219328847,99.9032311780671,Medios,Diario
2024-03-19,0.344377764005213,100.344377764005,Medios,Diario
2024-03-20,0.139896958606508,100.139896958607,Medios,Diario
2024-03-21,0.589923777130431,100.58992377713,Medios,Diario
2024-03-22,-0.200889304475399,99.7991106955246,Medios,Diario
2024-03-23,-0.0698354905030877,99.9301645094969,Medios,Diario
2024-03-24,-0.370706229897287,99.6292937701027,Medios,Diario
2024-03-25,0.172519908748122,100.172519908748,Medios,Diario
2024-03-26,-0.276636606498741,99.7233633935013,Medios,Diario
2024-03-27,0.177635526748338,100.177635526748,Medios,Diario
2024-03-28,0.172235877677646,100.172235877678,Medios,Diario
2024-03-29,-0.012141143281461,99.9878588567186,Medios,Diario
2024-03-30,-0.145650484136484,99.8543495158635,Medios,Diario
2024-03-31,1.2087180076022,101.208718007602,Medios,Diario
2024-04-01,0.223945779788015,100.223945779788,Medios,Diario
2024-04-02,0.750819872871004,100.750819872871,Medios,Diario
2024-04-03,0.483750313488956,100.483750313489,Medios,Diario
2024-04-04,0.00364214600427926,100.003642146004,Medios,Diario
2024-04-05,0.244865550307721,100.244865550308,Medios,Diario
2024-04-06,-0.273034363359686,99.7269656366403,Medios,Diario
2024-04-07,0.89667110375448,100.896671103754,Medios,Diario
2024-04-08,-0.0256508771674778,99.9743491228325,Medios,Diario
2024-04-09,0.26136292685742,100.261362926857,Medios,Diario
2024-04-10,0.36312714915076,100.363127149151,Medios,Diario
2024-04-11,0.008191240476006,100.008191240476,Medios,Diario
2024-04-12,-0.262188152884409,99.7378118471156,Medios,Diario
2024-04-13,0.0908488921992129,100.090848892199,Medios,Diario
2024-04-14,0.355541456491151,100.355541456491,Medios,Diario
2024-04-15,-0.0170219527835252,99.9829780472165,Medios,Diario
2024-04-16,0.515218007286695,100.515218007287,Medios,Diario
2024-04-17,0.0941492149195503,100.09414921492,Medios,Diario
2024-04-18,0.0978068158748663,100.097806815875,Medios,Diario
2024-04-19,0.474973898676668,100.474973898677,Medios,Diario
2024-04-20,1.1634229410902,101.16342294109,Medios,Diario
2024-04-21,0.717033941249161,100.717033941249,Medios,Diario
2024-04-22,0.473364639909944,100.47336463991,Medios,Diario
2024-04-23,-0.147973780494284,99.8520262195057,Medios,Diario
2024-04-24,-0.0301001346539402,99.9698998653461,Medios,Diario
2024-04-25,0.874214482908911,100.874214482909,Medios,Diario
2024-04-26,0.207647689730266,100.20764768973,Medios,Diario
2024-04-27,0.186596553674992,100.186596553675,Medios,Diario
2024-04-28,0.252406964270096,100.25240696427,Medios,Diario
2024-04-29,0.0557260890616161,100.055726089062,Medios,Diario
2024-04-30,0.338850128382052,100.338850128382,Medios,Diario
2024-05-01,0.210682600334388,100.210682600334,Medios,Diario
2024-05-02,0.229175629733938,100.229175629734,Medios,Diario
2024-05-03,0.532353330644563,100.532353330645,Medios,Diario
2024-05-04,0.804829196777508,100.804829196778,Medios,Diario
2024-05-05,0.613659838319515,100.61365983832,Medios,Diario
2024-05-06,0.299176671106867,100.299176671107,Medios,Diario
2024-05-07,0.344799660207332,100.344799660207,Medios,Diario
2024-05-08,-0.10760195849491,99.8923980415051,Medios,Diario
2024-05-09,0.690040638481038,100.690040638481,Medios,Diario
2024-05-10,-0.0856617344392717,99.9143382655607,Medios,Diario
2024-05-11,1.15414477388462,101.154144773885,Medios,Diario
2024-05-12,1.22255770515788,101.222557705158,Medios,Diario
2024-05-13,-0.0412620227887068,99.9587379772113,Medios,Diario
2024-05-14,0.546719744293717,100.546719744294,Medios,Diario
2024-05-15,0.152023045975245,100.152023045975,Medios,Diario
2024-05-16,0.76881999493334,100.768819994933,Medios,Diario
2024-05-17,0.0856998576530357,100.085699857653,Medios,Diario
2024-05-18,-0.455809806828647,99.5441901931714,Medios,Diario
2024-05-19,0.278024926851224,100.278024926851,Medios,Diario
2024-05-20,0.407094398819719,100.40709439882,Medios,Diario
2024-05-21,-0.518032022660807,99.4819679773392,Medios,Diario
2024-05-22,-0.137039541967437,99.8629604580326,Medios,Diario
2024-05-23,0.270816778390702,100.270816778391,Medios,Diario
2024-05-24,0.0351255371200895,100.03512553712,Medios,Diario
2024-05-25,0.347600229759459,100.347600229759,Medios,Diario
2024-05-26,0.316497670037859,100.316497670038,Medios,Diario
2024-05-27,0.321977528327701,100.321977528328,Medios,Diario
2024-05-28,0.353916962075488,100.353916962076,Medios,Diario
2024-05-29,0.135744202842427,100.135744202842,Medios,Diario
2024-05-30,0.42602764596726,100.426027645967,Medios,Diario
2024-05-31,0.521967320802642,100.521967320803,Medios,Diario
2024-06-01,0.823945909606574,100.823945909607,Medios,Diario
2024-06-02,0.00314591961706283,100.003145919617,Medios,Diario
2024-06-03,-0.29471476898939,99.7052852310106,Medios,Diario
2024-06-04,0.116472444233128,100.116472444233,Medios,Diario
2024-06-05,0.435202949368214,100.435202949368,Medios,Diario
2024-06-06,-0.0730269568444054,99.9269730431556,Medios,Diario
2024-06-07,-0.134251680816568,99.8657483191834,Medios,Diario
2024-06-08,0.168655695246846,100.168655695247,Medios,Diario
2024-06-09,0.0206531505248544,100.020653150525,Medios,Diario
2024-06-10,0.255005009884935,100.255005009885,Medios,Diario
2024-06-11,0.158724831891838,100.158724831892,Medios,Diario
2024-06-12,0.267621328321716,100.267621328322,Medios,Diario
2024-06-13,0.15158592297664,100.151585922977,Medios,Diario
2024-06-14,-0.305349286647,99.694650713353,Medios,Diario
2024-06-15,0.427041458339488,100.42704145834,Medios,Diario
2024-06-16,0.62481177528488,100.624811775285,Medios,Diario
2024-06-17,0.268105487727881,100.268105487728,Medios,Diario
2024-06-18,0.218650658195292,100.218650658195,Medios,Diario
2024-06-19,0.374987040836364,100.374987040836,Medios,Diario
2024-06-20,-0.489079221908414,99.5109207780916,Medios,Diario
2024-06-21,-0.430279334169532,99.5697206658305,Medios,Diario
2024-06-22,0.155444125144961,100.155444125145,Medios,Diario
2024-06-23,0.745204832357289,100.745204832357,Medios,Diario
2024-06-24,0.239535976332786,100.239535976333,Medios,Diario
2024-06-25,-0.0673947059794171,99.9326052940206,Medios,Diario
2024-06-26,0.503405006667827,100.503405006668,Medios,Diario
2024-06-27,-0.60577889097241,99.3942211090276,Medios,Diario
2024-06-28,-0.0187780200575439,99.9812219799425,Medios,Diario
2024-06-29,0.916922796521275,100.916922796521,Medios,Diario
2024-06-30,-0.0693549339412077,99.9306450660588,Medios,Diario
2024-07-01,0.172777963280744,100.172777963281,Medios,Diario
2024-07-02,-0.0621186537643327,99.9378813462357,Medios,Diario
2024-07-03,-0.234924064703797,99.7650759352962,Medios,Diario
2024-07-04,0.0540768162145974,100.054076816215,Medios,Diario
2024-07-05,0.719154871053102,100.719154871053,Medios,Diario
2024-07-06,0.305188519890195,100.30518851989,Medios,Diario
2024-07-07,0.010649934885461,100.010649934885,Medios,Diario
2024-07-08,0.46037623909191,100.460376239092,Medios,Diario
2024-07-09,-0.590611352382742,99.4093886476173,Medios,Diario
2024-07-10,-0.245106092996736,99.7548939070033,Medios,Diario
2024-07-11,-0.0647604849614151,99.9352395150386,Medios,Diario
2024-07-12,0.403210900088388,100.403210900088,Medios,Diario
2024-07-13,-0.00779357162093738,99.9922064283791,Medios,Diario
2024-07-14,0.716855816202493,100.716855816203,Medios,Diario
2024-07-15,0.573666528985177,100.573666528985,Medios,Diario
2024-07-16,0.149698491659321,100.149698491659,Medios,Diario
2024-07-17,0.768829653286614,100.768829653287,Medios,Diario
2024-07-18,0.949372826063177,100.949372826063,Medios,Diario
2024-07-19,0.799152380809577,100.79915238081,Medios,Diario
2024-07-20,0.439169926767049,100.439169926767,Medios,Diario
2024-07-21,0.688761160175056,100.688761160175,Medios,Diario
2024-07-22,0.585795652411494,100.585795652412,Medios,Diario
2024-07-23,-0.22549427088253,99.7745057291175,Medios,Diario
2024-07-24,-0.0597952942826265,99.9402047057174,Medios,Diario
2024-07-25,0.221635767930867,100.221635767931,Medios,Diario
2024-07-26,-0.219363270795954,99.7806367292041,Medios,Diario
2024-07-27,-0.343411110368692,99.6565888896313,Medios,Diario
2024-07-28,-0.148369607774709,99.8516303922253,Medios,Diario
2024-07-29,-0.335650867049056,99.664349132951,Medios,Diario
2024-07-30,-0.794142695329293,99.2058573046707,Medios,Diario
2024-07-31,0.00251454640519003,100.002514546405,Medios,Diario
2024-08-01,0.132149950038159,100.132149950038,Medios,Diario
2024-08-02,-0.384879674476698,99.6151203255233,Medios,Diario
2024-08-03,-0.146739106252687,99.8532608937473,Medios,Diario
2024-08-04,-0.310613034843409,99.6893869651566,Medios,Diario
2024-08-05,0.075826214005044,100.075826214005,Medios,Diario
2024-08-06,0.308785964878893,100.308785964879,Medios,Diario
2024-08-07,-0.244710000007287,99.7552899999927,Medios,Diario
2024-08-08,-0.381408416693189,99.6185915833068,Medios,Diario
2024-08-09,-0.0955237919816245,99.9044762080184,Medios,Diario
2024-08-10,0.0326505269816978,100.032650526982,Medios,Diario
2024-08-11,0.363004271461184,100.363004271461,Medios,Diario
2024-08-12,-0.07495622305472,99.9250437769453,Medios,Diario
2024-08-13,-0.429653005360733,99.5703469946393,Medios,Diario
2024-08-14,-0.372919336094854,99.6270806639052,Medios,Diario
2024-08-15,-0.0144934931462345,99.9855065068538,Medios,Diario
2024-08-16,-0.404523296316239,99.5954767036838,Medios,Diario
2024-08-17,-0.200268763623749,99.7997312363763,Medios,Diario
2024-08-18,-0.502331235100605,99.4976687648994,Medios,Diario
2024-08-19,-0.176514628701617,99.8234853712984,Medios,Diario
2024-08-20,0.167220238699112,100.167220238699,Medios,Diario
2024-08-21,-0.277190560295926,99.7228094397041,Medios,Diario
2024-08-22,-1.31040255099675,98.6895974490032,Medios,Diario
2024-08-23,-0.894408858408013,99.105591141592,Medios,Diario
2024-08-24,0.235754029280359,100.23575402928,Medios,Diario
2024-08-25,0.345263403144204,100.345263403144,Medios,Diario
2024-08-26,-0.253592173819548,99.7464078261805,Medios,Diario
2024-08-27,-0.382691246260539,99.6173087537395,Medios,Diario
2024-08-28,0.680292352015919,100.680292352016,Medios,Diario
2024-08-29,-0.718721245582023,99.281278754418,Medios,Diario
2024-08-30,-0.303732645256613,99.6962673547434,Medios,Diario
2024-08-31,-0.646098240525076,99.3539017594749,Medios,Diario
2012-01-01,-0.594526081101214,99.4054739188988,Medios,Semanal
2012-01-08,-0.209606111280887,99.7903938887191,Medios,Semanal
2012-01-15,-0.0826264330455348,99.9173735669545,Medios,Semanal
2012-01-22,-0.159204658621045,99.840795341379,Medios,Semanal
2012-01-29,-0.372449065575099,99.6275509344249,Medios,Semanal
2012-02-05,-0.412891970342247,99.5871080296578,Medios,Semanal
2012-02-12,-1.60726412731659,98.3927358726834,Medios,Semanal
2012-02-19,-0.634365020257582,99.3656349797424,Medios,Semanal
2012-02-26,-1.30977568145809,98.6902243185419,Medios,Semanal
2012-03-04,-1.76080439426047,98.2391956057395,Medios,Semanal
2012-03-11,-0.419885856129047,99.580114143871,Medios,Semanal
2012-03-18,-0.387751786297804,99.6122482137022,Medios,Semanal
2012-03-25,-0.489913808083504,99.5100861919165,Medios,Semanal
2012-04-01,-0.537842437309406,99.4621575626906,Medios,Semanal
2012-04-08,-1.69044877078315,98.3095512292169,Medios,Semanal
2012-04-15,-1.0631120645474,98.9368879354526,Medios,Semanal
2012-04-22,-1.52799940228727,98.4720005977127,Medios,Semanal
2012-04-29,-1.31042253673899,98.689577463261,Medios,Semanal
2012-05-06,-0.0631417299159501,99.9368582700841,Medios,Semanal
2012-05-13,-0.825597896560696,99.1744021034393,Medios,Semanal
2012-05-20,-0.774591982034741,99.2254080179653,Medios,Semanal
2012-05-27,-1.61634914357419,98.3836508564258,Medios,Semanal
2012-06-03,-1.04558778894381,98.9544122110562,Medios,Semanal
2012-06-10,-1.27659756184283,98.7234024381572,Medios,Semanal
2012-06-17,-0.133835927448925,99.8661640725511,Medios,Semanal
2012-06-24,-0.2117704979867,99.7882295020133,Medios,Semanal
2012-07-01,-2.57482022473607,97.4251797752639,Medios,Semanal
2012-07-08,-0.968119755943947,99.0318802440561,Medios,Semanal
2012-07-15,-3.13697118113165,96.8630288188684,Medios,Semanal
2012-07-22,-2.96524438550499,97.034755614495,Medios,Semanal
2012-07-29,-1.34307877998665,98.6569212200133,Medios,Semanal
2012-08-05,-2.31401844687811,97.6859815531219,Medios,Semanal
2012-08-12,-3.0149794683914,96.9850205316086,Medios,Semanal
2012-08-19,-1.34307877998665,98.6569212200133,Medios,Semanal
2012-08-26,-1.31876017058419,98.6812398294158,Medios,Semanal
2012-09-02,-3.08419462455608,96.9158053754439,Medios,Semanal
2012-09-09,-1.31551768933052,98.6844823106695,Medios,Semanal
2012-09-16,-1.31232880280833,98.6876711971917,Medios,Semanal
2012-09-23,-1.26964297922525,98.7303570207748,Medios,Semanal
2012-09-30,-2.31295840492979,97.6870415950702,Medios,Semanal
2012-10-07,1.29347758529071,101.293477585291,Medios,Semanal
2012-10-14,-1.34307877998665,98.6569212200133,Medios,Semanal
2012-10-21,-1.31551768933052,98.6844823106695,Medios,Semanal
2012-10-28,-1.34307877998665,98.6569212200133,Medios,Semanal
2012-11-04,0.450813621158339,100.450813621158,Medios,Semanal
2012-11-11,-0.450099442728023,99.549900557272,Medios,Semanal
2012-11-18,-2.23391219712631,97.7660878028737,Medios,Semanal
2012-11-25,0.169420097483926,100.169420097484,Medios,Semanal
2012-12-02,-0.259365992051423,99.7406340079486,Medios,Semanal
2012-12-09,0.403394413631416,100.403394413631,Medios,Semanal
2012-12-16,-1.9202130157723,98.0797869842277,Medios,Semanal
2012-12-23,-0.635665770957921,99.3643342290421,Medios,Semanal
2012-12-30,0.280604060228544,100.280604060229,Medios,Semanal
2013-01-06,-0.296706113515137,99.7032938864849,Medios,Semanal
2013-01-13,0.14001627315268,100.140016273153,Medios,Semanal
2013-01-20,-0.180345267931145,99.8196547320689,Medios,Semanal
2013-01-27,-0.102829700460778,99.8971702995392,Medios,Semanal
2013-02-03,-0.123674222805751,99.8763257771943,Medios,Semanal
2013-02-10,-0.33537640287188,99.6646235971281,Medios,Semanal
2013-02-17,0.041791976410593,100.041791976411,Medios,Semanal
2013-02-24,1.33186012194734,101.331860121947,Medios,Semanal
2013-03-03,0.223966863111641,100.223966863112,Medios,Semanal
2013-03-10,-0.191419494242426,99.8085805057576,Medios,Semanal
2013-03-17,0.391941474245888,100.391941474246,Medios,Semanal
2013-03-24,0.182036832221776,100.182036832222,Medios,Semanal
2013-03-31,0.961117831715333,100.961117831715,Medios,Semanal
2013-04-07,2.44578138210248,102.445781382103,Medios,Semanal
2013-04-14,1.17494328239456,101.174943282395,Medios,Semanal
2013-04-21,0.430601490560599,100.430601490561,Medios,Semanal
2013-04-28,1.06403486556873,101.064034865569,Medios,Semanal
2013-05-05,0.384007900471779,100.384007900472,Medios,Semanal
2013-05-12,0.06914310553492,100.069143105535,Medios,Semanal
2013-05-19,-0.28753557840233,99.7124644215977,Medios,Semanal
2013-05-26,0.121926203209023,100.121926203209,Medios,Semanal
2013-06-02,1.49835269336674,101.498352693367,Medios,Semanal
2013-06-09,0.0539819956065468,100.053981995607,Medios,Semanal
2013-06-16,-0.0719591717226115,99.9280408282774,Medios,Semanal
2013-06-23,-0.389181946728346,99.6108180532717,Medios,Semanal
2013-06-30,-0.228277215741571,99.7717227842584,Medios,Semanal
2013-07-07,-0.658521885778041,99.341478114222,Medios,Semanal
2013-07-14,0.0805067081426265,100.080506708143,Medios,Semanal
2013-07-21,0.568907896882999,100.568907896883,Medios,Semanal
2013-07-28,0.0274739992957162,100.027473999296,Medios,Semanal
2013-08-04,-0.0394081385519443,99.9605918614481,Medios,Semanal
2013-08-11,0.037828260102151,100.037828260102,Medios,Semanal
2013-08-18,0.117865042152485,100.117865042153,Medios,Semanal
2013-08-25,-0.0833181967297732,99.9166818032702,Medios,Semanal
2013-09-01,-1.20328776391743,98.7967122360826,Medios,Semanal
2013-09-08,-1.29133748292882,98.7086625170712,Medios,Semanal
2013-09-15,-0.416209454338914,99.5837905456611,Medios,Semanal
2013-09-22,-0.299948884537054,99.7000511154629,Medios,Semanal
2013-09-29,0.209186688637102,100.209186688637,Medios,Semanal
2013-10-06,-1.0139205236648,98.9860794763352,Medios,Semanal
2013-10-13,-0.0163326763318373,99.9836673236682,Medios,Semanal
2013-10-20,1.32069302828618,101.320693028286,Medios,Semanal
2013-10-27,-0.435465553635999,99.564534446364,Medios,Semanal
2013-11-03,-0.0426298614888615,99.9573701385111,Medios,Semanal
2013-11-10,0.0295337525173133,100.029533752517,Medios,Semanal
2013-11-17,0.140368629726583,100.140368629727,Medios,Semanal
2013-11-24,-0.116754276707935,99.8832457232921,Medios,Semanal
2013-12-01,0.223684170960431,100.22368417096,Medios,Semanal
2013-12-08,-0.0939815025146114,99.9060184974854,Medios,Semanal
2013-12-15,0.0123208827434087,100.012320882743,Medios,Semanal
2013-12-22,-0.0631654245132568,99.9368345754868,Medios,Semanal
2013-12-29,-0.626240244656436,99.3737597553436,Medios,Semanal
2014-01-05,-0.418293397328652,99.5817066026714,Medios,Semanal
2014-01-12,0.729046724804257,100.729046724804,Medios,Semanal
2014-01-19,0.423782808470283,100.42378280847,Medios,Semanal
2014-01-26,-0.487716933098317,99.5122830669017,Medios,Semanal
2014-02-02,0.570220087654761,100.570220087655,Medios,Semanal
2014-02-09,-0.589423199594553,99.4105768004055,Medios,Semanal
2014-02-16,-0.953625573178521,99.0463744268215,Medios,Semanal
2014-02-23,-0.032027679110725,99.9679723208893,Medios,Semanal
2014-03-02,0.403560155374531,100.403560155375,Medios,Semanal
2014-03-09,0.0895340454421493,100.089534045442,Medios,Semanal
2014-03-16,0.217185220306393,100.217185220306,Medios,Semanal
2014-03-23,0.222913406457523,100.222913406458,Medios,Semanal
2014-03-30,-0.829696250590518,99.1703037494095,Medios,Semanal
2014-04-06,-0.431351269671849,99.5686487303282,Medios,Semanal
2014-04-13,-0.571429822211618,99.4285701777884,Medios,Semanal
2014-04-20,0.777081140161519,100.777081140162,Medios,Semanal
2014-04-27,-0.0348288597641387,99.9651711402359,Medios,Semanal
2014-05-04,0.220074167157895,100.220074167158,Medios,Semanal
2014-05-11,-0.492987808953553,99.5070121910464,Medios,Semanal
2014-05-18,0.0229498192136387,100.022949819214,Medios,Semanal
2014-05-25,-0.206752663603046,99.793247336397,Medios,Semanal
2014-06-01,-0.0871351782616025,99.9128648217384,Medios,Semanal
2014-06-08,-0.171972251588002,99.828027748412,Medios,Semanal
2014-06-15,-0.385310041089056,99.614689958911,Medios,Semanal
2014-06-22,0.0252903102482593,100.025290310248,Medios,Semanal
2014-06-29,-0.227338121203194,99.7726618787968,Medios,Semanal
2014-07-06,-0.245107549651974,99.754892450348,Medios,Semanal
2014-07-13,0.0613163051024703,100.061316305102,Medios,Semanal
2014-07-20,0.368682106738677,100.368682106739,Medios,Semanal
2014-07-27,-0.436550578959053,99.563449421041,Medios,Semanal
2014-08-03,-0.136469109687573,99.8635308903124,Medios,Semanal
2014-08-10,-0.228955031194835,99.7710449688052,Medios,Semanal
2014-08-17,-0.0664998830310245,99.933500116969,Medios,Semanal
2014-08-24,-0.120413588276502,99.8795864117235,Medios,Semanal
2014-08-31,-0.988063509432916,99.0119364905671,Medios,Semanal
2014-09-07,0.165802032101115,100.165802032101,Medios,Semanal
2014-09-14,-0.183593034011597,99.8164069659884,Medios,Semanal
2014-09-21,0.483294357233465,100.483294357233,Medios,Semanal
2014-09-28,0.446186588939159,100.446186588939,Medios,Semanal
2014-10-05,0.388377254599256,100.388377254599,Medios,Semanal
2014-10-12,0.0318631140251956,100.031863114025,Medios,Semanal
2014-10-19,-0.405514144084708,99.5944858559153,Medios,Semanal
2014-10-26,0.109376931573497,100.109376931574,Medios,Semanal
2014-11-02,0.142118951834099,100.142118951834,Medios,Semanal
2014-11-09,0.503488090472197,100.503488090472,Medios,Semanal
2014-11-16,0.401425151361644,100.401425151362,Medios,Semanal
2014-11-23,0.27061482006924,100.270614820069,Medios,Semanal
2014-11-30,0.384209229430204,100.38420922943,Medios,Semanal
2014-12-07,0.769373392957994,100.769373392958,Medios,Semanal
2014-12-14,0.439304144557401,100.439304144557,Medios,Semanal
2014-12-21,0.70430822748079,100.704308227481,Medios,Semanal
2014-12-28,0.57587501627049,100.575875016271,Medios,Semanal
2015-01-04,0.201455894423512,100.201455894424,Medios,Semanal
2015-01-11,0.432597829155813,100.432597829156,Medios,Semanal
2015-01-18,-0.438492014795274,99.5615079852047,Medios,Semanal
2015-01-25,-0.271702019952437,99.7282979800476,Medios,Semanal
2015-02-01,-0.770376740562294,99.2296232594377,Medios,Semanal
2015-02-08,-1.34675782687411,98.6532421731259,Medios,Semanal
2015-02-15,-0.404952627991993,99.595047372008,Medios,Semanal
2015-02-22,0.231407111253655,100.231407111254,Medios,Semanal
2015-03-01,0.58655031385918,100.586550313859,Medios,Semanal
2015-03-08,0.0312857850248455,100.031285785025,Medios,Semanal
2015-03-15,-0.0889283897280757,99.9110716102719,Medios,Semanal
2015-03-22,0.117907498665734,100.117907498666,Medios,Semanal
2015-03-29,0.376420068218273,100.376420068218,Medios,Semanal
2015-04-05,0.0720693581167452,100.072069358117,Medios,Semanal
2015-04-12,0.147335265817255,100.147335265817,Medios,Semanal
2015-04-19,-0.604077302924641,99.3959226970754,Medios,Semanal
2015-04-26,-0.00741105327232049,99.9925889467277,Medios,Semanal
2015-05-03,-0.183917112300389,99.8160828876996,Medios,Semanal
2015-05-10,0.12909432933006,100.12909432933,Medios,Semanal
2015-05-17,-0.0919461118748695,99.9080538881251,Medios,Semanal
2015-05-24,-0.73540404185364,99.2645959581464,Medios,Semanal
2015-05-31,0.155941622974586,100.155941622975,Medios,Semanal
2015-06-07,-1.16027045628018,98.8397295437198,Medios,Semanal
2015-06-14,-0.0626728313654637,99.9373271686346,Medios,Semanal
2015-06-21,0.405796667786222,100.405796667786,Medios,Semanal
2015-06-28,0.132780461812281,100.132780461812,Medios,Semanal
2015-07-05,0.639007599078335,100.639007599078,Medios,Semanal
2015-07-12,-0.479826829916188,99.5201731700838,Medios,Semanal
2015-07-19,-0.0858290465941315,99.9141709534059,Medios,Semanal
2015-07-26,0.801158286238437,100.801158286238,Medios,Semanal
2015-08-02,-0.670874313439116,99.3291256865609,Medios,Semanal
2015-08-09,-0.809290392665955,99.1907096073341,Medios,Semanal
2015-08-16,-0.297340476773411,99.7026595232266,Medios,Semanal
2015-08-23,0.720003547227715,100.720003547228,Medios,Semanal
2015-08-30,0.623262299407108,100.623262299407,Medios,Semanal
2015-09-06,-0.284274895768443,99.7157251042316,Medios,Semanal
2015-09-13,-0.604437811696401,99.3955621883036,Medios,Semanal
2015-09-20,0.759230110409737,100.75923011041,Medios,Semanal
2015-09-27,-0.145604177211522,99.8543958227885,Medios,Semanal
2015-10-04,-0.0598415317008067,99.9401584682992,Medios,Semanal
2015-10-11,0.156788654826147,100.156788654826,Medios,Semanal
2015-10-18,-0.10509507340252,99.8949049265975,Medios,Semanal
2015-10-25,-0.220375278356712,99.7796247216433,Medios,Semanal
2015-11-01,-0.576640252122425,99.4233597478776,Medios,Semanal
2015-11-08,-0.245896298437158,99.7541037015628,Medios,Semanal
2015-11-15,-0.473468084982984,99.526531915017,Medios,Semanal
2015-11-22,-0.372405542717093,99.6275944572829,Medios,Semanal
2015-11-29,-0.325668793194566,99.6743312068054,Medios,Semanal
2015-12-06,-0.26664704556438,99.7333529544356,Medios,Semanal
2015-12-13,-0.128916449573947,99.8710835504261,Medios,Semanal
2015-12-20,-0.111372312650555,99.8886276873495,Medios,Semanal
2015-12-27,-0.0306928441563956,99.9693071558436,Medios,Semanal
2016-01-03,-0.879915494962425,99.1200845050376,Medios,Semanal
2016-01-10,-0.151945823258386,99.8480541767416,Medios,Semanal
2016-01-17,-0.134509008443,99.865490991557,Medios,Semanal
2016-01-24,-0.702076654845487,99.2979233451545,Medios,Semanal
2016-01-31,-0.457509434971602,99.5424905650284,Medios,Semanal
2016-02-07,-0.0943511950433674,99.9056488049566,Medios,Semanal
2016-02-14,-0.751884763669116,99.2481152363309,Medios,Semanal
2016-02-21,0.00680648023750213,100.006806480238,Medios,Semanal
2016-02-28,-0.288481556905294,99.7115184430947,Medios,Semanal
2016-03-06,-0.319269874334403,99.6807301256656,Medios,Semanal
2016-03-13,-0.397286850200659,99.6027131497993,Medios,Semanal
2016-03-20,-0.31281041991793,99.6871895800821,Medios,Semanal
2016-03-27,-0.557258123721226,99.4427418762788,Medios,Semanal
2016-04-03,-0.0799361291382236,99.9200638708618,Medios,Semanal
2016-04-10,-0.527128040334052,99.472871959666,Medios,Semanal
2016-04-17,-0.499651266378067,99.5003487336219,Medios,Semanal
2016-04-24,-0.370720385795077,99.6292796142049,Medios,Semanal
2016-05-01,-0.0516505602388331,99.9483494397612,Medios,Semanal
2016-05-08,-1.10979738868122,98.8902026113188,Medios,Semanal
2016-05-15,0.073714905660408,100.07371490566,Medios,Semanal
2016-05-22,-0.270707213313357,99.7292927866867,Medios,Semanal
2016-05-29,-0.147732902713963,99.852267097286,Medios,Semanal
2016-06-05,-0.02229900141422,99.9777009985858,Medios,Semanal
2016-06-12,-0.386772608580949,99.6132273914191,Medios,Semanal
2016-06-19,-0.177673042932712,99.8223269570673,Medios,Semanal
2016-06-26,-0.0390964073051076,99.9609035926949,Medios,Semanal
2016-07-03,-0.581117201065475,99.4188827989345,Medios,Semanal
2016-07-10,-1.16832878408791,98.8316712159121,Medios,Semanal
2016-07-17,-0.222683224694361,99.7773167753056,Medios,Semanal
2016-07-24,-0.168454644369379,99.8315453556306,Medios,Semanal
2016-07-31,-0.661421830568021,99.338578169432,Medios,Semanal
2016-08-07,-0.570214227034634,99.4297857729654,Medios,Semanal
2016-08-14,-0.213303545843211,99.7866964541568,Medios,Semanal
2016-08-21,-0.0925896238543389,99.9074103761457,Medios,Semanal
2016-08-28,-0.879323051998299,99.1206769480017,Medios,Semanal
2016-09-04,-0.254741850440206,99.7452581495598,Medios,Semanal
2016-09-11,-0.707404167484053,99.2925958325159,Medios,Semanal
2016-09-18,-0.63712591461795,99.3628740853821,Medios,Semanal
2016-09-25,0.100218995023862,100.100218995024,Medios,Semanal
2016-10-02,-0.499921392915389,99.5000786070846,Medios,Semanal
2016-10-09,-0.804644692396384,99.1953553076036,Medios,Semanal
2016-10-16,-0.855756899317515,99.1442431006825,Medios,Semanal
2016-10-23,-0.963507410278362,99.0364925897216,Medios,Semanal
2016-10-30,-0.647991618289216,99.3520083817108,Medios,Semanal
2016-11-06,-0.440923771267259,99.5590762287327,Medios,Semanal
2016-11-13,-0.499430247394165,99.5005697526059,Medios,Semanal
2016-11-20,-0.488281100230119,99.5117188997699,Medios,Semanal
2016-11-27,-0.187274112132803,99.8127258878672,Medios,Semanal
2016-12-04,-0.754515633916186,99.2454843660838,Medios,Semanal
2016-12-11,-0.609820048033714,99.3901799519663,Medios,Semanal
2016-12-18,-0.911711207477909,99.0882887925221,Medios,Semanal
2016-12-25,-0.501006368380912,99.4989936316191,Medios,Semanal
2017-01-01,-0.204050139873369,99.7959498601266,Medios,Semanal
2017-01-08,-0.527154169547353,99.4728458304527,Medios,Semanal
2017-01-15,-0.288721002186747,99.7112789978133,Medios,Semanal
2017-01-22,-0.932494554209092,99.0675054457909,Medios,Semanal
2017-01-29,-0.711766490307482,99.2882335096925,Medios,Semanal
2017-02-05,-0.602955801202039,99.397044198798,Medios,Semanal
2017-02-12,-0.11287217597561,99.8871278240244,Medios,Semanal
2017-02-19,-0.460743051852893,99.5392569481471,Medios,Semanal
2017-02-26,-0.505974515181971,99.494025484818,Medios,Semanal
2017-03-05,-0.544963340782216,99.4550366592178,Medios,Semanal
2017-03-12,-0.541062814787661,99.4589371852123,Medios,Semanal
2017-03-19,-1.01309787845197,98.986902121548,Medios,Semanal
2017-03-26,-0.853703334375419,99.1462966656246,Medios,Semanal
2017-04-02,-0.611008335685617,99.3889916643144,Medios,Semanal
2017-04-09,-0.124451671167624,99.8755483288324,Medios,Semanal
2017-04-16,-0.405931268969107,99.5940687310309,Medios,Semanal
2017-04-23,-0.749433274402184,99.2505667255978,Medios,Semanal
2017-04-30,-0.428556468257613,99.5714435317424,Medios,Semanal
2017-05-07,-0.852530719810896,99.1474692801891,Medios,Semanal
2017-05-14,-0.918498555273174,99.0815014447268,Medios,Semanal
2017-05-21,-0.66588277012961,99.3341172298704,Medios,Semanal
2017-05-28,-0.636663435674122,99.3633365643259,Medios,Semanal
2017-06-04,-0.913475384134903,99.0865246158651,Medios,Semanal
2017-06-11,-0.838579349083642,99.1614206509164,Medios,Semanal
2017-06-18,-0.625436713738482,99.3745632862615,Medios,Semanal
2017-06-25,-1.02081687109437,98.9791831289056,Medios,Semanal
2017-07-02,-0.814249717748688,99.1857502822513,Medios,Semanal
2017-07-09,-1.07335513500049,98.9266448649995,Medios,Semanal
2017-07-16,-0.930449439762145,99.0695505602379,Medios,Semanal
2017-07-23,-0.921498989507276,99.0785010104927,Medios,Semanal
2017-07-30,-0.493852640302706,99.5061473596973,Medios,Semanal
2017-08-06,-1.1937254673416,98.8062745326584,Medios,Semanal
2017-08-13,-0.0878216924655178,99.9121783075345,Medios,Semanal
2017-08-20,-0.374850823464305,99.6251491765357,Medios,Semanal
2017-08-27,-0.381414232154315,99.6185857678457,Medios,Semanal
2017-09-03,-0.918656399562805,99.0813436004372,Medios,Semanal
2017-09-10,-0.957705368535642,99.0422946314644,Medios,Semanal
2017-09-17,-0.783188430096759,99.2168115699032,Medios,Semanal
2017-09-24,-0.555661607416772,99.4443383925832,Medios,Semanal
2017-10-01,-0.532476721891789,99.4675232781082,Medios,Semanal
2017-10-08,-0.364762120883541,99.6352378791165,Medios,Semanal
2017-10-15,-0.774872176482755,99.2251278235172,Medios,Semanal
2017-10-22,-0.823201828573668,99.1767981714263,Medios,Semanal
2017-10-29,-0.569044687885771,99.4309553121142,Medios,Semanal
2017-11-05,-0.660911788818237,99.3390882111818,Medios,Semanal
2017-11-12,-0.520877697339904,99.4791223026601,Medios,Semanal
2017-11-19,-1.08654474343966,98.9134552565604,Medios,Semanal
2017-11-26,-0.430211630610534,99.5697883693895,Medios,Semanal
2017-12-03,-0.468733528560055,99.53126647144,Medios,Semanal
2017-12-10,-0.888888542978766,99.1111114570212,Medios,Semanal
2017-12-17,-0.657627775404201,99.3423722245958,Medios,Semanal
2017-12-24,-0.634006637821913,99.3659933621781,Medios,Semanal
2017-12-31,-0.751430352299739,99.2485696477003,Medios,Semanal
2018-01-07,-0.510788197621334,99.4892118023787,Medios,Semanal
2018-01-14,-1.36063030857836,98.6393696914216,Medios,Semanal
2018-01-21,-0.569923096979924,99.4300769030201,Medios,Semanal
2018-01-28,-1.21192058917247,98.7880794108275,Medios,Semanal
2018-02-04,-1.01524990114891,98.9847500988511,Medios,Semanal
2018-02-11,-1.18728834736377,98.8127116526362,Medios,Semanal
2018-02-18,-0.626671954500909,99.3733280454991,Medios,Semanal
2018-02-25,-0.726132933747926,99.2738670662521,Medios,Semanal
2018-03-04,-0.712434707710206,99.2875652922898,Medios,Semanal
2018-03-11,-0.79614479449421,99.2038552055058,Medios,Semanal
2018-03-18,-0.24781194204416,99.7521880579558,Medios,Semanal
2018-03-25,-0.152640986905656,99.8473590130943,Medios,Semanal
2018-04-01,-0.446253390368125,99.5537466096319,Medios,Semanal
2018-04-08,-0.250119035528685,99.7498809644713,Medios,Semanal
2018-04-15,0.0441651411429632,100.044165141143,Medios,Semanal
2018-04-22,-0.264319357834034,99.735680642166,Medios,Semanal
2018-04-29,-0.7820063093875,99.2179936906125,Medios,Semanal
2018-05-06,-0.330802460102687,99.6691975398973,Medios,Semanal
2018-05-13,-0.386394918027563,99.6136050819725,Medios,Semanal
2018-05-20,-0.594166498496652,99.4058335015034,Medios,Semanal
2018-05-27,-1.01242490469022,98.9875750953098,Medios,Semanal
2018-06-03,-0.460245351487496,99.5397546485125,Medios,Semanal
2018-06-10,-0.724662686235124,99.2753373137649,Medios,Semanal
2018-06-17,-0.598266373242628,99.4017336267574,Medios,Semanal
2018-06-24,-0.480873489187672,99.5191265108123,Medios,Semanal
2018-07-01,-1.06189493799772,98.9381050620023,Medios,Semanal
2018-07-08,-0.417305619022292,99.5826943809777,Medios,Semanal
2018-07-15,-0.516189711091441,99.4838102889086,Medios,Semanal
2018-07-22,-0.526327450287053,99.473672549713,Medios,Semanal
2018-07-29,-0.634214572310093,99.3657854276899,Medios,Semanal
2018-08-05,-0.895618641638015,99.104381358362,Medios,Semanal
2018-08-12,-0.323152513439583,99.6768474865604,Medios,Semanal
2018-08-19,-0.593271298157973,99.406728701842,Medios,Semanal
2018-08-26,-0.588092175738849,99.4119078242612,Medios,Semanal
2018-09-02,-0.319916920428344,99.6800830795717,Medios,Semanal
2018-09-09,-0.621384324424238,99.3786156755758,Medios,Semanal
2018-09-16,-0.828822286412438,99.1711777135876,Medios,Semanal
2018-09-23,-0.325692543288961,99.674307456711,Medios,Semanal
2018-09-30,-0.815233212211001,99.184766787789,Medios,Semanal
2018-10-07,-0.348384302639642,99.6516156973604,Medios,Semanal
2018-10-14,-0.407672393282257,99.5923276067177,Medios,Semanal
2018-10-21,-0.649990426413015,99.350009573587,Medios,Semanal
2018-10-28,-0.213624886283851,99.7863751137162,Medios,Semanal
2018-11-04,-0.410251805454526,99.5897481945455,Medios,Semanal
2018-11-11,-0.991462055021707,99.0085379449783,Medios,Semanal
2018-11-18,0.056489023684763,100.056489023685,Medios,Semanal
2018-11-25,-0.471659277166901,99.5283407228331,Medios,Semanal
2018-12-02,-0.273872800934416,99.7261271990656,Medios,Semanal
2018-12-09,0.201098446231365,100.201098446231,Medios,Semanal
2018-12-16,-0.288964369563661,99.7110356304363,Medios,Semanal
2018-12-23,-0.949386346347827,99.0506136536522,Medios,Semanal
2018-12-30,-0.469002246227389,99.5309977537726,Medios,Semanal
2019-01-06,-0.671205851058053,99.328794148942,Medios,Semanal
2019-01-13,-0.275771260365281,99.7242287396347,Medios,Semanal
2019-01-20,-0.626610571321056,99.373389428679,Medios,Semanal
2019-01-27,-0.959186636116967,99.040813363883,Medios,Semanal
2019-02-03,-1.60914379333609,98.3908562066639,Medios,Semanal
2019-02-10,-0.938576840865075,99.0614231591349,Medios,Semanal
2019-02-17,-0.77721858340194,99.2227814165981,Medios,Semanal
2019-02-24,-0.966570829010284,99.0334291709897,Medios,Semanal
2019-03-03,-0.417230630270853,99.5827693697291,Medios,Semanal
2019-03-10,-0.829402376296982,99.170597623703,Medios,Semanal
2019-03-17,-0.669715998729572,99.3302840012704,Medios,Semanal
2019-03-24,-0.764104520019604,99.2358954799804,Medios,Semanal
2019-03-31,-0.251439379686698,99.7485606203133,Medios,Semanal
2019-04-07,-0.355419361336888,99.6445806386631,Medios,Semanal
2019-04-14,-0.594797431394845,99.4052025686052,Medios,Semanal
2019-04-21,-0.818986740106758,99.1810132598933,Medios,Semanal
2019-04-28,-0.915959854340187,99.0840401456598,Medios,Semanal
2019-05-05,-0.281302453864294,99.7186975461357,Medios,Semanal
2019-05-12,-0.134002203820109,99.8659977961799,Medios,Semanal
2019-05-19,-0.548792497952487,99.4512075020475,Medios,Semanal
2019-05-26,-0.269186440277545,99.7308135597225,Medios,Semanal
2019-06-02,-0.31136805152577,99.6886319484742,Medios,Semanal
2019-06-09,0.586242764054768,100.586242764055,Medios,Semanal
2019-06-16,0.348510126317326,100.348510126317,Medios,Semanal
2019-06-23,0.0979251583573254,100.097925158357,Medios,Semanal
2019-06-30,-0.22019234760058,99.7798076523994,Medios,Semanal
2019-07-07,0.434811676753594,100.434811676754,Medios,Semanal
2019-07-14,0.0834597509862465,100.083459750986,Medios,Semanal
2019-07-21,-0.013033564532696,99.9869664354673,Medios,Semanal
2019-07-28,-0.240637703931341,99.7593622960687,Medios,Semanal
2019-08-04,-0.210124996339665,99.7898750036603,Medios,Semanal
2019-08-11,-0.119976641837713,99.8800233581623,Medios,Semanal
2019-08-18,0.146940323511172,100.146940323511,Medios,Semanal
2019-08-25,0.19132797650825,100.191327976508,Medios,Semanal
2019-09-01,0.0725845492269088,100.072584549227,Medios,Semanal
2019-09-08,-0.0163723203737979,99.9836276796262,Medios,Semanal
2019-09-15,-0.963994268210394,99.0360057317896,Medios,Semanal
2019-09-22,-0.205644492326437,99.7943555076736,Medios,Semanal
2019-09-29,-0.219232236903238,99.7807677630968,Medios,Semanal
2019-10-06,-0.207097489648804,99.7929025103512,Medios,Semanal
2019-10-13,0.0175107460559848,100.017510746056,Medios,Semanal
2019-10-20,-0.42640885503136,99.5735911449687,Medios,Semanal
2019-10-27,0.122488895003475,100.122488895003,Medios,Semanal
2019-11-03,-0.252652568864599,99.7473474311354,Medios,Semanal
2019-11-10,0.179729760478613,100.179729760479,Medios,Semanal
2019-11-17,0.333462598932464,100.333462598932,Medios,Semanal
2019-11-24,0.590809869235839,100.590809869236,Medios,Semanal
2019-12-01,0.110971720361751,100.110971720362,Medios,Semanal
2019-12-08,-0.119960935766431,99.8800390642336,Medios,Semanal
2019-12-15,-0.22093059076195,99.7790694092381,Medios,Semanal
2019-12-22,-0.302770423245596,99.6972295767544,Medios,Semanal
2019-12-29,-0.547312953241883,99.4526870467581,Medios,Semanal
2020-01-05,0.217381018643633,100.217381018644,Medios,Semanal
2020-01-12,-0.324247448294904,99.6757525517051,Medios,Semanal
2020-01-19,-0.0744418009268956,99.9255581990731,Medios,Semanal
2020-01-26,-0.522233414581725,99.4777665854183,Medios,Semanal
2020-02-02,-0.117124079441667,99.8828759205583,Medios,Semanal
2020-02-09,-0.806241635846817,99.1937583641532,Medios,Semanal
2020-02-16,0.247037257470512,100.247037257471,Medios,Semanal
2020-02-23,0.495659627941799,100.495659627942,Medios,Semanal
2020-03-01,-0.0202463556722948,99.9797536443277,Medios,Semanal
2020-03-08,0.205487304874679,100.205487304875,Medios,Semanal
2020-03-15,1.51892298256672,101.518922982567,Medios,Semanal
2020-03-22,1.54142485919093,101.541424859191,Medios,Semanal
2020-03-29,1.16029299275637,101.160292992756,Medios,Semanal
2020-04-05,1.22007924118737,101.220079241187,Medios,Semanal
2020-04-12,1.10054360854556,101.100543608546,Medios,Semanal
2020-04-19,1.6274979307506,101.627497930751,Medios,Semanal
2020-04-26,0.85504854564738,100.855048545647,Medios,Semanal
2020-05-03,0.830271422159704,100.83027142216,Medios,Semanal
2020-05-10,1.64738530772542,101.647385307725,Medios,Semanal
2020-05-17,0.851908895400586,100.851908895401,Medios,Semanal
2020-05-24,1.3484877801738,101.348487780174,Medios,Semanal
2020-05-31,1.35389407254782,101.353894072548,Medios,Semanal
2020-06-07,1.45387956226206,101.453879562262,Medios,Semanal
2020-06-14,1.43004522394541,101.430045223945,Medios,Semanal
2020-06-21,1.53877135009525,101.538771350095,Medios,Semanal
2020-06-28,1.38805343377008,101.38805343377,Medios,Semanal
2020-07-05,1.03598332141276,101.035983321413,Medios,Semanal
2020-07-12,0.844711436206811,100.844711436207,Medios,Semanal
2020-07-19,0.588985601001642,100.588985601002,Medios,Semanal
2020-07-26,0.471722246673013,100.471722246673,Medios,Semanal
2020-08-02,-0.479227613917104,99.5207723860829,Medios,Semanal
2020-08-09,0.0677025689736058,100.067702568974,Medios,Semanal
2020-08-16,1.21436913090728,101.214369130907,Medios,Semanal
2020-08-23,0.995162450667178,100.995162450667,Medios,Semanal
2020-08-30,0.883735046271203,100.883735046271,Medios,Semanal
2020-09-06,0.570376872270653,100.570376872271,Medios,Semanal
2020-09-13,0.7514533105074,100.751453310507,Medios,Semanal
2020-09-20,0.840085115667088,100.840085115667,Medios,Semanal
2020-09-27,0.951569621515338,100.951569621515,Medios,Semanal
2020-10-04,0.645257235564546,100.645257235565,Medios,Semanal
2020-10-11,0.811091204163502,100.811091204164,Medios,Semanal
2020-10-18,0.0477415513511824,100.047741551351,Medios,Semanal
2020-10-25,0.161147660509322,100.161147660509,Medios,Semanal
2020-11-01,0.786303887016508,100.786303887017,Medios,Semanal
2020-11-08,0.656226195273276,100.656226195273,Medios,Semanal
2020-11-15,0.491963590185133,100.491963590185,Medios,Semanal
2020-11-22,0.612005301796924,100.612005301797,Medios,Semanal
2020-11-29,0.735372322804111,100.735372322804,Medios,Semanal
2020-12-06,0.234985916118421,100.234985916118,Medios,Semanal
2020-12-13,0.678125946557913,100.678125946558,Medios,Semanal
2020-12-20,0.872739907797641,100.872739907798,Medios,Semanal
2020-12-27,1.1665619314818,101.166561931482,Medios,Semanal
2021-01-03,0.624304005715517,100.624304005716,Medios,Semanal
2021-01-10,0.880761439976631,100.880761439977,Medios,Semanal
2021-01-17,1.10049631794903,101.100496317949,Medios,Semanal
2021-01-24,0.612319379886625,100.612319379887,Medios,Semanal
2021-01-31,0.647968992800413,100.6479689928,Medios,Semanal
2021-02-07,0.815338146639574,100.81533814664,Medios,Semanal
2021-02-14,0.978628255792107,100.978628255792,Medios,Semanal
2021-02-21,0.550727999098359,100.550727999098,Medios,Semanal
2021-02-28,0.160129682609442,100.160129682609,Medios,Semanal
2021-03-07,0.117187863011326,100.117187863011,Medios,Semanal
2021-03-14,0.464330038328207,100.464330038328,Medios,Semanal
2021-03-21,1.2403467916934,101.240346791693,Medios,Semanal
2021-03-28,1.17074610139097,101.170746101391,Medios,Semanal
2021-04-04,0.942116169629847,100.94211616963,Medios,Semanal
2021-04-11,0.796806317109043,100.796806317109,Medios,Semanal
2021-04-18,0.45752516462789,100.457525164628,Medios,Semanal
2021-04-25,0.16386347051555,100.163863470516,Medios,Semanal
2021-05-02,0.65996125872616,100.659961258726,Medios,Semanal
2021-05-09,0.713436314700097,100.7134363147,Medios,Semanal
2021-05-16,-0.255063343928289,99.7449366560717,Medios,Semanal
2021-05-23,0.788506104345719,100.788506104346,Medios,Semanal
2021-05-30,0.872553557499532,100.8725535575,Medios,Semanal
2021-06-06,0.919523746118104,100.919523746118,Medios,Semanal
2021-06-13,0.187721240012025,100.187721240012,Medios,Semanal
2021-06-20,0.939916753029899,100.93991675303,Medios,Semanal
2021-06-27,0.838039696847578,100.838039696848,Medios,Semanal
2021-07-04,1.00974148612678,101.009741486127,Medios,Semanal
2021-07-11,0.692346626077687,100.692346626078,Medios,Semanal
2021-07-18,0.75012558524439,100.750125585244,Medios,Semanal
2021-07-25,0.533949498675828,100.533949498676,Medios,Semanal
2021-08-01,1.24805406304163,101.248054063042,Medios,Semanal
2021-08-08,0.558267095713305,100.558267095713,Medios,Semanal
2021-08-15,0.526140067784426,100.526140067784,Medios,Semanal
2021-08-22,0.0732957818001532,100.0732957818,Medios,Semanal
2021-08-29,0.705949193368239,100.705949193368,Medios,Semanal
2021-09-05,0.721774747896957,100.721774747897,Medios,Semanal
2021-09-12,0.382008387093441,100.382008387093,Medios,Semanal
2021-09-19,0.869759436042284,100.869759436042,Medios,Semanal
2021-09-26,0.981404745024285,100.981404745024,Medios,Semanal
2021-10-03,-0.00222256425452141,99.9977774357455,Medios,Semanal
2021-10-10,0.509934384745634,100.509934384746,Medios,Semanal
2021-10-17,0.719038941055748,100.719038941056,Medios,Semanal
2021-10-24,0.788203349720021,100.78820334972,Medios,Semanal
2021-10-31,0.843550846880323,100.84355084688,Medios,Semanal
2021-11-07,0.785293567282235,100.785293567282,Medios,Semanal
2021-11-14,0.790939287693607,100.790939287694,Medios,Semanal
2021-11-21,0.362687337919883,100.36268733792,Medios,Semanal
2021-11-28,0.404720605624901,100.404720605625,Medios,Semanal
2021-12-05,0.457378356146478,100.457378356146,Medios,Semanal
2021-12-12,0.499764636835579,100.499764636836,Medios,Semanal
2021-12-19,0.19060360606459,100.190603606065,Medios,Semanal
2021-12-26,0.570990533960052,100.57099053396,Medios,Semanal
2022-01-02,0.181240367353842,100.181240367354,Medios,Semanal
2022-01-09,0.267586707776595,100.267586707777,Medios,Semanal
2022-01-16,1.08946421821893,101.089464218219,Medios,Semanal
2022-01-23,0.594270338210327,100.59427033821,Medios,Semanal
2022-01-30,1.0872107925301,101.08721079253,Medios,Semanal
2022-02-06,0.762093572395721,100.762093572396,Medios,Semanal
2022-02-13,0.28714518721778,100.287145187218,Medios,Semanal
2022-02-20,0.63479764762668,100.634797647627,Medios,Semanal
2022-02-27,0.622668529414094,100.622668529414,Medios,Semanal
2022-03-06,0.169544437136513,100.169544437137,Medios,Semanal
2022-03-13,0.485190447590741,100.485190447591,Medios,Semanal
2022-03-20,0.62322828098193,100.623228280982,Medios,Semanal
2022-03-27,1.23329975222818,101.233299752228,Medios,Semanal
2022-04-03,1.10947820532059,101.109478205321,Medios,Semanal
2022-04-10,0.324865841146083,100.324865841146,Medios,Semanal
2022-04-17,0.555030036606656,100.555030036607,Medios,Semanal
2022-04-24,1.10351349769604,101.103513497696,Medios,Semanal
2022-05-01,0.807201088926061,100.807201088926,Medios,Semanal
2022-05-08,1.03214701573077,101.032147015731,Medios,Semanal
2022-05-15,0.961478327226408,100.961478327226,Medios,Semanal
2022-05-22,0.378193804379397,100.378193804379,Medios,Semanal
2022-05-29,0.334610084982093,100.334610084982,Medios,Semanal
2022-06-05,0.711660302423728,100.711660302424,Medios,Semanal
2022-06-12,0.858082958113959,100.858082958114,Medios,Semanal
2022-06-19,0.499796265071019,100.499796265071,Medios,Semanal
2022-06-26,0.755894407503253,100.755894407503,Medios,Semanal
2022-07-03,0.354406653067634,100.354406653068,Medios,Semanal
2022-07-10,0.137136904347953,100.137136904348,Medios,Semanal
2022-07-17,0.39149159312869,100.391491593129,Medios,Semanal
2022-07-24,0.842669098328688,100.842669098329,Medios,Semanal
2022-07-31,0.839138389228043,100.839138389228,Medios,Semanal
2022-08-07,0.691457964546187,100.691457964546,Medios,Semanal
2022-08-14,0.427884513067221,100.427884513067,Medios,Semanal
2022-08-21,0.885973921441312,100.885973921441,Medios,Semanal
2022-08-28,0.432070809376598,100.432070809377,Medios,Semanal
2022-09-04,0.302476861304828,100.302476861305,Medios,Semanal
2022-09-11,0.116124921302357,100.116124921302,Medios,Semanal
2022-09-18,0.751250083848913,100.751250083849,Medios,Semanal
2022-09-25,0.634906510746917,100.634906510747,Medios,Semanal
2022-10-02,0.54599134800024,100.545991348,Medios,Semanal
2022-10-09,0.021232568396534,100.021232568397,Medios,Semanal
2022-10-16,0.14633284082491,100.146332840825,Medios,Semanal
2022-10-23,0.757769598055596,100.757769598056,Medios,Semanal
2022-10-30,0.177014117882139,100.177014117882,Medios,Semanal
2022-11-06,0.109643593987246,100.109643593987,Medios,Semanal
2022-11-13,0.0577030772154524,100.057703077215,Medios,Semanal
2022-11-20,0.619842458690231,100.61984245869,Medios,Semanal
2022-11-27,-0.17117737852267,99.8288226214773,Medios,Semanal
2022-12-04,0.270294552496756,100.270294552497,Medios,Semanal
2022-12-11,0.178987904088462,100.178987904088,Medios,Semanal
2022-12-18,-0.282392849846227,99.7176071501538,Medios,Semanal
2022-12-25,-0.158092604658751,99.8419073953413,Medios,Semanal
2023-01-01,0.29906075486634,100.299060754866,Medios,Semanal
2023-01-08,0.173186670034574,100.173186670035,Medios,Semanal
2023-01-15,0.211607327065516,100.211607327066,Medios,Semanal
2023-01-22,0.510282088631563,100.510282088632,Medios,Semanal
2023-01-29,-0.467030593958076,99.5329694060419,Medios,Semanal
2023-02-05,-0.228685829624247,99.7713141703758,Medios,Semanal
2023-02-12,-0.210313152579249,99.7896868474208,Medios,Semanal
2023-02-19,-0.698386474554478,99.3016135254455,Medios,Semanal
2023-02-26,-0.372126610840049,99.6278733891599,Medios,Semanal
2023-03-05,0.565278358477673,100.565278358478,Medios,Semanal
2023-03-12,0.414716849280823,100.414716849281,Medios,Semanal
2023-03-19,0.0583558869162653,100.058355886916,Medios,Semanal
2023-03-26,0.286547640680052,100.28654764068,Medios,Semanal
2023-04-02,-0.247058274771406,99.7529417252286,Medios,Semanal
2023-04-09,0.315098072287735,100.315098072288,Medios,Semanal
2023-04-16,0.475598957518334,100.475598957518,Medios,Semanal
2023-04-23,-0.119423141488531,99.8805768585115,Medios,Semanal
2023-04-30,-0.499158367638585,99.5008416323614,Medios,Semanal
2023-05-07,0.0871987937511499,100.087198793751,Medios,Semanal
2023-05-14,0.397567855698087,100.397567855698,Medios,Semanal
2023-05-21,-0.0416751238706345,99.9583248761294,Medios,Semanal
2023-05-28,0.322499754774114,100.322499754774,Medios,Semanal
2023-06-04,0.325490844521664,100.325490844522,Medios,Semanal
2023-06-11,0.377089458940722,100.377089458941,Medios,Semanal
2023-06-18,-0.368299575653621,99.6317004243464,Medios,Semanal
2023-06-25,0.0568504720411208,100.056850472041,Medios,Semanal
2023-07-02,-0.135255475428765,99.8647445245712,Medios,Semanal
2023-07-09,0.128837553975203,100.128837553975,Medios,Semanal
2023-07-16,0.0521440151689348,100.052144015169,Medios,Semanal
2023-07-23,0.271688187987948,100.271688187988,Medios,Semanal
2023-07-30,-0.185463749301698,99.8145362506983,Medios,Semanal
2023-08-06,0.0192596698840812,100.019259669884,Medios,Semanal
2023-08-13,-0.143833135474379,99.8561668645256,Medios,Semanal
2023-08-20,0.203444869871787,100.203444869872,Medios,Semanal
2023-08-27,0.311570250023647,100.311570250024,Medios,Semanal
2023-09-03,0.347422065005705,100.347422065006,Medios,Semanal
2023-09-10,-0.680091942029725,99.3199080579703,Medios,Semanal
2023-09-17,0.248368803412381,100.248368803412,Medios,Semanal
2023-09-24,0.280687520440954,100.280687520441,Medios,Semanal
2023-10-01,0.439684941505606,100.439684941506,Medios,Semanal
2023-10-08,0.0921129027185448,100.092112902719,Medios,Semanal
2023-10-15,0.113272199085973,100.113272199086,Medios,Semanal
2023-10-22,-0.17766972178053,99.8223302782195,Medios,Semanal
2023-10-29,0.0806380139588096,100.080638013959,Medios,Semanal
2023-11-05,-0.100986605606609,99.8990133943934,Medios,Semanal
2023-11-12,-0.326332398052553,99.6736676019474,Medios,Semanal
2023-11-19,-0.36733939473631,99.6326606052637,Medios,Semanal
2023-11-26,0.0691941901090632,100.069194190109,Medios,Semanal
2023-12-03,0.373232413070672,100.373232413071,Medios,Semanal
2023-12-10,-0.120749953401453,99.8792500465986,Medios,Semanal
2023-12-17,-0.0252029422842559,99.9747970577157,Medios,Semanal
2023-12-24,-0.158817477764155,99.8411825222358,Medios,Semanal
2023-12-31,0.297484400972302,100.297484400972,Medios,Semanal
2024-01-07,0.317211023243514,100.317211023244,Medios,Semanal
2024-01-14,0.257781283162529,100.257781283163,Medios,Semanal
2024-01-21,-0.0784959689462218,99.9215040310538,Medios,Semanal
2024-01-28,-0.0537617579460052,99.946238242054,Medios,Semanal
2024-02-04,-0.535466436510113,99.4645335634899,Medios,Semanal
2024-02-11,0.0991723736002547,100.0991723736,Medios,Semanal
2024-02-18,-0.501571775799778,99.4984282242002,Medios,Semanal
2024-02-25,-0.00329630719617891,99.9967036928038,Medios,Semanal
2024-03-03,0.772489799419849,100.77248979942,Medios,Semanal
2024-03-10,0.590750802301868,100.590750802302,Medios,Semanal
2024-03-17,0.175995144205206,100.175995144205,Medios,Semanal
2024-03-24,-0.0307591422027546,99.9692408577972,Medios,Semanal
2024-03-31,0.41765105261666,100.417651052617,Medios,Semanal
2024-04-07,-0.00978148986040148,99.9902185101396,Medios,Semanal
2024-04-14,0.360652617424278,100.360652617424,Medios,Semanal
2024-04-21,0.403048416450169,100.40304841645,Medios,Semanal
2024-04-28,0.44255678567199,100.442556785672,Medios,Semanal
2024-05-05,0.226811952516707,100.226811952517,Medios,Semanal
2024-05-12,0.10517471781585,100.105174717816,Medios,Semanal
2024-05-19,-0.0351522169205186,99.9648477830795,Medios,Semanal
2024-05-26,0.411615023417175,100.411615023417,Medios,Semanal
2024-06-02,-0.170426156995053,99.829573843005,Medios,Semanal
2024-06-09,-0.191077475918804,99.8089225240812,Medios,Semanal
2024-06-16,-0.130266732157235,99.8697332678428,Medios,Semanal
2024-06-23,0.067359708586485,100.067359708586,Medios,Semanal
2024-06-30,-0.0735375304741627,99.9264624695258,Medios,Semanal
2024-07-07,0.0352446921774691,100.035244692177,Medios,Semanal
2024-07-14,0.827448060235962,100.827448060236,Medios,Semanal
2024-07-21,-0.0358095119426059,99.9641904880574,Medios,Semanal
2024-07-28,-0.437098788714259,99.5629012112857,Medios,Semanal
2024-08-04,-0.183158357318759,99.8168416426812,Medios,Semanal
2024-08-11,0.181553244632922,100.181553244633,Medios,Semanal
2024-08-18,-0.888308992011542,99.1116910079885,Medios,Semanal
2024-08-25,-0.126722921577759,99.8732770784222,Medios,Semanal
