scheme,window,replicate,w,S_GC,N,mean_k
raw,Neutral,0,25,0.8873494969487052,6063,4.619825169058222
raw,Neutral,0,50,0.8519148936170213,3525,3.4507801418439716
raw,Neutral,0,75,0.8085021851410409,2517,2.925705204608661
raw,Neutral,0,100,0.7740259740259741,1925,2.617142857142857
raw,Neutral,0,150,0.6965098634294385,1318,2.236722306525038
raw,Neutral,0,200,0.5886010362694301,965,1.993782383419689
raw,Neutral,0,300,0.45792880258899676,618,1.7055016181229774
raw,Neutral,0,400,0.35697940503432496,437,1.5606407322654463
raw,Neutral,0,600,0.152,250,1.416
raw,Neutral,0,800,0.06790123456790123,162,1.2592592592592593
raw,Pre-transition,0,25,0.9096272459104318,7458,5.205953338696702
raw,Pre-transition,0,50,0.8852496564360971,4366,3.879981676591846
raw,Pre-transition,0,75,0.8308614704954245,3169,3.2205743136636165
raw,Pre-transition,0,100,0.8015453436356242,2459,2.8987393249288327
raw,Pre-transition,0,150,0.7513258691809075,1697,2.46081319976429
raw,Pre-transition,0,200,0.6543887147335423,1276,2.197492163009404
raw,Pre-transition,0,300,0.5611510791366906,834,1.8848920863309353
raw,Pre-transition,0,400,0.4570446735395189,582,1.711340206185567
raw,Pre-transition,0,600,0.3253012048192771,332,1.5060240963855422
raw,Pre-transition,0,800,0.18018018018018017,222,1.3963963963963963
raw,Post-transition,0,25,0.923747517104392,9062,6.785477819465902
raw,Post-transition,0,50,0.9069644741470277,5686,4.926837847344355
raw,Post-transition,0,75,0.8907622892424603,4211,4.10496319164094
raw,Post-transition,0,100,0.8571850103275303,3389,3.5975213927412217
raw,Post-transition,0,150,0.8047677764077271,2433,3.087546239210851
raw,Post-transition,0,200,0.765295358649789,1896,2.719409282700422
raw,Post-transition,0,300,0.71781033153431,1297,2.2960678488820356
raw,Post-transition,0,400,0.6673575129533679,965,2.132642487046632
raw,Post-transition,0,600,0.5551782682512734,589,1.8879456706281834
raw,Post-transition,0,800,0.46559633027522934,436,1.6788990825688073
binomial,Neutral,0,25,0.8803967327887982,5142,4.215480357837417
binomial,Neutral,0,50,0.8324360699865411,2972,3.154104979811575
binomial,Neutral,0,75,0.7780487804878049,2050,2.684878048780488
binomial,Neutral,0,100,0.7238758708043065,1579,2.3647878404053198
binomial,Neutral,0,150,0.6111111111111112,1044,2.053639846743295
binomial,Neutral,0,200,0.5297225891677675,757,1.809775429326288
binomial,Neutral,0,300,0.37420718816067655,473,1.5983086680761098
binomial,Neutral,0,400,0.19558359621451105,317,1.4700315457413249
binomial,Neutral,0,600,0.11046511627906977,172,1.2906976744186047
binomial,Neutral,0,800,0.09090909090909091,110,1.2727272727272727
binomial,Neutral,1,25,0.8803752931978108,5116,4.211884284597342
binomial,Neutral,1,50,0.8248644986449865,2952,3.1463414634146343
binomial,Neutral,1,75,0.7894995093228655,2038,2.707556427870461
binomial,Neutral,1,100,0.7207093096896771,1579,2.390120329322356
binomial,Neutral,1,150,0.6162790697674418,1032,2.044573643410853
binomial,Neutral,1,200,0.5321944809461235,761,1.8107752956636005
binomial,Neutral,1,300,0.3628691983122363,474,1.5864978902953586
binomial,Neutral,1,400,0.1861198738170347,317,1.444794952681388
binomial,Neutral,1,600,0.11363636363636363,176,1.2954545454545454
binomial,Neutral,1,800,0.09259259259259259,108,1.2777777777777777
binomial,Neutral,2,25,0.875752281110464,5151,4.204620462046204
binomial,Neutral,2,50,0.8217654986522911,2968,3.137466307277628
binomial,Neutral,2,75,0.7847665847665848,2035,2.7144963144963143
binomial,Neutral,2,100,0.7248110831234257,1588,2.3904282115869018
binomial,Neutral,2,150,0.6172248803827751,1045,2.047846889952153
binomial,Neutral,2,200,0.5247657295850067,747,1.8045515394912985
binomial,Neutral,2,300,0.3702127659574468,470,1.5872340425531914
binomial,Neutral,2,400,0.19435736677115986,319,1.4608150470219436
binomial,Neutral,2,600,0.12138728323699421,173,1.2947976878612717
binomial,Neutral,2,800,0.08928571428571429,112,1.2678571428571428
binomial,Neutral,3,25,0.8829287392325763,5108,4.243148003132341
binomial,Neutral,3,50,0.8292354328056585,2969,3.1458403502862917
binomial,Neutral,3,75,0.7855044074436827,2042,2.69539666993144
binomial,Neutral,3,100,0.7266414141414141,1584,2.3775252525252526
binomial,Neutral,3,150,0.605009633911368,1038,2.0481695568400773
binomial,Neutral,3,200,0.5325365205843293,753,1.8087649402390438
binomial,Neutral,3,300,0.37606837606837606,468,1.5982905982905984
binomial,Neutral,3,400,0.18789808917197454,314,1.464968152866242
binomial,Neutral,3,600,0.10674157303370786,178,1.2808988764044944
binomial,Neutral,3,800,0.09345794392523364,107,1.2710280373831775
binomial,Neutral,4,25,0.8849384645438563,5119,4.231295174838836
binomial,Neutral,4,50,0.8223043332213638,2977,3.131340275445079
binomial,Neutral,4,75,0.7849409448818898,2032,2.6929133858267718
binomial,Neutral,4,100,0.7308907138344914,1583,2.381554011370815
binomial,Neutral,4,150,0.6106280193236715,1035,2.0405797101449274
binomial,Neutral,4,200,0.5303430079155673,758,1.7968337730870712
binomial,Neutral,4,300,0.3619246861924686,478,1.5857740585774058
binomial,Neutral,4,400,0.19135802469135801,324,1.4691358024691359
binomial,Neutral,4,600,0.10857142857142857,175,1.28
binomial,Neutral,4,800,0.09090909090909091,110,1.2727272727272727
binomial,Neutral,5,25,0.8826044703595723,5145,4.216132167152575
binomial,Neutral,5,50,0.8269556383338977,2953,3.1473078225533357
binomial,Neutral,5,75,0.781586679725759,2042,2.6856023506366307
binomial,Neutral,5,100,0.7262958280657396,1582,2.381795195954488
binomial,Neutral,5,150,0.6117073170731707,1025,2.0565853658536586
binomial,Neutral,5,200,0.5397877984084881,754,1.8143236074270557
binomial,Neutral,5,300,0.3657505285412262,473,1.5940803382663848
binomial,Neutral,5,400,0.19375,320,1.45625
binomial,Neutral,5,600,0.11046511627906977,172,1.2906976744186047
binomial,Neutral,5,800,0.09090909090909091,110,1.2727272727272727
binomial,Neutral,6,25,0.8798048780487805,5125,4.21619512195122
binomial,Neutral,6,50,0.830290736984449,2958,3.1467207572684246
binomial,Neutral,6,75,0.7779419005416052,2031,2.6981782373215166
binomial,Neutral,6,100,0.7186119873817035,1585,2.391167192429022
binomial,Neutral,6,150,0.606494746895893,1047,2.0458452722063036
binomial,Neutral,6,200,0.5320855614973262,748,1.8128342245989304
binomial,Neutral,6,300,0.3696581196581197,468,1.5940170940170941
binomial,Neutral,6,400,0.184375,320,1.45625
binomial,Neutral,6,600,0.1111111111111111,171,1.286549707602339
binomial,Neutral,6,800,0.08928571428571429,112,1.2678571428571428
binomial,Neutral,7,25,0.8817246067197514,5149,4.2093610409788305
binomial,Neutral,7,50,0.8262339418526031,2958,3.162947937795808
binomial,Neutral,7,75,0.7873479318734793,2055,2.67639902676399
binomial,Neutral,7,100,0.7326607818411097,1586,2.377049180327869
binomial,Neutral,7,150,0.6099903938520653,1041,2.0441882804995197
binomial,Neutral,7,200,0.5289473684210526,760,1.8026315789473684
binomial,Neutral,7,300,0.3699788583509514,473,1.5940803382663848
binomial,Neutral,7,400,0.2012779552715655,313,1.4824281150159744
binomial,Neutral,7,600,0.1111111111111111,171,1.286549707602339
binomial,Neutral,7,800,0.09345794392523364,107,1.2710280373831775
binomial,Neutral,8,25,0.8782574873590043,5142,4.196032672112018
binomial,Neutral,8,50,0.8315931289996632,2969,3.1498821151903
binomial,Neutral,8,75,0.7819070904645476,2045,2.680684596577017
binomial,Neutral,8,100,0.7188093730208993,1579,2.3837872070930968
binomial,Neutral,8,150,0.6045845272206304,1047,2.038204393505253
binomial,Neutral,8,200,0.5369393139841688,758,1.8179419525065963
binomial,Neutral,8,300,0.37901498929336186,467,1.6017130620985012
binomial,Neutral,8,400,0.18867924528301888,318,1.4591194968553458
binomial,Neutral,8,600,0.06976744186046512,172,1.2790697674418605
binomial,Neutral,8,800,0.09259259259259259,108,1.2777777777777777
binomial,Neutral,9,25,0.8802184939523995,5126,4.232149824424503
binomial,Neutral,9,50,0.8273308650286099,2971,3.143049478290138
binomial,Neutral,9,75,0.783014236622484,2037,2.7010309278350517
binomial,Neutral,9,100,0.7166144200626959,1595,2.381191222570533
binomial,Neutral,9,150,0.6102514506769826,1034,2.034816247582205
binomial,Neutral,9,200,0.541501976284585,759,1.8234519104084321
binomial,Neutral,9,300,0.36268343815513626,477,1.5765199161425576
binomial,Neutral,9,400,0.18789808917197454,314,1.464968152866242
binomial,Neutral,9,600,0.12352941176470589,170,1.2941176470588236
binomial,Neutral,9,800,0.09259259259259259,108,1.2777777777777777
binomial,Neutral,10,25,0.881369117075068,5142,4.212368728121354
binomial,Neutral,10,50,0.8298446995273464,2962,3.164078325455773
binomial,Neutral,10,75,0.7749510763209393,2044,2.6780821917808217
binomial,Neutral,10,100,0.7276166456494325,1586,2.3757881462799495
binomial,Neutral,10,150,0.6155339805825243,1030,2.050485436893204
binomial,Neutral,10,200,0.5343007915567283,758,1.799472295514512
binomial,Neutral,10,300,0.3710691823899371,477,1.580712788259958
binomial,Neutral,10,400,0.19365079365079366,315,1.4666666666666666
binomial,Neutral,10,600,0.10982658959537572,173,1.283236994219653
binomial,Neutral,10,800,0.09090909090909091,110,1.2727272727272727
binomial,Neutral,11,25,0.8792901716068643,5128,4.2242589703588145
binomial,Neutral,11,50,0.8240270727580372,2955,3.158714043993232
binomial,Neutral,11,75,0.781969622733954,2041,2.6810387065164134
binomial,Neutral,11,100,0.7307206068268015,1582,2.398230088495575
binomial,Neutral,11,150,0.6055662188099808,1042,2.0326295585412666
binomial,Neutral,11,200,0.5343007915567283,758,1.8100263852242744
binomial,Neutral,11,300,0.35456475583864117,471,1.575371549893843
binomial,Neutral,11,400,0.18670886075949367,316,1.4556962025316456
binomial,Neutral,11,600,0.11046511627906977,172,1.2790697674418605
binomial,Neutral,11,800,0.09090909090909091,110,1.2727272727272727
binomial,Neutral,12,25,0.8815119467293381,5106,4.244026635330983
binomial,Neutral,12,50,0.8218120805369128,2980,3.138255033557047
binomial,Neutral,12,75,0.7815699658703071,2051,2.687469527059971
binomial,Neutral,12,100,0.7309388783868935,1587,2.3881537492123504
binomial,Neutral,12,150,0.6135265700483091,1035,2.0521739130434784
binomial,Neutral,12,200,0.5323645970937912,757,1.8018494055482166
binomial,Neutral,12,300,0.3624733475479744,469,1.5863539445628998
binomial,Neutral,12,400,0.1930379746835443,316,1.4430379746835442
binomial,Neutral,12,600,0.12941176470588237,170,1.3058823529411765
binomial,Neutral,12,800,0.08256880733944955,109,1.2660550458715596
binomial,Neutral,13,25,0.8805999220880405,5134,4.220101285547331
binomial,Neutral,13,50,0.8228187919463087,2980,3.128187919463087
binomial,Neutral,13,75,0.7802251590797846,2043,2.69995105237396
binomial,Neutral,13,100,0.7324921135646688,1585,2.3974763406940065
binomial,Neutral,13,150,0.6122448979591837,1029,2.0408163265306123
binomial,Neutral,13,200,0.5305851063829787,752,1.8085106382978724
binomial,Neutral,13,300,0.3686440677966102,472,1.5932203389830508
binomial,Neutral,13,400,0.19558359621451105,317,1.4637223974763407
binomial,Neutral,13,600,0.1111111111111111,171,1.286549707602339
binomial,Neutral,13,800,0.08256880733944955,109,1.2660550458715596
binomial,Neutral,14,25,0.8787937743190661,5140,4.222178988326848
binomial,Neutral,14,50,0.8234301147873059,2962,3.135043889264011
binomial,Neutral,14,75,0.779504613890238,2059,2.6721709567751337
binomial,Neutral,14,100,0.7305502846299811,1581,2.3896268184693232
binomial,Neutral,14,150,0.6054421768707483,1029,2.044703595724004
binomial,Neutral,14,200,0.5338645418326693,753,1.8220451527224435
binomial,Neutral,14,300,0.36134453781512604,476,1.5714285714285714
binomial,Neutral,14,400,0.19682539682539682,315,1.453968253968254
binomial,Neutral,14,600,0.10857142857142857,175,1.28
binomial,Neutral,14,800,0.09090909090909091,110,1.2727272727272727
binomial,Neutral,15,25,0.8818040435458787,5144,4.226671850699844
binomial,Neutral,15,50,0.8310193024043345,2953,3.1500169319336266
binomial,Neutral,15,75,0.7874632713026445,2042,2.7042115572967678
binomial,Neutral,15,100,0.7236593059936909,1585,2.3785488958990535
binomial,Neutral,15,150,0.6140519730510106,1039,2.05004812319538
binomial,Neutral,15,200,0.5243741765480896,759,1.7997364953886692
binomial,Neutral,15,300,0.3707627118644068,472,1.6059322033898304
binomial,Neutral,15,400,0.19558359621451105,317,1.476340694006309
binomial,Neutral,15,600,0.10982658959537572,173,1.283236994219653
binomial,Neutral,15,800,0.09090909090909091,110,1.2727272727272727
binomial,Neutral,16,25,0.8808826401093537,5121,4.213239601640304
binomial,Neutral,16,50,0.8254557731262661,2962,3.1444969615124916
binomial,Neutral,16,75,0.7852941176470588,2040,2.684313725490196
binomial,Neutral,16,100,0.7253918495297805,1595,2.376175548589342
binomial,Neutral,16,150,0.6037000973709834,1027,2.050632911392405
binomial,Neutral,16,200,0.5382585751978892,758,1.8073878627968338
binomial,Neutral,16,300,0.3653444676409186,479,1.582463465553236
binomial,Neutral,16,400,0.18808777429467086,319,1.4545454545454546
binomial,Neutral,16,600,0.1111111111111111,171,1.2982456140350878
binomial,Neutral,16,800,0.09090909090909091,110,1.2727272727272727
binomial,Neutral,17,25,0.877431906614786,5140,4.211673151750973
binomial,Neutral,17,50,0.8254128749578699,2967,3.1506572295247723
binomial,Neutral,17,75,0.7822660098522167,2030,2.6995073891625614
binomial,Neutral,17,100,0.7226415094339622,1590,2.3874213836477987
binomial,Neutral,17,150,0.6071085494716618,1041,2.0326609029779057
binomial,Neutral,17,200,0.5329815303430079,758,1.7968337730870712
binomial,Neutral,17,300,0.35833333333333334,480,1.5708333333333333
binomial,Neutral,17,400,0.18849840255591055,313,1.4568690095846646
binomial,Neutral,17,600,0.11560693641618497,173,1.2947976878612717
binomial,Neutral,17,800,0.09090909090909091,110,1.2727272727272727
binomial,Neutral,18,25,0.8778015981290197,5131,4.205807834730072
binomial,Neutral,18,50,0.8300235610905419,2971,3.153147088522383
binomial,Neutral,18,75,0.7796196977084349,2051,2.6855192588980983
binomial,Neutral,18,100,0.7329942784488239,1573,2.392879847425302
binomial,Neutral,18,150,0.6005774783445621,1039,2.0365736284889318
binomial,Neutral,18,200,0.5346666666666666,750,1.8213333333333332
binomial,Neutral,18,300,0.37872340425531914,470,1.5914893617021277
binomial,Neutral,18,400,0.189873417721519,316,1.4493670886075949
binomial,Neutral,18,600,0.12138728323699421,173,1.2947976878612717
binomial,Neutral,18,800,0.09090909090909091,110,1.2727272727272727
binomial,Neutral,19,25,0.8808966861598441,5130,4.224951267056531
binomial,Neutral,19,50,0.8265993265993266,2970,3.1595959595959595
binomial,Neutral,19,75,0.7757694186614558,2047,2.689789936492428
binomial,Neutral,19,100,0.7217336683417085,1592,2.370603015075377
binomial,Neutral,19,150,0.6153846153846154,1040,2.0519230769230767
binomial,Neutral,19,200,0.5394736842105263,760,1.8078947368421052
binomial,Neutral,19,300,0.3673036093418259,471,1.5923566878980893
binomial,Neutral,19,400,0.19122257053291536,319,1.4545454545454546
binomial,Neutral,19,600,0.11560693641618497,173,1.30635838150289
binomial,Neutral,19,800,0.09090909090909091,110,1.2727272727272727
binomial,Neutral,20,25,0.8747812560762201,5143,4.205327629788061
binomial,Neutral,20,50,0.8273429627141418,2977,3.150822976150487
binomial,Neutral,20,75,0.787833827893175,2022,2.701285855588526
binomial,Neutral,20,100,0.7315224257738471,1583,2.390397978521794
binomial,Neutral,20,150,0.6096153846153847,1040,2.048076923076923
binomial,Neutral,20,200,0.5386666666666666,750,1.8186666666666667
binomial,Neutral,20,300,0.36152219873150104,473,1.5813953488372092
binomial,Neutral,20,400,0.196875,320,1.4625
binomial,Neutral,20,600,0.12650602409638553,166,1.3132530120481927
binomial,Neutral,20,800,0.09090909090909091,110,1.2727272727272727
binomial,Neutral,21,25,0.8820323145804945,5137,4.204788787229901
binomial,Neutral,21,50,0.8219966159052453,2955,3.151269035532995
binomial,Neutral,21,75,0.7841020608439647,2038,2.7134445534838076
binomial,Neutral,21,100,0.7276166456494325,1586,2.3833543505674655
binomial,Neutral,21,150,0.6005747126436781,1044,2.0402298850574714
binomial,Neutral,21,200,0.5337748344370861,755,1.809271523178808
binomial,Neutral,21,300,0.35908141962421714,479,1.5866388308977035
binomial,Neutral,21,400,0.18808777429467086,319,1.4482758620689655
binomial,Neutral,21,600,0.12571428571428572,175,1.2914285714285714
binomial,Neutral,21,800,0.09090909090909091,110,1.2727272727272727
binomial,Neutral,22,25,0.8769500780031201,5128,4.218798751950078
binomial,Neutral,22,50,0.8295070898041864,2962,3.1519243754220123
binomial,Neutral,22,75,0.784698381559588,2039,2.698381559588033
binomial,Neutral,22,100,0.7225031605562579,1582,2.381795195954488
binomial,Neutral,22,150,0.6125,1040,2.0365384615384614
binomial,Neutral,22,200,0.5423280423280423,756,1.8148148148148149
binomial,Neutral,22,300,0.3626609442060086,466,1.5793991416309012
binomial,Neutral,22,400,0.19195046439628483,323,1.4613003095975232
binomial,Neutral,22,600,0.1111111111111111,171,1.286549707602339
binomial,Neutral,22,800,0.09090909090909091,110,1.2727272727272727
binomial,Neutral,23,25,0.8783678250683327,5122,4.206559937524404
binomial,Neutral,23,50,0.8280040390440929,2971,3.154493436553349
binomial,Neutral,23,75,0.7802359882005899,2034,2.6882989183874137
binomial,Neutral,23,100,0.7206528562460766,1593,2.3640929064657876
binomial,Neutral,23,150,0.5992292870905588,1038,2.0385356454720616
binomial,Neutral,23,200,0.5417218543046357,755,1.8119205298013246
binomial,Neutral,23,300,0.37393162393162394,468,1.5811965811965811
binomial,Neutral,23,400,0.19937694704049844,321,1.470404984423676
binomial,Neutral,23,600,0.12138728323699421,173,1.30635838150289
binomial,Neutral,23,800,0.09009009009009009,111,1.2612612612612613
binomial,Neutral,24,25,0.8819742489270386,5126,4.1931330472103
binomial,Neutral,24,50,0.8284263959390863,2955,3.153299492385787
binomial,Neutral,24,75,0.7735294117647059,2040,2.6823529411764704
binomial,Neutral,24,100,0.7304075235109718,1595,2.373667711598746
binomial,Neutral,24,150,0.6218568665377177,1034,2.0580270793036752
binomial,Neutral,24,200,0.5413333333333333,750,1.8053333333333332
binomial,Neutral,24,300,0.35913978494623655,465,1.5870967741935484
binomial,Neutral,24,400,0.19488817891373802,313,1.463258785942492
binomial,Neutral,24,600,0.11627906976744186,172,1.2906976744186047
binomial,Neutral,24,800,0.09090909090909091,110,1.2727272727272727
binomial,Pre-transition,0,25,0.8857817323406574,5507,4.3900490285091704
binomial,Pre-transition,0,50,0.8297400126823081,3154,3.244134432466709
binomial,Pre-transition,0,75,0.7904245709123758,2214,2.767841011743451
binomial,Pre-transition,0,100,0.7492625368731564,1695,2.4424778761061945
binomial,Pre-transition,0,150,0.6173835125448028,1116,2.086021505376344
binomial,Pre-transition,0,200,0.5521844660194175,824,1.8859223300970873
binomial,Pre-transition,0,300,0.4161490683229814,483,1.6645962732919255
binomial,Pre-transition,0,400,0.3202416918429003,331,1.498489425981873
binomial,Pre-transition,0,600,0.17616580310880828,193,1.3471502590673574
binomial,Pre-transition,0,800,0.1271186440677966,118,1.305084745762712
binomial,Pre-transition,1,25,0.889550622631294,5541,4.35769716657643
binomial,Pre-transition,1,50,0.8250793650793651,3150,3.2311111111111113
binomial,Pre-transition,1,75,0.7854251012145749,2223,2.769230769230769
binomial,Pre-transition,1,100,0.7522228808535862,1687,2.4493183165382337
binomial,Pre-transition,1,150,0.6381638163816382,1111,2.0882088208820884
binomial,Pre-transition,1,200,0.5756457564575646,813,1.881918819188192
binomial,Pre-transition,1,300,0.3943089430894309,492,1.6544715447154472
binomial,Pre-transition,1,400,0.32727272727272727,330,1.503030303030303
binomial,Pre-transition,1,600,0.17708333333333334,192,1.3541666666666667
binomial,Pre-transition,1,800,0.15833333333333333,120,1.3333333333333333
binomial,Pre-transition,2,25,0.8864913871260199,5515,4.413417951042611
binomial,Pre-transition,2,50,0.828825962456252,3143,3.2503977091950365
binomial,Pre-transition,2,75,0.774077407740774,2222,2.74977497749775
binomial,Pre-transition,2,100,0.7526627218934911,1690,2.471005917159763
binomial,Pre-transition,2,150,0.6230975828111012,1117,2.0680393912264994
binomial,Pre-transition,2,200,0.5544794188861986,826,1.8789346246973366
binomial,Pre-transition,2,300,0.40973630831643004,493,1.6592292089249492
binomial,Pre-transition,2,400,0.3263473053892216,334,1.4970059880239521
binomial,Pre-transition,2,600,0.17435897435897435,195,1.353846153846154
binomial,Pre-transition,2,800,0.15966386554621848,119,1.3277310924369747
binomial,Pre-transition,3,25,0.8952831906756511,5491,4.39956292114369
binomial,Pre-transition,3,50,0.8296460176991151,3164,3.218078381795196
binomial,Pre-transition,3,75,0.7833109017496636,2229,2.7510094212651413
binomial,Pre-transition,3,100,0.7468879668049793,1687,2.4611736810906937
binomial,Pre-transition,3,150,0.6132497761862131,1117,2.075201432408236
binomial,Pre-transition,3,200,0.5575757575757576,825,1.878787878787879
binomial,Pre-transition,3,300,0.4146341463414634,492,1.670731707317073
binomial,Pre-transition,3,400,0.32926829268292684,328,1.5121951219512195
binomial,Pre-transition,3,600,0.17989417989417988,189,1.3544973544973544
binomial,Pre-transition,3,800,0.125,120,1.3
binomial,Pre-transition,4,25,0.8918382087396172,5538,4.378837125315998
binomial,Pre-transition,4,50,0.831692600825659,3149,3.234042553191489
binomial,Pre-transition,4,75,0.7787253141831239,2228,2.7549371633752244
binomial,Pre-transition,4,100,0.7422985781990521,1688,2.4597156398104265
binomial,Pre-transition,4,150,0.621841155234657,1108,2.0866425992779782
binomial,Pre-transition,4,200,0.5538089480048367,827,1.8742442563482467
binomial,Pre-transition,4,300,0.4074074074074074,486,1.6666666666666667
binomial,Pre-transition,4,400,0.3212121212121212,330,1.503030303030303
binomial,Pre-transition,4,600,0.18085106382978725,188,1.3617021276595744
binomial,Pre-transition,4,800,0.125,120,1.3
binomial,Pre-transition,5,25,0.8957311534968211,5505,4.416712079927339
binomial,Pre-transition,5,50,0.8310170562223625,3166,3.220467466835123
binomial,Pre-transition,5,75,0.780952380952381,2205,2.7537414965986393
binomial,Pre-transition,5,100,0.7602131438721137,1689,2.4641799881586737
binomial,Pre-transition,5,150,0.6262353998203055,1113,2.0934411500449235
binomial,Pre-transition,5,200,0.5665445665445665,819,1.877899877899878
binomial,Pre-transition,5,300,0.41458333333333336,480,1.6625
binomial,Pre-transition,5,400,0.3153153153153153,333,1.4954954954954955
binomial,Pre-transition,5,600,0.17435897435897435,195,1.353846153846154
binomial,Pre-transition,5,800,0.1282051282051282,117,1.3162393162393162
binomial,Pre-transition,6,25,0.8912925905895078,5547,4.377140796827113
binomial,Pre-transition,6,50,0.8233627204030227,3176,3.211586901763224
binomial,Pre-transition,6,75,0.7777278850471486,2227,2.7507858105074092
binomial,Pre-transition,6,100,0.7530791788856305,1705,2.449266862170088
binomial,Pre-transition,6,150,0.6205035971223022,1112,2.068345323741007
binomial,Pre-transition,6,200,0.5658536585365853,820,1.8853658536585365
binomial,Pre-transition,6,300,0.40447154471544716,492,1.6544715447154472
binomial,Pre-transition,6,400,0.3221884498480243,329,1.4954407294832828
binomial,Pre-transition,6,600,0.17801047120418848,191,1.350785340314136
binomial,Pre-transition,6,800,0.18487394957983194,119,1.3445378151260505
binomial,Pre-transition,7,25,0.8909386869234943,5529,4.365346355579671
binomial,Pre-transition,7,50,0.8211125158027813,3164,3.202275600505689
binomial,Pre-transition,7,75,0.7749661093538184,2213,2.753727971079982
binomial,Pre-transition,7,100,0.74,1700,2.448235294117647
binomial,Pre-transition,7,150,0.6234234234234234,1110,2.0774774774774776
binomial,Pre-transition,7,200,0.5485436893203883,824,1.8737864077669903
binomial,Pre-transition,7,300,0.4069529652351738,489,1.6523517382413089
binomial,Pre-transition,7,400,0.3180428134556575,327,1.492354740061162
binomial,Pre-transition,7,600,0.17525773195876287,194,1.3505154639175259
binomial,Pre-transition,7,800,0.12396694214876033,121,1.3057851239669422
binomial,Pre-transition,8,25,0.8890902500906125,5518,4.377310619789779
binomial,Pre-transition,8,50,0.8299556681443951,3158,3.234325522482584
binomial,Pre-transition,8,75,0.7810810810810811,2220,2.7477477477477477
binomial,Pre-transition,8,100,0.7396138092451726,1709,2.4482153306026917
binomial,Pre-transition,8,150,0.640107430617726,1117,2.08952551477171
binomial,Pre-transition,8,200,0.5624242424242424,825,1.8812121212121211
binomial,Pre-transition,8,300,0.4074074074074074,486,1.6584362139917694
binomial,Pre-transition,8,400,0.3023952095808383,334,1.4850299401197604
binomial,Pre-transition,8,600,0.17708333333333334,192,1.34375
binomial,Pre-transition,8,800,0.1721311475409836,122,1.3278688524590163
binomial,Pre-transition,9,25,0.8889492753623188,5520,4.396376811594203
binomial,Pre-transition,9,50,0.8269841269841269,3150,3.2253968253968255
binomial,Pre-transition,9,75,0.7856498194945848,2216,2.7617328519855597
binomial,Pre-transition,9,100,0.7544696066746126,1678,2.469606674612634
binomial,Pre-transition,9,150,0.629193109700816,1103,2.1069809610154127
binomial,Pre-transition,9,200,0.5630354957160343,817,1.8849449204406366
binomial,Pre-transition,9,300,0.4045643153526971,482,1.6680497925311204
binomial,Pre-transition,9,400,0.31722054380664655,331,1.498489425981873
binomial,Pre-transition,9,600,0.17708333333333334,192,1.3541666666666667
binomial,Pre-transition,9,800,0.14049586776859505,121,1.322314049586777
binomial,Pre-transition,10,25,0.8975013678643079,5483,4.412547875250775
binomial,Pre-transition,10,50,0.826197272438947,3153,3.2286711068823344
binomial,Pre-transition,10,75,0.7849174475680499,2241,2.750557786702365
binomial,Pre-transition,10,100,0.7523696682464455,1688,2.4585308056872037
binomial,Pre-transition,10,150,0.618491921005386,1114,2.0646319569120286
binomial,Pre-transition,10,200,0.56062424969988,833,1.8895558223289315
binomial,Pre-transition,10,300,0.4109014675052411,477,1.6813417190775681
binomial,Pre-transition,10,400,0.3191489361702128,329,1.4954407294832828
binomial,Pre-transition,10,600,0.17894736842105263,190,1.3578947368421053
binomial,Pre-transition,10,800,0.12605042016806722,119,1.2941176470588236
binomial,Pre-transition,11,25,0.8941856265799928,5538,4.388587937883712
binomial,Pre-transition,11,50,0.8241269841269842,3150,3.236190476190476
binomial,Pre-transition,11,75,0.7845947156291984,2233,2.7648902821316614
binomial,Pre-transition,11,100,0.7582938388625592,1688,2.470379146919431
binomial,Pre-transition,11,150,0.6258992805755396,1112,2.0845323741007196
binomial,Pre-transition,11,200,0.5486618004866181,822,1.878345498783455
binomial,Pre-transition,11,300,0.41358024691358025,486,1.6748971193415638
binomial,Pre-transition,11,400,0.3242424242424242,330,1.503030303030303
binomial,Pre-transition,11,600,0.17525773195876287,194,1.3505154639175259
binomial,Pre-transition,11,800,0.12605042016806722,119,1.2941176470588236
binomial,Pre-transition,12,25,0.8932971014492753,5520,4.357971014492754
binomial,Pre-transition,12,50,0.8311647096159949,3151,3.246588384639797
binomial,Pre-transition,12,75,0.786618444846293,2212,2.7585895117540686
binomial,Pre-transition,12,100,0.7495538370017847,1681,2.4604402141582393
binomial,Pre-transition,12,150,0.6293643688451208,1117,2.0877350044762757
binomial,Pre-transition,12,200,0.566747572815534,824,1.8883495145631068
binomial,Pre-transition,12,300,0.4271047227926078,487,1.675564681724846
binomial,Pre-transition,12,400,0.303951367781155,329,1.4954407294832828
binomial,Pre-transition,12,600,0.17801047120418848,191,1.361256544502618
binomial,Pre-transition,12,800,0.14166666666666666,120,1.3166666666666667
binomial,Pre-transition,13,25,0.8884447674418605,5504,4.386264534883721
binomial,Pre-transition,13,50,0.8261557948068398,3158,3.2412919569347687
binomial,Pre-transition,13,75,0.7906558849955077,2226,2.7780772686433064
binomial,Pre-transition,13,100,0.7402135231316725,1686,2.4460260972716488
binomial,Pre-transition,13,150,0.6147614761476148,1111,2.0882088208820884
binomial,Pre-transition,13,200,0.5532934131736527,835,1.8730538922155688
binomial,Pre-transition,13,300,0.3967280163599182,489,1.656441717791411
binomial,Pre-transition,13,400,0.3211009174311927,327,1.5045871559633028
binomial,Pre-transition,13,600,0.17708333333333334,192,1.3645833333333333
binomial,Pre-transition,13,800,0.16521739130434782,115,1.3217391304347825
binomial,Pre-transition,14,25,0.8904407763468166,5513,4.3954289860330125
binomial,Pre-transition,14,50,0.822840873141411,3161,3.2363176210060107
binomial,Pre-transition,14,75,0.7852650494159928,2226,2.752920035938904
binomial,Pre-transition,14,100,0.7402597402597403,1694,2.4332939787485244
binomial,Pre-transition,14,150,0.6200361010830325,1108,2.0812274368231045
binomial,Pre-transition,14,200,0.5498783454987834,822,1.8686131386861313
binomial,Pre-transition,14,300,0.4176954732510288,486,1.6666666666666667
binomial,Pre-transition,14,400,0.3119266055045872,327,1.4984709480122325
binomial,Pre-transition,14,600,0.18181818181818182,187,1.3689839572192513
binomial,Pre-transition,14,800,0.14782608695652175,115,1.3565217391304347
binomial,Pre-transition,15,25,0.8920680912712785,5522,4.402752625860195
binomial,Pre-transition,15,50,0.8253220232485077,3183,3.2277725416273957
binomial,Pre-transition,15,75,0.7881928796755295,2219,2.749887336638125
binomial,Pre-transition,15,100,0.7526753864447087,1682,2.455410225921522
binomial,Pre-transition,15,150,0.6263636363636363,1100,2.08
binomial,Pre-transition,15,200,0.5570388349514563,824,1.8859223300970873
binomial,Pre-transition,15,300,0.42424242424242425,495,1.6767676767676767
binomial,Pre-transition,15,400,0.311178247734139,331,1.4924471299093656
binomial,Pre-transition,15,600,0.18085106382978725,188,1.3617021276595744
binomial,Pre-transition,15,800,0.175,120,1.3666666666666667
binomial,Pre-transition,16,25,0.8940336749633968,5464,4.407393850658858
binomial,Pre-transition,16,50,0.8276521185090793,3139,3.2188595093978973
binomial,Pre-transition,16,75,0.7881241565452092,2223,2.754835807467386
binomial,Pre-transition,16,100,0.7437722419928826,1686,2.4460260972716488
binomial,Pre-transition,16,150,0.625,1104,2.0905797101449277
binomial,Pre-transition,16,200,0.5551515151515152,825,1.8836363636363636
binomial,Pre-transition,16,300,0.4171779141104294,489,1.656441717791411
binomial,Pre-transition,16,400,0.3074626865671642,335,1.480597014925373
binomial,Pre-transition,16,600,0.17525773195876287,194,1.3505154639175259
binomial,Pre-transition,16,800,0.1794871794871795,117,1.3504273504273505
binomial,Pre-transition,17,25,0.8882267966775009,5538,4.3777537016973636
binomial,Pre-transition,17,50,0.8248818897637795,3175,3.226456692913386
binomial,Pre-transition,17,75,0.7766816143497758,2230,2.7497757847533633
binomial,Pre-transition,17,100,0.7575221238938054,1695,2.4578171091445427
binomial,Pre-transition,17,150,0.6293643688451208,1117,2.08952551477171
binomial,Pre-transition,17,200,0.5574365175332527,827,1.8766626360338574
binomial,Pre-transition,17,300,0.4061224489795918,490,1.6653061224489796
binomial,Pre-transition,17,400,0.3282208588957055,326,1.50920245398773
binomial,Pre-transition,17,600,0.17708333333333334,192,1.3541666666666667
binomial,Pre-transition,17,800,0.16101694915254236,118,1.3389830508474576
binomial,Pre-transition,18,25,0.8896739130434783,5520,4.37536231884058
binomial,Pre-transition,18,50,0.825632911392405,3160,3.2360759493670885
binomial,Pre-transition,18,75,0.7871667419792138,2213,2.7654767284229553
binomial,Pre-transition,18,100,0.7520661157024794,1694,2.4533648170011806
binomial,Pre-transition,18,150,0.6209386281588448,1108,2.092057761732852
binomial,Pre-transition,18,200,0.550920245398773,815,1.8748466257668712
binomial,Pre-transition,18,300,0.4074844074844075,481,1.659043659043659
binomial,Pre-transition,18,400,0.3281733746130031,323,1.5046439628482973
binomial,Pre-transition,18,600,0.17616580310880828,193,1.3575129533678756
binomial,Pre-transition,18,800,0.15702479338842976,121,1.3553719008264462
binomial,Pre-transition,19,25,0.8875997099347354,5516,4.377084844089921
binomial,Pre-transition,19,50,0.8244781783681214,3162,3.2314990512333965
binomial,Pre-transition,19,75,0.7792732166890982,2229,2.7420367877972183
binomial,Pre-transition,19,100,0.7488179669030733,1692,2.440898345153664
binomial,Pre-transition,19,150,0.6157989228007181,1114,2.0861759425493718
binomial,Pre-transition,19,200,0.5481120584652862,821,1.8879415347137638
binomial,Pre-transition,19,300,0.39344262295081966,488,1.6475409836065573
binomial,Pre-transition,19,400,0.3164179104477612,335,1.492537313432836
binomial,Pre-transition,19,600,0.17616580310880828,193,1.3471502590673574
binomial,Pre-transition,19,800,0.1623931623931624,117,1.3162393162393162
binomial,Pre-transition,20,25,0.893057821279681,5517,4.38136668479246
binomial,Pre-transition,20,50,0.8290516967967015,3153,3.239454487789407
binomial,Pre-transition,20,75,0.7885304659498208,2232,2.7562724014336917
binomial,Pre-transition,20,100,0.7404129793510325,1695,2.4448377581120946
binomial,Pre-transition,20,150,0.6310063463281959,1103,2.0961015412511332
binomial,Pre-transition,20,200,0.5777233782129743,817,1.88984088127295
binomial,Pre-transition,20,300,0.42213114754098363,488,1.6598360655737705
binomial,Pre-transition,20,400,0.3271604938271605,324,1.5123456790123457
binomial,Pre-transition,20,600,0.17616580310880828,193,1.3575129533678756
binomial,Pre-transition,20,800,0.1271186440677966,118,1.3389830508474576
binomial,Pre-transition,21,25,0.8836455331412104,5552,4.350504322766571
binomial,Pre-transition,21,50,0.8251659816629782,3163,3.2330066392665193
binomial,Pre-transition,21,75,0.782785038305543,2219,2.751689950428121
binomial,Pre-transition,21,100,0.7479191438763377,1682,2.4447086801426874
binomial,Pre-transition,21,150,0.6270417422867514,1102,2.0816696914700543
binomial,Pre-transition,21,200,0.5533980582524272,824,1.8810679611650485
binomial,Pre-transition,21,300,0.4268292682926829,492,1.6666666666666667
binomial,Pre-transition,21,400,0.32326283987915405,331,1.498489425981873
binomial,Pre-transition,21,600,0.17989417989417988,189,1.3544973544973544
binomial,Pre-transition,21,800,0.12931034482758622,116,1.3103448275862069
binomial,Pre-transition,22,25,0.8890698516105682,5526,4.369887803112559
binomial,Pre-transition,22,50,0.8255332696593441,3141,3.2352753900031836
binomial,Pre-transition,22,75,0.7725647899910635,2238,2.732797140303843
binomial,Pre-transition,22,100,0.7504445761707172,1687,2.4493183165382337
binomial,Pre-transition,22,150,0.6285971223021583,1112,2.097122302158273
binomial,Pre-transition,22,200,0.5476477683956574,829,1.8721351025331725
binomial,Pre-transition,22,300,0.4127310061601643,487,1.6673511293634498
binomial,Pre-transition,22,400,0.3211009174311927,327,1.5045871559633028
binomial,Pre-transition,22,600,0.17616580310880828,193,1.3471502590673574
binomial,Pre-transition,22,800,0.16101694915254236,118,1.3559322033898304
binomial,Pre-transition,23,25,0.8851217312894499,5545,4.36609558160505
binomial,Pre-transition,23,50,0.8217570567713289,3153,3.214081826831589
binomial,Pre-transition,23,75,0.7778280542986425,2210,2.753846153846154
binomial,Pre-transition,23,100,0.7597864768683275,1686,2.450771055753262
binomial,Pre-transition,23,150,0.6200716845878136,1116,2.087813620071685
binomial,Pre-transition,23,200,0.5543345543345544,819,1.877899877899878
binomial,Pre-transition,23,300,0.40122199592668023,491,1.6537678207739308
binomial,Pre-transition,23,400,0.3191489361702128,329,1.5015197568389058
binomial,Pre-transition,23,600,0.17989417989417988,189,1.3650793650793651
binomial,Pre-transition,23,800,0.125,120,1.3166666666666667
binomial,Pre-transition,24,25,0.889050036258158,5516,4.378897751994199
binomial,Pre-transition,24,50,0.8272151898734177,3160,3.239240506329114
binomial,Pre-transition,24,75,0.7798206278026906,2230,2.75067264573991
binomial,Pre-transition,24,100,0.7527010804321729,1666,2.4657863145258103
binomial,Pre-transition,24,150,0.632579185520362,1105,2.095927601809955
binomial,Pre-transition,24,200,0.5560975609756098,820,1.8902439024390243
binomial,Pre-transition,24,300,0.42213114754098363,488,1.6680327868852458
binomial,Pre-transition,24,400,0.3083832335329341,334,1.4850299401197604
binomial,Pre-transition,24,600,0.17708333333333334,192,1.3541666666666667
binomial,Pre-transition,24,800,0.12605042016806722,119,1.3109243697478992
binomial,Post-transition,0,25,0.9079144786196549,5332,4.7426856714178545
binomial,Post-transition,0,50,0.8376913265306123,3136,3.4566326530612246
binomial,Post-transition,0,75,0.7927484333034915,2234,2.946284691136974
binomial,Post-transition,0,100,0.7599080987937966,1741,2.5858701895462377
binomial,Post-transition,0,150,0.7056349873843566,1189,2.218671152228764
binomial,Post-transition,0,200,0.6701631701631702,858,2.0675990675990676
binomial,Post-transition,0,300,0.5142314990512334,527,1.7912713472485768
binomial,Post-transition,0,400,0.41309823677581864,397,1.6070528967254407
binomial,Post-transition,0,600,0.1232876712328767,219,1.4246575342465753
binomial,Post-transition,0,800,0.09316770186335403,161,1.2919254658385093
binomial,Post-transition,1,25,0.9028400597907325,5352,4.727952167414051
binomial,Post-transition,1,50,0.8429990387696251,3121,3.454661967318167
binomial,Post-transition,1,75,0.7888839085611833,2231,2.94666069027342
binomial,Post-transition,1,100,0.7543053960964409,1742,2.5809414466130884
binomial,Post-transition,1,150,0.6908783783783784,1184,2.2280405405405403
binomial,Post-transition,1,200,0.6584795321637427,855,2.0748538011695907
binomial,Post-transition,1,300,0.5056179775280899,534,1.7827715355805243
binomial,Post-transition,1,400,0.41624365482233505,394,1.6091370558375635
binomial,Post-transition,1,600,0.12385321100917432,218,1.4220183486238531
binomial,Post-transition,1,800,0.08860759493670886,158,1.2911392405063291
binomial,Post-transition,2,25,0.908955223880597,5360,4.747388059701493
binomial,Post-transition,2,50,0.8488817891373802,3130,3.4626198083067092
binomial,Post-transition,2,75,0.7875555555555556,2250,2.945777777777778
binomial,Post-transition,2,100,0.7635838150289017,1730,2.6
binomial,Post-transition,2,150,0.6988155668358714,1182,2.225042301184433
binomial,Post-transition,2,200,0.6651162790697674,860,2.0697674418604652
binomial,Post-transition,2,300,0.5359848484848485,528,1.8143939393939394
binomial,Post-transition,2,400,0.41581632653061223,392,1.596938775510204
binomial,Post-transition,2,600,0.16289592760180996,221,1.4479638009049773
binomial,Post-transition,2,800,0.10625,160,1.2875
binomial,Post-transition,3,25,0.904984132910211,5357,4.758260220272541
binomial,Post-transition,3,50,0.8458107677604333,3139,3.4501433577572476
binomial,Post-transition,3,75,0.7927646270656543,2239,2.937918713711478
binomial,Post-transition,3,100,0.756896551724138,1740,2.5827586206896553
binomial,Post-transition,3,150,0.7099236641221374,1179,2.2459711620016964
binomial,Post-transition,3,200,0.6589057043073341,859,2.051222351571595
binomial,Post-transition,3,300,0.5373134328358209,536,1.8022388059701493
binomial,Post-transition,3,400,0.4117647058823529,391,1.60613810741688
binomial,Post-transition,3,600,0.15765765765765766,222,1.4414414414414414
binomial,Post-transition,3,800,0.08641975308641975,162,1.2962962962962963
binomial,Post-transition,4,25,0.8997000374953131,5334,4.74053243344582
binomial,Post-transition,4,50,0.842911877394636,3132,3.4521072796934864
binomial,Post-transition,4,75,0.7857785778577858,2222,2.9405940594059405
binomial,Post-transition,4,100,0.7597926267281107,1736,2.5806451612903225
binomial,Post-transition,4,150,0.6964586846543002,1186,2.2225969645868466
binomial,Post-transition,4,200,0.6569428238039673,857,2.0723453908984832
binomial,Post-transition,4,300,0.509469696969697,528,1.8106060606060606
binomial,Post-transition,4,400,0.40664961636828645,391,1.6112531969309463
binomial,Post-transition,4,600,0.1592920353982301,226,1.4336283185840708
binomial,Post-transition,4,800,0.08917197452229299,157,1.286624203821656
binomial,Post-transition,5,25,0.9060856498873028,5324,4.748685199098422
binomial,Post-transition,5,50,0.8455154803702521,3133,3.4567507181615067
binomial,Post-transition,5,75,0.7887700534759359,2244,2.935828877005348
binomial,Post-transition,5,100,0.7590154550658271,1747,2.5735546651402403
binomial,Post-transition,5,150,0.7151411462788708,1169,2.2600513259195893
binomial,Post-transition,5,200,0.6612339930151339,859,2.060535506402794
binomial,Post-transition,5,300,0.5272045028142589,533,1.8086303939962476
binomial,Post-transition,5,400,0.43444730077120824,389,1.6195372750642674
binomial,Post-transition,5,600,0.11818181818181818,220,1.4545454545454546
binomial,Post-transition,5,800,0.0949367088607595,158,1.2784810126582278
binomial,Post-transition,6,25,0.9033816425120773,5382,4.694165737643998
binomial,Post-transition,6,50,0.8471153846153846,3120,3.478846153846154
binomial,Post-transition,6,75,0.7992799279927992,2222,2.971197119711971
binomial,Post-transition,6,100,0.757593123209169,1745,2.5902578796561606
binomial,Post-transition,6,150,0.7021276595744681,1175,2.2485106382978723
binomial,Post-transition,6,200,0.6643437862950058,861,2.048780487804878
binomial,Post-transition,6,300,0.5189393939393939,528,1.7840909090909092
binomial,Post-transition,6,400,0.40648379052369077,401,1.600997506234414
binomial,Post-transition,6,600,0.16289592760180996,221,1.4389140271493213
binomial,Post-transition,6,800,0.08695652173913043,161,1.2670807453416149
binomial,Post-transition,7,25,0.9042972415087258,5329,4.728091574404203
binomial,Post-transition,7,50,0.8472177549051142,3109,3.4712126085558057
binomial,Post-transition,7,75,0.7949753252579632,2229,2.9672498878420814
binomial,Post-transition,7,100,0.7523201856148491,1724,2.5997679814385153
binomial,Post-transition,7,150,0.7064297800338409,1182,2.230118443316413
binomial,Post-transition,7,200,0.668997668997669,858,2.076923076923077
binomial,Post-transition,7,300,0.509469696969697,528,1.8068181818181819
binomial,Post-transition,7,400,0.42317380352644834,397,1.6120906801007557
binomial,Post-transition,7,600,0.11894273127753303,227,1.4273127753303965
binomial,Post-transition,7,800,0.10625,160,1.3125
binomial,Post-transition,8,25,0.9041275797373358,5330,4.743714821763602
binomial,Post-transition,8,50,0.8449935815147626,3116,3.469191270860077
binomial,Post-transition,8,75,0.7933212996389891,2216,2.954873646209386
binomial,Post-transition,8,100,0.7565066512434934,1729,2.600347021399653
binomial,Post-transition,8,150,0.7036409822184589,1181,2.233700254022015
binomial,Post-transition,8,200,0.6359447004608295,868,2.032258064516129
binomial,Post-transition,8,300,0.5236294896030246,529,1.7844990548204158
binomial,Post-transition,8,400,0.4271356783919598,398,1.6030150753768844
binomial,Post-transition,8,600,0.15765765765765766,222,1.4504504504504505
binomial,Post-transition,8,800,0.10559006211180125,161,1.2919254658385093
binomial,Post-transition,9,25,0.898746022833614,5343,4.732172936552499
binomial,Post-transition,9,50,0.8420038535645472,3114,3.4778420038535645
binomial,Post-transition,9,75,0.792841163310962,2235,2.94586129753915
binomial,Post-transition,9,100,0.7497129735935706,1742,2.577497129735936
binomial,Post-transition,9,150,0.7051926298157454,1194,2.234505862646566
binomial,Post-transition,9,200,0.6608391608391608,858,2.0675990675990676
binomial,Post-transition,9,300,0.5339622641509434,530,1.8
binomial,Post-transition,9,400,0.4205128205128205,390,1.6
binomial,Post-transition,9,600,0.16289592760180996,221,1.4389140271493213
binomial,Post-transition,9,800,0.10625,160,1.2875
binomial,Post-transition,10,25,0.9014953271028038,5350,4.733831775700935
binomial,Post-transition,10,50,0.8530166880616175,3116,3.475609756097561
binomial,Post-transition,10,75,0.794791198922317,2227,2.968118545127975
binomial,Post-transition,10,100,0.7501432664756447,1745,2.5845272206303727
binomial,Post-transition,10,150,0.6931438127090301,1196,2.2240802675585285
binomial,Post-transition,10,200,0.6627906976744186,860,2.055813953488372
binomial,Post-transition,10,300,0.549718574108818,533,1.823639774859287
binomial,Post-transition,10,400,0.4278481012658228,395,1.6
binomial,Post-transition,10,600,0.1559633027522936,218,1.4220183486238531
binomial,Post-transition,10,800,0.10625,160,1.3
binomial,Post-transition,11,25,0.9083239595050618,5334,4.7465316835395575
binomial,Post-transition,11,50,0.8490926456542502,3141,3.468958930276982
binomial,Post-transition,11,75,0.7877422262280307,2219,2.9472735466426316
binomial,Post-transition,11,100,0.7540045766590389,1748,2.562929061784897
binomial,Post-transition,11,150,0.6968403074295474,1171,2.225448334756618
binomial,Post-transition,11,200,0.662777129521587,857,2.0560093348891484
binomial,Post-transition,11,300,0.5274102079395085,529,1.7920604914933838
binomial,Post-transition,11,400,0.41475826972010177,393,1.623409669211196
binomial,Post-transition,11,600,0.16203703703703703,216,1.4351851851851851
binomial,Post-transition,11,800,0.09375,160,1.3
binomial,Post-transition,12,25,0.899460063302923,5371,4.735803388568237
binomial,Post-transition,12,50,0.8420883016435707,3103,3.4772800515630036
binomial,Post-transition,12,75,0.7952402334979793,2227,2.9537494387067804
binomial,Post-transition,12,100,0.7501426126640046,1753,2.580718767826583
binomial,Post-transition,12,150,0.7104602510460251,1195,2.2410041841004182
binomial,Post-transition,12,200,0.6550925925925926,864,2.0578703703703702
binomial,Post-transition,12,300,0.5218216318785579,527,1.8140417457305502
binomial,Post-transition,12,400,0.42144638403990026,401,1.6209476309226933
binomial,Post-transition,12,600,0.1651376146788991,218,1.4495412844036697
binomial,Post-transition,12,800,0.10759493670886076,158,1.3037974683544304
binomial,Post-transition,13,25,0.9076749859260649,5329,4.755864139613436
binomial,Post-transition,13,50,0.8420382165605096,3140,3.443312101910828
binomial,Post-transition,13,75,0.8,2240,2.9714285714285715
binomial,Post-transition,13,100,0.7570523891767416,1737,2.5860679332181924
binomial,Post-transition,13,150,0.6916524701873935,1174,2.2316865417376492
binomial,Post-transition,13,200,0.6612339930151339,859,2.0558789289871946
binomial,Post-transition,13,300,0.5321969696969697,528,1.7992424242424243
binomial,Post-transition,13,400,0.38578680203045684,394,1.5939086294416243
binomial,Post-transition,13,600,0.1590909090909091,220,1.4363636363636363
binomial,Post-transition,13,800,0.10828025477707007,157,1.2993630573248407
binomial,Post-transition,14,25,0.9041300691459541,5351,4.730704541207251
binomial,Post-transition,14,50,0.8485915492957746,3124,3.4603072983354672
binomial,Post-transition,14,75,0.7936507936507936,2205,2.9741496598639454
binomial,Post-transition,14,100,0.755054881571346,1731,2.5984979780473716
binomial,Post-transition,14,150,0.6988973706530959,1179,2.2324003392705682
binomial,Post-transition,14,200,0.667828106852497,861,2.067363530778165
binomial,Post-transition,14,300,0.5094339622641509,530,1.7962264150943397
binomial,Post-transition,14,400,0.42710997442455245,391,1.60613810741688
binomial,Post-transition,14,600,0.15454545454545454,220,1.4272727272727272
binomial,Post-transition,14,800,0.10759493670886076,158,1.3037974683544304
binomial,Post-transition,15,25,0.8996442613742744,5341,4.7373151095300505
binomial,Post-transition,15,50,0.8396256857050661,3099,3.452726686027751
binomial,Post-transition,15,75,0.796112115732369,2212,2.946654611211573
binomial,Post-transition,15,100,0.7623705408515535,1738,2.5926352128883776
binomial,Post-transition,15,150,0.7044877222692634,1181,2.228619813717189
binomial,Post-transition,15,200,0.6584795321637427,855,2.0631578947368423
binomial,Post-transition,15,300,0.5187265917602997,534,1.8164794007490637
binomial,Post-transition,15,400,0.4296482412060301,398,1.6231155778894473
binomial,Post-transition,15,600,0.12612612612612611,222,1.4414414414414414
binomial,Post-transition,15,800,0.09554140127388536,157,1.286624203821656
binomial,Post-transition,16,25,0.9070332959221848,5346,4.725402169846614
binomial,Post-transition,16,50,0.8433503836317136,3128,3.460997442455243
binomial,Post-transition,16,75,0.7946428571428571,2240,2.9669642857142855
binomial,Post-transition,16,100,0.758759333716255,1741,2.5870189546237796
binomial,Post-transition,16,150,0.701255230125523,1195,2.2343096234309625
binomial,Post-transition,16,200,0.6527293844367015,861,2.048780487804878
binomial,Post-transition,16,300,0.499054820415879,529,1.7693761814744802
binomial,Post-transition,16,400,0.3954659949622166,397,1.6070528967254407
binomial,Post-transition,16,600,0.16289592760180996,221,1.4389140271493213
binomial,Post-transition,16,800,0.10559006211180125,161,1.2919254658385093
binomial,Post-transition,17,25,0.9000560433401831,5353,4.746870913506445
binomial,Post-transition,17,50,0.8413154533844189,3132,3.4655172413793105
binomial,Post-transition,17,75,0.7845254161043634,2223,2.950967161493477
binomial,Post-transition,17,100,0.7588978185993112,1742,2.582089552238806
binomial,Post-transition,17,150,0.7010135135135135,1184,2.2347972972972974
binomial,Post-transition,17,200,0.6587677725118484,844,2.066350710900474
binomial,Post-transition,17,300,0.5355086372360844,521,1.8080614203454894
binomial,Post-transition,17,400,0.41131105398457585,389,1.6092544987146529
binomial,Post-transition,17,600,0.12556053811659193,223,1.4260089686098654
binomial,Post-transition,17,800,0.10625,160,1.3
binomial,Post-transition,18,25,0.9079962370649106,5315,4.731514581373471
binomial,Post-transition,18,50,0.8448992644707387,3127,3.4595458906299967
binomial,Post-transition,18,75,0.7944469323779668,2233,2.96730855351545
binomial,Post-transition,18,100,0.7631123919308357,1735,2.594812680115274
binomial,Post-transition,18,150,0.6928934010152284,1182,2.228426395939086
binomial,Post-transition,18,200,0.6698224852071006,845,2.094674556213018
binomial,Post-transition,18,300,0.5104761904761905,525,1.7980952380952382
binomial,Post-transition,18,400,0.4267352185089974,389,1.6041131105398458
binomial,Post-transition,18,600,0.12217194570135746,221,1.4389140271493213
binomial,Post-transition,18,800,0.10828025477707007,157,1.286624203821656
binomial,Post-transition,19,25,0.9007476635514019,5350,4.733084112149533
binomial,Post-transition,19,50,0.8358016741790084,3106,3.459111397295557
binomial,Post-transition,19,75,0.7994616419919246,2229,2.9735307312696277
binomial,Post-transition,19,100,0.7471131639722863,1732,2.579676674364896
binomial,Post-transition,19,150,0.6954314720812182,1182,2.241962774957699
binomial,Post-transition,19,200,0.6759259259259259,864,2.0787037037037037
binomial,Post-transition,19,300,0.5275142314990512,527,1.8064516129032258
binomial,Post-transition,19,400,0.4198473282442748,393,1.61323155216285
binomial,Post-transition,19,600,0.16071428571428573,224,1.4464285714285714
binomial,Post-transition,19,800,0.10828025477707007,157,1.2993630573248407
binomial,Post-transition,20,25,0.9039759939984996,5332,4.710802700675169
binomial,Post-transition,20,50,0.8414711477488903,3154,3.452124286620165
binomial,Post-transition,20,75,0.7923008057296329,2234,2.9579230080572962
binomial,Post-transition,20,100,0.7607820586543991,1739,2.5991949396204714
binomial,Post-transition,20,150,0.7042372881355933,1180,2.223728813559322
binomial,Post-transition,20,200,0.6623981373690337,859,2.051222351571595
binomial,Post-transition,20,300,0.5317164179104478,536,1.794776119402985
binomial,Post-transition,20,400,0.4253164556962025,395,1.610126582278481
binomial,Post-transition,20,600,0.16055045871559634,218,1.4403669724770642
binomial,Post-transition,20,800,0.12025316455696203,158,1.3164556962025316
binomial,Post-transition,21,25,0.9035761093428197,5341,4.720464332522
binomial,Post-transition,21,50,0.8384,3125,3.43552
binomial,Post-transition,21,75,0.7929020664869721,2226,2.9559748427672954
binomial,Post-transition,21,100,0.7564618035611718,1741,2.578977599080988
binomial,Post-transition,21,150,0.6900337837837838,1184,2.22972972972973
binomial,Post-transition,21,200,0.668235294117647,850,2.070588235294118
binomial,Post-transition,21,300,0.5289719626168224,535,1.8093457943925233
binomial,Post-transition,21,400,0.4282115869017632,397,1.6120906801007557
binomial,Post-transition,21,600,0.1643835616438356,219,1.4429223744292237
binomial,Post-transition,21,800,0.08917197452229299,157,1.2738853503184713
binomial,Post-transition,22,25,0.90620896642281,5331,4.758957043706622
binomial,Post-transition,22,50,0.8408874801901743,3155,3.4358161648177497
binomial,Post-transition,22,75,0.7944771389769126,2209,2.9986419194205522
binomial,Post-transition,22,100,0.7501426126640046,1753,2.5841414717626927
binomial,Post-transition,22,150,0.7078364565587735,1174,2.2316865417376492
binomial,Post-transition,22,200,0.6431054461181923,863,2.0393974507531865
binomial,Post-transition,22,300,0.5370018975332068,527,1.825426944971537
binomial,Post-transition,22,400,0.39185750636132316,393,1.6081424936386768
binomial,Post-transition,22,600,0.12272727272727273,220,1.4363636363636363
binomial,Post-transition,22,800,0.12025316455696203,158,1.3164556962025316
binomial,Post-transition,23,25,0.9014163250093179,5366,4.715616846813269
binomial,Post-transition,23,50,0.8502245028864657,3118,3.4547787042976266
binomial,Post-transition,23,75,0.7991071428571429,2240,2.9571428571428573
binomial,Post-transition,23,100,0.7452991452991453,1755,2.5823361823361823
binomial,Post-transition,23,150,0.6990701606086221,1183,2.221470836855452
binomial,Post-transition,23,200,0.6560659599528857,849,2.0541813898704357
binomial,Post-transition,23,300,0.5075187969924813,532,1.7932330827067668
binomial,Post-transition,23,400,0.3934010152284264,394,1.5939086294416243
binomial,Post-transition,23,600,0.16289592760180996,221,1.4479638009049773
binomial,Post-transition,23,800,0.10559006211180125,161,1.2919254658385093
binomial,Post-transition,24,25,0.9021555763823805,5335,4.740393626991565
binomial,Post-transition,24,50,0.84448,3125,3.45088
binomial,Post-transition,24,75,0.7964801444043321,2216,2.9774368231046933
binomial,Post-transition,24,100,0.7502890173410405,1730,2.5965317919075144
binomial,Post-transition,24,150,0.6954314720812182,1182,2.22673434856176
binomial,Post-transition,24,200,0.6549295774647887,852,2.0539906103286385
binomial,Post-transition,24,300,0.5232774674115456,537,1.7877094972067038
binomial,Post-transition,24,400,0.4318181818181818,396,1.6161616161616161
binomial,Post-transition,24,600,0.1583710407239819,221,1.4298642533936652
binomial,Post-transition,24,800,0.0949367088607595,158,1.2784810126582278
hypergeometric,Neutral,0,25,0.8780202650038971,5132,4.215120810600156
hypergeometric,Neutral,0,50,0.8261600537995964,2974,3.1378614660390047
hypergeometric,Neutral,0,75,0.7843811394891945,2036,2.6974459724950886
hypergeometric,Neutral,0,100,0.7308907138344914,1583,2.397978521794062
hypergeometric,Neutral,0,150,0.6194174757281553,1030,2.0563106796116504
hypergeometric,Neutral,0,200,0.5384615384615384,754,1.8116710875331565
hypergeometric,Neutral,0,300,0.3731656184486373,477,1.5890985324947589
hypergeometric,Neutral,0,400,0.19375,320,1.46875
hypergeometric,Neutral,0,600,0.11515151515151516,165,1.2969696969696969
hypergeometric,Neutral,0,800,0.09259259259259259,108,1.2777777777777777
hypergeometric,Neutral,1,25,0.8815045800038979,5131,4.229195088676671
hypergeometric,Neutral,1,50,0.8259547144305509,2959,3.1510645488340656
hypergeometric,Neutral,1,75,0.7854330708661418,2032,2.6850393700787403
hypergeometric,Neutral,1,100,0.7206809583858764,1586,2.370744010088272
hypergeometric,Neutral,1,150,0.6191860465116279,1032,2.048449612403101
hypergeometric,Neutral,1,200,0.5272969374167776,751,1.8082556591211718
hypergeometric,Neutral,1,300,0.3696581196581197,468,1.5854700854700854
hypergeometric,Neutral,1,400,0.17295597484276728,318,1.4528301886792452
hypergeometric,Neutral,1,600,0.11627906976744186,172,1.2906976744186047
hypergeometric,Neutral,1,800,0.09009009009009009,111,1.2612612612612613
hypergeometric,Neutral,2,25,0.8831548198636806,5135,4.209542356377799
hypergeometric,Neutral,2,50,0.8315363881401617,2968,3.161725067385445
hypergeometric,Neutral,2,75,0.7822025565388397,2034,2.6981317600786627
hypergeometric,Neutral,2,100,0.7257861635220125,1590,2.3748427672955974
hypergeometric,Neutral,2,150,0.6050338818973863,1033,2.040658276863504
hypergeometric,Neutral,2,200,0.535006605019815,757,1.809775429326288
hypergeometric,Neutral,2,300,0.37259100642398285,467,1.5974304068522485
hypergeometric,Neutral,2,400,0.1930379746835443,316,1.4746835443037976
hypergeometric,Neutral,2,600,0.11627906976744186,172,1.302325581395349
hypergeometric,Neutral,2,800,0.08928571428571429,112,1.2678571428571428
hypergeometric,Neutral,3,25,0.8824677860210856,5122,4.210074189769621
hypergeometric,Neutral,3,50,0.8247978436657682,2968,3.1462264150943398
hypergeometric,Neutral,3,75,0.7819512195121952,2050,2.6770731707317075
hypergeometric,Neutral,3,100,0.7223276407337128,1581,2.379506641366224
hypergeometric,Neutral,3,150,0.6027000964320154,1037,2.0501446480231436
hypergeometric,Neutral,3,200,0.5396825396825397,756,1.806878306878307
hypergeometric,Neutral,3,300,0.3645833333333333,480,1.5791666666666666
hypergeometric,Neutral,3,400,0.19375,320,1.4625
hypergeometric,Neutral,3,600,0.11764705882352941,170,1.3058823529411765
hypergeometric,Neutral,3,800,0.09090909090909091,110,1.2727272727272727
hypergeometric,Neutral,4,25,0.8794851794071763,5128,4.222698907956318
hypergeometric,Neutral,4,50,0.8263352368155862,2977,3.1427611689620423
hypergeometric,Neutral,4,75,0.7862783810463968,2026,2.6910167818361304
hypergeometric,Neutral,4,100,0.7213114754098361,1586,2.378310214375788
hypergeometric,Neutral,4,150,0.6182170542635659,1032,2.0426356589147288
hypergeometric,Neutral,4,200,0.5307486631016043,748,1.8181818181818181
hypergeometric,Neutral,4,300,0.3699788583509514,473,1.5983086680761098
hypergeometric,Neutral,4,400,0.18495297805642633,319,1.4545454545454546
hypergeometric,Neutral,4,600,0.1111111111111111,171,1.286549707602339
hypergeometric,Neutral,4,800,0.09090909090909091,110,1.2727272727272727
hypergeometric,Neutral,5,25,0.8806201550387597,5160,4.195348837209302
hypergeometric,Neutral,5,50,0.8248909761824891,2981,3.12110030191211
hypergeometric,Neutral,5,75,0.7855386128873586,2033,2.6807673389080175
hypergeometric,Neutral,5,100,0.7250470809792844,1593,2.379158819836786
hypergeometric,Neutral,5,150,0.6081474296799224,1031,2.0484966052376334
hypergeometric,Neutral,5,200,0.5358090185676393,754,1.8090185676392574
hypergeometric,Neutral,5,300,0.3705263157894737,475,1.5957894736842104
hypergeometric,Neutral,5,400,0.18867924528301888,318,1.4591194968553458
hypergeometric,Neutral,5,600,0.1242603550295858,169,1.3136094674556213
hypergeometric,Neutral,5,800,0.09345794392523364,107,1.2710280373831775
hypergeometric,Neutral,6,25,0.8791487700117142,5122,4.230769230769231
hypergeometric,Neutral,6,50,0.8231932773109244,2975,3.1482352941176472
hypergeometric,Neutral,6,75,0.7822025565388397,2034,2.695181907571288
hypergeometric,Neutral,6,100,0.7360759493670886,1580,2.3873417721518986
hypergeometric,Neutral,6,150,0.6073147256977863,1039,2.046198267564966
hypergeometric,Neutral,6,200,0.5339547270306259,751,1.8082556591211718
hypergeometric,Neutral,6,300,0.35654008438818563,474,1.5822784810126582
hypergeometric,Neutral,6,400,0.18412698412698414,315,1.4603174603174602
hypergeometric,Neutral,6,600,0.10795454545454546,176,1.2840909090909092
hypergeometric,Neutral,6,800,0.09345794392523364,107,1.2710280373831775
hypergeometric,Neutral,7,25,0.881914476265202,5098,4.232247940368772
hypergeometric,Neutral,7,50,0.8283683141503047,2954,3.1679079214624237
hypergeometric,Neutral,7,75,0.7826725403817915,2043,2.691140479686735
hypergeometric,Neutral,7,100,0.7278441231929604,1591,2.3758642363293525
hypergeometric,Neutral,7,150,0.5949367088607594,1027,2.0408958130477117
hypergeometric,Neutral,7,200,0.5376486129458389,757,1.809775429326288
hypergeometric,Neutral,7,300,0.3702127659574468,470,1.5914893617021277
hypergeometric,Neutral,7,400,0.1853035143769968,313,1.463258785942492
hypergeometric,Neutral,7,600,0.10982658959537572,173,1.283236994219653
hypergeometric,Neutral,7,800,0.09090909090909091,110,1.2727272727272727
hypergeometric,Neutral,8,25,0.8770428015564202,5140,4.196498054474708
hypergeometric,Neutral,8,50,0.8312308216842823,2933,3.1653596999659053
hypergeometric,Neutral,8,75,0.7906066536203522,2044,2.696673189823875
hypergeometric,Neutral,8,100,0.7243549402139711,1589,2.381371932032725
hypergeometric,Neutral,8,150,0.6076923076923076,1040,2.0326923076923076
hypergeometric,Neutral,8,200,0.5351925630810093,753,1.8140770252324037
hypergeometric,Neutral,8,300,0.3628691983122363,474,1.5780590717299579
hypergeometric,Neutral,8,400,0.19365079365079366,315,1.4603174603174602
hypergeometric,Neutral,8,600,0.06321839080459771,174,1.2758620689655173
hypergeometric,Neutral,8,800,0.09174311926605505,109,1.2660550458715596
hypergeometric,Neutral,9,25,0.879296875,5120,4.230078125
hypergeometric,Neutral,9,50,0.8300609343263372,2954,3.144211238997969
hypergeometric,Neutral,9,75,0.787701317715959,2049,2.6881405563689604
hypergeometric,Neutral,9,100,0.7308423052564914,1579,2.3837872070930968
hypergeometric,Neutral,9,150,0.6159068865179438,1031,2.046556741028128
hypergeometric,Neutral,9,200,0.5432756324900133,751,1.8215712383488682
hypergeometric,Neutral,9,300,0.36666666666666664,480,1.6
hypergeometric,Neutral,9,400,0.1918238993710692,318,1.4654088050314464
hypergeometric,Neutral,9,600,0.1130952380952381,168,1.2976190476190477
hypergeometric,Neutral,9,800,0.09090909090909091,110,1.2727272727272727
hypergeometric,Neutral,10,25,0.8818713450292398,5130,4.231578947368421
hypergeometric,Neutral,10,50,0.8257065948855989,2972,3.14535666218035
hypergeometric,Neutral,10,75,0.7796775769418661,2047,2.6829506595017096
hypergeometric,Neutral,10,100,0.7252195734002509,1594,2.3726474278544543
hypergeometric,Neutral,10,150,0.6019230769230769,1040,2.0365384615384614
hypergeometric,Neutral,10,200,0.5324503311258278,755,1.809271523178808
hypergeometric,Neutral,10,300,0.3559322033898305,472,1.5889830508474576
hypergeometric,Neutral,10,400,0.19122257053291536,319,1.4608150470219436
hypergeometric,Neutral,10,600,0.10919540229885058,174,1.2758620689655173
hypergeometric,Neutral,10,800,0.08411214953271028,107,1.2710280373831775
hypergeometric,Neutral,11,25,0.8818040435458787,5144,4.2052877138413685
hypergeometric,Neutral,11,50,0.8306288032454361,2958,3.160243407707911
hypergeometric,Neutral,11,75,0.7799019607843137,2040,2.68921568627451
hypergeometric,Neutral,11,100,0.7276166456494325,1586,2.390920554854981
hypergeometric,Neutral,11,150,0.6058252427184466,1030,2.0330097087378642
hypergeometric,Neutral,11,200,0.5225464190981433,754,1.8037135278514589
hypergeometric,Neutral,11,300,0.3707627118644068,472,1.5847457627118644
hypergeometric,Neutral,11,400,0.18867924528301888,318,1.4591194968553458
hypergeometric,Neutral,11,600,0.12790697674418605,172,1.313953488372093
hypergeometric,Neutral,11,800,0.09090909090909091,110,1.2727272727272727
hypergeometric,Neutral,12,25,0.8854186999804802,5123,4.21940269373414
hypergeometric,Neutral,12,50,0.8267293485560779,2978,3.154466084620551
hypergeometric,Neutral,12,75,0.7814180929095355,2045,2.6992665036674817
hypergeometric,Neutral,12,100,0.7209595959595959,1584,2.382575757575758
hypergeometric,Neutral,12,150,0.6005774783445621,1039,2.032723772858518
hypergeometric,Neutral,12,200,0.5312916111850865,751,1.810918774966711
hypergeometric,Neutral,12,300,0.37445887445887444,462,1.5974025974025974
hypergeometric,Neutral,12,400,0.18553459119496854,318,1.4654088050314464
hypergeometric,Neutral,12,600,0.10982658959537572,173,1.2947976878612717
hypergeometric,Neutral,12,800,0.09259259259259259,108,1.2777777777777777
hypergeometric,Neutral,13,25,0.8803253292021689,5164,4.185515104570101
hypergeometric,Neutral,13,50,0.8268062120189061,2962,3.1539500337609723
hypergeometric,Neutral,13,75,0.7819253438113949,2036,2.6846758349705304
hypergeometric,Neutral,13,100,0.7231352718078382,1582,2.3830594184576483
hypergeometric,Neutral,13,150,0.6097794822627037,1043,2.0383509108341324
hypergeometric,Neutral,13,200,0.5251989389920424,754,1.8010610079575597
hypergeometric,Neutral,13,300,0.36174636174636177,481,1.5883575883575884
hypergeometric,Neutral,13,400,0.18867924528301888,318,1.471698113207547
hypergeometric,Neutral,13,600,0.10982658959537572,173,1.2947976878612717
hypergeometric,Neutral,13,800,0.08411214953271028,107,1.2710280373831775
hypergeometric,Neutral,14,25,0.87970364593488,5129,4.210567362058881
hypergeometric,Neutral,14,50,0.8273648648648648,2960,3.17027027027027
hypergeometric,Neutral,14,75,0.7849093581577657,2041,2.6947574718275353
hypergeometric,Neutral,14,100,0.7227848101265822,1580,2.3860759493670884
hypergeometric,Neutral,14,150,0.6087378640776699,1030,2.0388349514563107
hypergeometric,Neutral,14,200,0.5335120643431636,746,1.8150134048257374
hypergeometric,Neutral,14,300,0.3699788583509514,473,1.5856236786469344
hypergeometric,Neutral,14,400,0.1892744479495268,317,1.4574132492113565
hypergeometric,Neutral,14,600,0.1111111111111111,171,1.286549707602339
hypergeometric,Neutral,14,800,0.09259259259259259,108,1.2777777777777777
hypergeometric,Neutral,15,25,0.8836846213895394,5124,4.222092115534738
hypergeometric,Neutral,15,50,0.8303420250592618,2953,3.1554351506942093
hypergeometric,Neutral,15,75,0.7810650887573964,2028,2.6962524654832345
hypergeometric,Neutral,15,100,0.7300884955752213,1582,2.3906447534766118
hypergeometric,Neutral,15,150,0.6130604288499025,1026,2.05458089668616
hypergeometric,Neutral,15,200,0.5428194993412385,759,1.8181818181818181
hypergeometric,Neutral,15,300,0.3651804670912951,471,1.605095541401274
hypergeometric,Neutral,15,400,0.18670886075949367,316,1.4683544303797469
hypergeometric,Neutral,15,600,0.11046511627906977,172,1.2906976744186047
hypergeometric,Neutral,15,800,0.09090909090909091,110,1.2727272727272727
hypergeometric,Neutral,16,25,0.882329945269742,5116,4.219702892885066
hypergeometric,Neutral,16,50,0.8286004056795132,2958,3.152129817444219
hypergeometric,Neutral,16,75,0.7814180929095355,2045,2.684596577017115
hypergeometric,Neutral,16,100,0.7172675521821632,1581,2.3655913978494625
hypergeometric,Neutral,16,150,0.6121856866537717,1034,2.0483558994197293
hypergeometric,Neutral,16,200,0.5302631578947369,760,1.8078947368421052
hypergeometric,Neutral,16,300,0.3726315789473684,475,1.583157894736842
hypergeometric,Neutral,16,400,0.1987179487179487,312,1.4679487179487178
hypergeometric,Neutral,16,600,0.12,175,1.302857142857143
hypergeometric,Neutral,16,800,0.09090909090909091,110,1.2727272727272727
hypergeometric,Neutral,17,25,0.8827519379844961,5160,4.2081395348837205
hypergeometric,Neutral,17,50,0.8238464129336477,2969,3.1391040754462782
hypergeometric,Neutral,17,75,0.7748279252704031,2034,2.695181907571288
hypergeometric,Neutral,17,100,0.7357414448669202,1578,2.3967046894803548
hypergeometric,Neutral,17,150,0.6136801541425819,1038,2.0385356454720616
hypergeometric,Neutral,17,200,0.5234270414993306,747,1.7991967871485943
hypergeometric,Neutral,17,300,0.3619246861924686,478,1.5815899581589958
hypergeometric,Neutral,17,400,0.1786833855799373,319,1.4482758620689655
hypergeometric,Neutral,17,600,0.1111111111111111,171,1.286549707602339
hypergeometric,Neutral,17,800,0.09259259259259259,108,1.2777777777777777
hypergeometric,Neutral,18,25,0.8815175097276264,5140,4.2171206225680935
hypergeometric,Neutral,18,50,0.8284462419952814,2967,3.164138860802157
hypergeometric,Neutral,18,75,0.7779404587603709,2049,2.689116642264519
hypergeometric,Neutral,18,100,0.7246835443037974,1580,2.3886075949367087
hypergeometric,Neutral,18,150,0.603082851637765,1038,2.0366088631984587
hypergeometric,Neutral,18,200,0.5363276089828269,757,1.799207397622193
hypergeometric,Neutral,18,300,0.3678646934460888,473,1.5983086680761098
hypergeometric,Neutral,18,400,0.19254658385093168,322,1.4658385093167703
hypergeometric,Neutral,18,600,0.1111111111111111,171,1.286549707602339
hypergeometric,Neutral,18,800,0.09345794392523364,107,1.2710280373831775
hypergeometric,Neutral,19,25,0.8791079812206573,5112,4.215571205007825
hypergeometric,Neutral,19,50,0.8240987983978638,2996,3.1255006675567425
hypergeometric,Neutral,19,75,0.78,2050,2.691707317073171
hypergeometric,Neutral,19,100,0.7365761212886923,1583,2.3916614024005054
hypergeometric,Neutral,19,150,0.6182170542635659,1032,2.056201550387597
hypergeometric,Neutral,19,200,0.5365205843293492,753,1.8114209827357237
hypergeometric,Neutral,19,300,0.3695198329853862,479,1.5908141962421711
hypergeometric,Neutral,19,400,0.18495297805642633,319,1.4482758620689655
hypergeometric,Neutral,19,600,0.10982658959537572,173,1.2947976878612717
hypergeometric,Neutral,19,800,0.09090909090909091,110,1.2727272727272727
hypergeometric,Neutral,20,25,0.8840125391849529,5104,4.233150470219436
hypergeometric,Neutral,20,50,0.8282042610754142,2957,3.143050388907677
hypergeometric,Neutral,20,75,0.7770731707317073,2050,2.6878048780487807
hypergeometric,Neutral,20,100,0.7270440251572327,1590,2.388679245283019
hypergeometric,Neutral,20,150,0.6132437619961613,1042,2.0287907869481767
hypergeometric,Neutral,20,200,0.535904255319149,752,1.8138297872340425
hypergeometric,Neutral,20,300,0.3657505285412262,473,1.5771670190274842
hypergeometric,Neutral,20,400,0.17956656346749225,323,1.4551083591331269
hypergeometric,Neutral,20,600,0.1206896551724138,174,1.2988505747126438
hypergeometric,Neutral,20,800,0.08928571428571429,112,1.2678571428571428
hypergeometric,Neutral,21,25,0.8812463256907701,5103,4.2241818538114835
hypergeometric,Neutral,21,50,0.831190798376184,2956,3.1617050067659
hypergeometric,Neutral,21,75,0.7895256916996047,2024,2.6986166007905137
hypergeometric,Neutral,21,100,0.7221526908635795,1598,2.384230287859825
hypergeometric,Neutral,21,150,0.6277724204435873,1037,2.048216007714561
hypergeometric,Neutral,21,200,0.5335968379446641,759,1.8155467720685112
hypergeometric,Neutral,21,300,0.36610878661087864,478,1.5899581589958158
hypergeometric,Neutral,21,400,0.1892744479495268,317,1.4637223974763407
hypergeometric,Neutral,21,600,0.11176470588235295,170,1.2941176470588236
hypergeometric,Neutral,21,800,0.09090909090909091,110,1.2727272727272727
hypergeometric,Neutral,22,25,0.8807392996108949,5140,4.212062256809339
hypergeometric,Neutral,22,50,0.8321489001692047,2955,3.1695431472081217
hypergeometric,Neutral,22,75,0.7872235872235872,2035,2.7085995085995087
hypergeometric,Neutral,22,100,0.7322683706070288,1565,2.3910543130990414
hypergeometric,Neutral,22,150,0.6055396370582617,1047,2.0343839541547277
hypergeometric,Neutral,22,200,0.5364238410596026,755,1.8119205298013246
hypergeometric,Neutral,22,300,0.3617021276595745,470,1.6
hypergeometric,Neutral,22,400,0.19242902208201892,317,1.4511041009463723
hypergeometric,Neutral,22,600,0.12138728323699421,173,1.2947976878612717
hypergeometric,Neutral,22,800,0.09174311926605505,109,1.2660550458715596
hypergeometric,Neutral,23,25,0.8791854317603289,5107,4.224006265909536
hypergeometric,Neutral,23,50,0.8272514228322732,2987,3.1442919317040507
hypergeometric,Neutral,23,75,0.781003937007874,2032,2.6899606299212597
hypergeometric,Neutral,23,100,0.7191867852604829,1574,2.37992376111817
hypergeometric,Neutral,23,150,0.6124031007751938,1032,2.056201550387597
hypergeometric,Neutral,23,200,0.5369393139841688,758,1.812664907651715
hypergeometric,Neutral,23,300,0.3659043659043659,481,1.5883575883575884
hypergeometric,Neutral,23,400,0.1875,320,1.4625
hypergeometric,Neutral,23,600,0.12280701754385964,171,1.2982456140350878
hypergeometric,Neutral,23,800,0.08256880733944955,109,1.2660550458715596
hypergeometric,Neutral,24,25,0.8805940981043581,5117,4.222005081102209
hypergeometric,Neutral,24,50,0.8277608915906788,2961,3.148936170212766
hypergeometric,Neutral,24,75,0.7862407862407862,2035,2.693857493857494
hypergeometric,Neutral,24,100,0.7290076335877863,1572,2.399491094147583
hypergeometric,Neutral,24,150,0.61003861003861,1036,2.0405405405405403
hypergeometric,Neutral,24,200,0.5369393139841688,758,1.8100263852242744
hypergeometric,Neutral,24,300,0.3634453781512605,476,1.5924369747899159
hypergeometric,Neutral,24,400,0.19122257053291536,319,1.4670846394984327
hypergeometric,Neutral,24,600,0.1130952380952381,168,1.3095238095238095
hypergeometric,Neutral,24,800,0.09259259259259259,108,1.2777777777777777
hypergeometric,Pre-transition,0,25,0.8919360697420995,5506,4.378496185978932
hypergeometric,Pre-transition,0,50,0.8303145853193518,3147,3.2399110263743247
hypergeometric,Pre-transition,0,75,0.7797218483624944,2229,2.7447285778375954
hypergeometric,Pre-transition,0,100,0.7395403653506187,1697,2.430170889805539
hypergeometric,Pre-transition,0,150,0.6211573236889693,1106,2.094032549728752
hypergeometric,Pre-transition,0,200,0.5571600481347774,831,1.874849578820698
hypergeometric,Pre-transition,0,300,0.4139344262295082,488,1.6598360655737705
hypergeometric,Pre-transition,0,400,0.3170731707317073,328,1.4939024390243902
hypergeometric,Pre-transition,0,600,0.17258883248730963,197,1.350253807106599
hypergeometric,Pre-transition,0,800,0.1440677966101695,118,1.3389830508474576
hypergeometric,Pre-transition,1,25,0.8915401301518439,5532,4.369125090383225
hypergeometric,Pre-transition,1,50,0.8207158694963573,3157,3.2220462464364905
hypergeometric,Pre-transition,1,75,0.7782258064516129,2232,2.742831541218638
hypergeometric,Pre-transition,1,100,0.7489589530041642,1681,2.467578822129685
hypergeometric,Pre-transition,1,150,0.6335740072202166,1108,2.1064981949458486
hypergeometric,Pre-transition,1,200,0.5279805352798054,822,1.8880778588807785
hypergeometric,Pre-transition,1,300,0.404,500,1.656
hypergeometric,Pre-transition,1,400,0.3211009174311927,327,1.4984709480122325
hypergeometric,Pre-transition,1,600,0.18181818181818182,187,1.3689839572192513
hypergeometric,Pre-transition,1,800,0.1440677966101695,118,1.3220338983050848
hypergeometric,Pre-transition,2,25,0.8896151053013798,5508,4.396877269426289
hypergeometric,Pre-transition,2,50,0.8253164556962025,3160,3.2259493670886075
hypergeometric,Pre-transition,2,75,0.7835283528352835,2222,2.747974797479748
hypergeometric,Pre-transition,2,100,0.7376854599406528,1685,2.4462908011869438
hypergeometric,Pre-transition,2,150,0.6266907123534716,1109,2.084761045987376
hypergeometric,Pre-transition,2,200,0.5563636363636364,825,1.8812121212121211
hypergeometric,Pre-transition,2,300,0.4166666666666667,492,1.6585365853658536
hypergeometric,Pre-transition,2,400,0.32727272727272727,330,1.509090909090909
hypergeometric,Pre-transition,2,600,0.17989417989417988,189,1.3544973544973544
hypergeometric,Pre-transition,2,800,0.16101694915254236,118,1.3389830508474576
hypergeometric,Pre-transition,3,25,0.8897937024972855,5526,4.389431777053927
hypergeometric,Pre-transition,3,50,0.8270629149541574,3163,3.226051217198862
hypergeometric,Pre-transition,3,75,0.7928860873480414,2221,2.7582170193606483
hypergeometric,Pre-transition,3,100,0.7409387997623291,1683,2.461081402257873
hypergeometric,Pre-transition,3,150,0.6190900981266726,1121,2.0856378233719894
hypergeometric,Pre-transition,3,200,0.5430303030303031,825,1.8618181818181818
hypergeometric,Pre-transition,3,300,0.430327868852459,488,1.6762295081967213
hypergeometric,Pre-transition,3,400,0.3072289156626506,332,1.4939759036144578
hypergeometric,Pre-transition,3,600,0.17801047120418848,191,1.361256544502618
hypergeometric,Pre-transition,3,800,0.13333333333333333,120,1.3333333333333333
hypergeometric,Pre-transition,4,25,0.8967706821480407,5512,4.393686502177069
hypergeometric,Pre-transition,4,50,0.8343928798474253,3146,3.2453909726637
hypergeometric,Pre-transition,4,75,0.7841369986480397,2219,2.754393871113114
hypergeometric,Pre-transition,4,100,0.7519287833827893,1685,2.458160237388724
hypergeometric,Pre-transition,4,150,0.6299638989169675,1108,2.088447653429603
hypergeometric,Pre-transition,4,200,0.5439024390243903,820,1.8829268292682926
hypergeometric,Pre-transition,4,300,0.41030927835051545,485,1.6577319587628867
hypergeometric,Pre-transition,4,400,0.3202416918429003,331,1.498489425981873
hypergeometric,Pre-transition,4,600,0.17708333333333334,192,1.3541666666666667
hypergeometric,Pre-transition,4,800,0.12931034482758622,116,1.3275862068965518
hypergeometric,Pre-transition,5,25,0.8948889290229366,5537,4.388296911685028
hypergeometric,Pre-transition,5,50,0.8242001900538486,3157,3.2359835286664556
hypergeometric,Pre-transition,5,75,0.7835283528352835,2222,2.7542754275427543
hypergeometric,Pre-transition,5,100,0.7519333729922665,1681,2.4509220701963117
hypergeometric,Pre-transition,5,150,0.6145552560646901,1113,2.070080862533693
hypergeometric,Pre-transition,5,200,0.5653235653235653,819,1.8827838827838828
hypergeometric,Pre-transition,5,300,0.406570841889117,487,1.6509240246406571
hypergeometric,Pre-transition,5,400,0.3312883435582822,326,1.5153374233128833
hypergeometric,Pre-transition,5,600,0.17435897435897435,195,1.353846153846154
hypergeometric,Pre-transition,5,800,0.16379310344827586,116,1.3448275862068966
hypergeometric,Pre-transition,6,25,0.8903492978033849,5554,4.374864962189413
hypergeometric,Pre-transition,6,50,0.8291758762235554,3167,3.2263972213451217
hypergeometric,Pre-transition,6,75,0.7813765182186235,2223,2.752136752136752
hypergeometric,Pre-transition,6,100,0.7572873289708507,1681,2.4533016061867934
hypergeometric,Pre-transition,6,150,0.6214028776978417,1112,2.088129496402878
hypergeometric,Pre-transition,6,200,0.5181598062953995,826,1.8765133171912833
hypergeometric,Pre-transition,6,300,0.39553752535496955,493,1.6511156186612577
hypergeometric,Pre-transition,6,400,0.3128834355828221,326,1.49079754601227
hypergeometric,Pre-transition,6,600,0.17616580310880828,193,1.3471502590673574
hypergeometric,Pre-transition,6,800,0.1271186440677966,118,1.3220338983050848
hypergeometric,Pre-transition,7,25,0.888728323699422,5536,4.368135838150289
hypergeometric,Pre-transition,7,50,0.8256880733944955,3161,3.2211325529895602
hypergeometric,Pre-transition,7,75,0.7830401443391971,2217,2.7523680649526385
hypergeometric,Pre-transition,7,100,0.7450746268656716,1675,2.4585074626865673
hypergeometric,Pre-transition,7,150,0.6319569120287253,1114,2.0933572710951527
hypergeometric,Pre-transition,7,200,0.5532435740514076,817,1.8702570379436965
hypergeometric,Pre-transition,7,300,0.4178794178794179,481,1.6756756756756757
hypergeometric,Pre-transition,7,400,0.3211009174311927,327,1.5045871559633028
hypergeometric,Pre-transition,7,600,0.17801047120418848,191,1.361256544502618
hypergeometric,Pre-transition,7,800,0.14166666666666666,120,1.3333333333333333
hypergeometric,Pre-transition,8,25,0.8943738656987296,5510,4.386569872958257
hypergeometric,Pre-transition,8,50,0.8321543408360128,3110,3.248231511254019
hypergeometric,Pre-transition,8,75,0.7829213483146067,2225,2.7658426966292136
hypergeometric,Pre-transition,8,100,0.7480597014925373,1675,2.468059701492537
hypergeometric,Pre-transition,8,150,0.6200361010830325,1108,2.0740072202166067
hypergeometric,Pre-transition,8,200,0.5182481751824818,822,1.878345498783455
hypergeometric,Pre-transition,8,300,0.4190871369294606,482,1.6804979253112033
hypergeometric,Pre-transition,8,400,0.3119266055045872,327,1.492354740061162
hypergeometric,Pre-transition,8,600,0.17801047120418848,191,1.350785340314136
hypergeometric,Pre-transition,8,800,0.13513513513513514,111,1.3153153153153154
hypergeometric,Pre-transition,9,25,0.888828535216368,5523,4.382038747057758
hypergeometric,Pre-transition,9,50,0.8263074484944533,3155,3.2164817749603802
hypergeometric,Pre-transition,9,75,0.7784781629896443,2221,2.7564160288158486
hypergeometric,Pre-transition,9,100,0.7494117647058823,1700,2.4505882352941177
hypergeometric,Pre-transition,9,150,0.6150402864816473,1117,2.078782452999105
hypergeometric,Pre-transition,9,200,0.5535499398315282,831,1.882069795427196
hypergeometric,Pre-transition,9,300,0.40208333333333335,480,1.6541666666666666
hypergeometric,Pre-transition,9,400,0.3241590214067278,327,1.5045871559633028
hypergeometric,Pre-transition,9,600,0.17801047120418848,191,1.361256544502618
hypergeometric,Pre-transition,9,800,0.12396694214876033,121,1.3388429752066116
hypergeometric,Pre-transition,10,25,0.8900144717800289,5528,4.38205499276411
hypergeometric,Pre-transition,10,50,0.8291139240506329,3160,3.219620253164557
hypergeometric,Pre-transition,10,75,0.7872150201162271,2237,2.765310683951721
hypergeometric,Pre-transition,10,100,0.7502958579881657,1690,2.4650887573964497
hypergeometric,Pre-transition,10,150,0.6179875333926982,1123,2.0676758682101513
hypergeometric,Pre-transition,10,200,0.574726609963548,823,1.9003645200486026
hypergeometric,Pre-transition,10,300,0.4140786749482402,483,1.6645962732919255
hypergeometric,Pre-transition,10,400,0.3242424242424242,330,1.503030303030303
hypergeometric,Pre-transition,10,600,0.17989417989417988,189,1.3544973544973544
hypergeometric,Pre-transition,10,800,0.12605042016806722,119,1.3277310924369747
hypergeometric,Pre-transition,11,25,0.8933430074369672,5513,4.397968438236894
hypergeometric,Pre-transition,11,50,0.8188109468386285,3179,3.2104435357030514
hypergeometric,Pre-transition,11,75,0.7833707865168539,2225,2.7604494382022473
hypergeometric,Pre-transition,11,100,0.7540106951871658,1683,2.453951277480689
hypergeometric,Pre-transition,11,150,0.6159420289855072,1104,2.079710144927536
hypergeometric,Pre-transition,11,200,0.5570388349514563,824,1.883495145631068
hypergeometric,Pre-transition,11,300,0.4094650205761317,486,1.6666666666666667
hypergeometric,Pre-transition,11,400,0.32628398791540786,331,1.4924471299093656
hypergeometric,Pre-transition,11,600,0.17616580310880828,193,1.3575129533678756
hypergeometric,Pre-transition,11,800,0.17796610169491525,118,1.3559322033898304
hypergeometric,Pre-transition,12,25,0.8892502258355917,5535,4.370009033423668
hypergeometric,Pre-transition,12,50,0.8270082226438963,3162,3.25426944971537
hypergeometric,Pre-transition,12,75,0.7770330652368186,2238,2.7587131367292224
hypergeometric,Pre-transition,12,100,0.756141402037148,1669,2.463750748951468
hypergeometric,Pre-transition,12,150,0.6200716845878136,1116,2.0698924731182795
hypergeometric,Pre-transition,12,200,0.5627283800243605,821,1.8781973203410476
hypergeometric,Pre-transition,12,300,0.4057971014492754,483,1.660455486542443
hypergeometric,Pre-transition,12,400,0.3253012048192771,332,1.5
hypergeometric,Pre-transition,12,600,0.18085106382978725,188,1.3617021276595744
hypergeometric,Pre-transition,12,800,0.13043478260869565,115,1.3391304347826087
hypergeometric,Pre-transition,13,25,0.8922965902940646,5543,4.364784412772867
hypergeometric,Pre-transition,13,50,0.8209993674889311,3162,3.21505376344086
hypergeometric,Pre-transition,13,75,0.7856498194945848,2216,2.7716606498194944
hypergeometric,Pre-transition,13,100,0.7513353115727003,1685,2.453412462908012
hypergeometric,Pre-transition,13,150,0.6204118173679498,1117,2.078782452999105
hypergeometric,Pre-transition,13,200,0.5471014492753623,828,1.8743961352657006
hypergeometric,Pre-transition,13,300,0.41995841995842,481,1.6673596673596673
hypergeometric,Pre-transition,13,400,0.3203592814371258,334,1.4970059880239521
hypergeometric,Pre-transition,13,600,0.17346938775510204,196,1.346938775510204
hypergeometric,Pre-transition,13,800,0.12931034482758622,116,1.3275862068965518
hypergeometric,Pre-transition,14,25,0.8912452419793366,5517,4.3911546130143195
hypergeometric,Pre-transition,14,50,0.8217916137229987,3148,3.2134688691232527
hypergeometric,Pre-transition,14,75,0.7809694793536804,2228,2.7450628366247756
hypergeometric,Pre-transition,14,100,0.7455830388692579,1698,2.4346289752650176
hypergeometric,Pre-transition,14,150,0.6238859180035651,1122,2.0819964349376114
hypergeometric,Pre-transition,14,200,0.5501813784764208,827,1.8718258766626361
hypergeometric,Pre-transition,14,300,0.4078674948240166,483,1.6645962732919255
hypergeometric,Pre-transition,14,400,0.3102409638554217,332,1.4939759036144578
hypergeometric,Pre-transition,14,600,0.17277486910994763,191,1.350785340314136
hypergeometric,Pre-transition,14,800,0.175,120,1.3333333333333333
hypergeometric,Pre-transition,15,25,0.8915334302325582,5504,4.397529069767442
hypergeometric,Pre-transition,15,50,0.8244781783681214,3162,3.227703984819734
hypergeometric,Pre-transition,15,75,0.776829815895824,2227,2.7444993264481363
hypergeometric,Pre-transition,15,100,0.7473246135552913,1682,2.455410225921522
hypergeometric,Pre-transition,15,150,0.6219401631912964,1103,2.099728014505893
hypergeometric,Pre-transition,15,200,0.5520581113801453,826,1.8789346246973366
hypergeometric,Pre-transition,15,300,0.4110429447852761,489,1.6605316973415134
hypergeometric,Pre-transition,15,400,0.3213213213213213,333,1.4954954954954955
hypergeometric,Pre-transition,15,600,0.17894736842105263,190,1.3578947368421053
hypergeometric,Pre-transition,15,800,0.1271186440677966,118,1.305084745762712
hypergeometric,Pre-transition,16,25,0.8930123099203475,5524,4.3805213613323675
hypergeometric,Pre-transition,16,50,0.8293913591926837,3171,3.2456638284452852
hypergeometric,Pre-transition,16,75,0.7792853912256897,2211,2.767073722297603
hypergeometric,Pre-transition,16,100,0.7451212300413956,1691,2.450620934358368
hypergeometric,Pre-transition,16,150,0.6185752930568079,1109,2.0901713255184853
hypergeometric,Pre-transition,16,200,0.5691747572815534,824,1.8883495145631068
hypergeometric,Pre-transition,16,300,0.4166666666666667,480,1.6791666666666667
hypergeometric,Pre-transition,16,400,0.3164179104477612,335,1.498507462686567
hypergeometric,Pre-transition,16,600,0.17801047120418848,191,1.361256544502618
hypergeometric,Pre-transition,16,800,0.15702479338842976,121,1.3388429752066116
hypergeometric,Pre-transition,17,25,0.8862037871956717,5545,4.376555455365194
hypergeometric,Pre-transition,17,50,0.8191255111670337,3179,3.2142183076439133
hypergeometric,Pre-transition,17,75,0.7865168539325843,2225,2.76314606741573
hypergeometric,Pre-transition,17,100,0.7404129793510325,1695,2.448377581120944
hypergeometric,Pre-transition,17,150,0.621307072515667,1117,2.082363473589973
hypergeometric,Pre-transition,17,200,0.5500603136308806,829,1.8648974668275031
hypergeometric,Pre-transition,17,300,0.4121338912133891,478,1.6569037656903767
hypergeometric,Pre-transition,17,400,0.32,325,1.5015384615384615
hypergeometric,Pre-transition,17,600,0.17435897435897435,195,1.353846153846154
hypergeometric,Pre-transition,17,800,0.11864406779661017,118,1.2881355932203389
hypergeometric,Pre-transition,18,25,0.890968562602217,5503,4.373977830274396
hypergeometric,Pre-transition,18,50,0.8275752773375594,3155,3.2196513470681456
hypergeometric,Pre-transition,18,75,0.7805317710680487,2219,2.7552951780081116
hypergeometric,Pre-transition,18,100,0.748812351543943,1684,2.4536817102137767
hypergeometric,Pre-transition,18,150,0.621307072515667,1117,2.069829901521934
hypergeometric,Pre-transition,18,200,0.5536791314837153,829,1.8914354644149578
hypergeometric,Pre-transition,18,300,0.4061224489795918,490,1.653061224489796
hypergeometric,Pre-transition,18,400,0.3202416918429003,331,1.498489425981873
hypergeometric,Pre-transition,18,600,0.17801047120418848,191,1.361256544502618
hypergeometric,Pre-transition,18,800,0.1440677966101695,118,1.3389830508474576
hypergeometric,Pre-transition,19,25,0.8943738656987296,5510,4.4072595281306715
hypergeometric,Pre-transition,19,50,0.8219134827912852,3167,3.213135459425324
hypergeometric,Pre-transition,19,75,0.7775290957923008,2234,2.7448522829006268
hypergeometric,Pre-transition,19,100,0.7477797513321492,1689,2.448786264061575
hypergeometric,Pre-transition,19,150,0.6265709156193896,1114,2.0861759425493718
hypergeometric,Pre-transition,19,200,0.5687960687960688,814,1.8968058968058967
hypergeometric,Pre-transition,19,300,0.41841004184100417,478,1.6778242677824269
hypergeometric,Pre-transition,19,400,0.3282208588957055,326,1.5030674846625767
hypergeometric,Pre-transition,19,600,0.17801047120418848,191,1.350785340314136
hypergeometric,Pre-transition,19,800,0.14782608695652175,115,1.3217391304347825
hypergeometric,Pre-transition,20,25,0.8935978358881875,5545,4.370423805229937
hypergeometric,Pre-transition,20,50,0.8294080203691916,3142,3.238701464035646
hypergeometric,Pre-transition,20,75,0.7811235955056179,2225,2.74876404494382
hypergeometric,Pre-transition,20,100,0.7430922986478542,1701,2.4432686654908875
hypergeometric,Pre-transition,20,150,0.6275924256086565,1109,2.0775473399458972
hypergeometric,Pre-transition,20,200,0.574726609963548,823,1.8930741190765492
hypergeometric,Pre-transition,20,300,0.42738589211618255,482,1.6846473029045643
hypergeometric,Pre-transition,20,400,0.3242424242424242,330,1.496969696969697
hypergeometric,Pre-transition,20,600,0.17346938775510204,196,1.346938775510204
hypergeometric,Pre-transition,20,800,0.1271186440677966,118,1.305084745762712
hypergeometric,Pre-transition,21,25,0.893396398035292,5497,4.380571220665818
hypergeometric,Pre-transition,21,50,0.8246445497630331,3165,3.2227488151658767
hypergeometric,Pre-transition,21,75,0.782608695652174,2231,2.74675033617212
hypergeometric,Pre-transition,21,100,0.7551990493166963,1683,2.4468211527035058
hypergeometric,Pre-transition,21,150,0.6374216651745748,1117,2.0948970456580125
hypergeometric,Pre-transition,21,200,0.5672371638141809,818,1.8875305623471883
hypergeometric,Pre-transition,21,300,0.411522633744856,486,1.662551440329218
hypergeometric,Pre-transition,21,400,0.3183183183183183,333,1.4954954954954955
hypergeometric,Pre-transition,21,600,0.18085106382978725,188,1.3617021276595744
hypergeometric,Pre-transition,21,800,0.1271186440677966,118,1.3220338983050848
hypergeometric,Pre-transition,22,25,0.8944110686328054,5493,4.3975969415619875
hypergeometric,Pre-transition,22,50,0.8248245054243778,3134,3.2431397574984047
hypergeometric,Pre-transition,22,75,0.7777777777777778,2223,2.756635177687809
hypergeometric,Pre-transition,22,100,0.7452830188679245,1696,2.4410377358490565
hypergeometric,Pre-transition,22,150,0.6274685816876122,1114,2.0933572710951527
hypergeometric,Pre-transition,22,200,0.5492102065613609,823,1.8857837181044959
hypergeometric,Pre-transition,22,300,0.4094650205761317,486,1.6666666666666667
hypergeometric,Pre-transition,22,400,0.32628398791540786,331,1.498489425981873
hypergeometric,Pre-transition,22,600,0.17801047120418848,191,1.361256544502618
hypergeometric,Pre-transition,22,800,0.1440677966101695,118,1.305084745762712
hypergeometric,Pre-transition,23,25,0.8900799418604651,5504,4.380813953488372
hypergeometric,Pre-transition,23,50,0.833015873015873,3150,3.2374603174603176
hypergeometric,Pre-transition,23,75,0.7833333333333333,2220,2.7504504504504506
hypergeometric,Pre-transition,23,100,0.7439096850861556,1683,2.4408793820558525
hypergeometric,Pre-transition,23,150,0.632486388384755,1102,2.103448275862069
hypergeometric,Pre-transition,23,200,0.5504252733900364,823,1.8760631834750912
hypergeometric,Pre-transition,23,300,0.3813387423935091,493,1.6551724137931034
hypergeometric,Pre-transition,23,400,0.3253012048192771,332,1.5120481927710843
hypergeometric,Pre-transition,23,600,0.17553191489361702,188,1.351063829787234
hypergeometric,Pre-transition,23,800,0.1271186440677966,118,1.305084745762712
hypergeometric,Pre-transition,24,25,0.8905995290708205,5521,4.382901648252128
hypergeometric,Pre-transition,24,50,0.8181818181818182,3157,3.2423186569528033
hypergeometric,Pre-transition,24,75,0.7754464285714285,2240,2.741964285714286
hypergeometric,Pre-transition,24,100,0.7570921985815603,1692,2.4397163120567376
hypergeometric,Pre-transition,24,150,0.6210621062106211,1111,2.0846084608460846
hypergeometric,Pre-transition,24,200,0.5521844660194175,824,1.8762135922330097
hypergeometric,Pre-transition,24,300,0.41115702479338845,484,1.665289256198347
hypergeometric,Pre-transition,24,400,0.3212121212121212,330,1.503030303030303
hypergeometric,Pre-transition,24,600,0.17801047120418848,191,1.361256544502618
hypergeometric,Pre-transition,24,800,0.1271186440677966,118,1.3220338983050848
hypergeometric,Post-transition,0,25,0.9042632759910246,5348,4.737845923709798
hypergeometric,Post-transition,0,50,0.8406628425748884,3138,3.465901848311026
hypergeometric,Post-transition,0,75,0.7913121361397224,2233,2.948499776085983
hypergeometric,Post-transition,0,100,0.7530224525043178,1737,2.5860679332181924
hypergeometric,Post-transition,0,150,0.6904962153069807,1189,2.2304457527333894
hypergeometric,Post-transition,0,200,0.6581986143187067,866,2.064665127020785
hypergeometric,Post-transition,0,300,0.5142857142857142,525,1.8057142857142856
hypergeometric,Post-transition,0,400,0.39949748743718594,398,1.6080402010050252
hypergeometric,Post-transition,0,600,0.14732142857142858,224,1.4285714285714286
hypergeometric,Post-transition,0,800,0.1069182389937107,159,1.2955974842767295
hypergeometric,Post-transition,1,25,0.9028560691469373,5322,4.733934611048478
hypergeometric,Post-transition,1,50,0.8508128785463819,3137,3.4619062798852407
hypergeometric,Post-transition,1,75,0.7941176470588235,2244,2.9313725490196076
hypergeometric,Post-transition,1,100,0.751004016064257,1743,2.580608146873207
hypergeometric,Post-transition,1,150,0.6969439728353141,1178,2.2275042444821733
hypergeometric,Post-transition,1,200,0.6650887573964497,845,2.080473372781065
hypergeometric,Post-transition,1,300,0.5130597014925373,536,1.787313432835821
hypergeometric,Post-transition,1,400,0.4092071611253197,391,1.6112531969309463
hypergeometric,Post-transition,1,600,0.1590909090909091,220,1.4363636363636363
hypergeometric,Post-transition,1,800,0.09202453987730061,163,1.2883435582822085
hypergeometric,Post-transition,2,25,0.9017189835575485,5352,4.730568011958146
hypergeometric,Post-transition,2,50,0.8481174218251436,3134,3.4569240587109125
hypergeometric,Post-transition,2,75,0.7970430107526881,2232,2.935483870967742
hypergeometric,Post-transition,2,100,0.7567723342939481,1735,2.589048991354467
hypergeometric,Post-transition,2,150,0.6908783783783784,1184,2.2212837837837838
hypergeometric,Post-transition,2,200,0.6764361078546307,853,2.063305978898007
hypergeometric,Post-transition,2,300,0.5339622641509434,530,1.8037735849056604
hypergeometric,Post-transition,2,400,0.4030612244897959,392,1.6122448979591837
hypergeometric,Post-transition,2,600,0.11818181818181818,220,1.4272727272727272
hypergeometric,Post-transition,2,800,0.09375,160,1.2875
hypergeometric,Post-transition,3,25,0.9016697588126159,5390,4.726530612244898
hypergeometric,Post-transition,3,50,0.8371647509578544,3132,3.450830140485313
hypergeometric,Post-transition,3,75,0.7858739383102369,2237,2.9557443004023245
hypergeometric,Post-transition,3,100,0.7567567567567568,1739,2.587694077055779
hypergeometric,Post-transition,3,150,0.70578231292517,1176,2.25
hypergeometric,Post-transition,3,200,0.6569086651053864,854,2.063231850117096
hypergeometric,Post-transition,3,300,0.5418994413407822,537,1.8026070763500932
hypergeometric,Post-transition,3,400,0.4218362282878412,403,1.6029776674937966
hypergeometric,Post-transition,3,600,0.1583710407239819,221,1.4479638009049773
hypergeometric,Post-transition,3,800,0.10828025477707007,157,1.2993630573248407
hypergeometric,Post-transition,4,25,0.903623459096003,5354,4.715353007097497
hypergeometric,Post-transition,4,50,0.8447780261897158,3131,3.455126157777068
hypergeometric,Post-transition,4,75,0.7875787578757876,2222,2.961296129612961
hypergeometric,Post-transition,4,100,0.7612456747404844,1734,2.582468281430219
hypergeometric,Post-transition,4,150,0.6938603868797308,1189,2.2153069806560133
hypergeometric,Post-transition,4,200,0.6450867052023121,865,2.0485549132947978
hypergeometric,Post-transition,4,300,0.5319548872180451,532,1.8120300751879699
hypergeometric,Post-transition,4,400,0.44556962025316454,395,1.6151898734177215
hypergeometric,Post-transition,4,600,0.11926605504587157,218,1.4311926605504588
hypergeometric,Post-transition,4,800,0.09316770186335403,161,1.2919254658385093
hypergeometric,Post-transition,5,25,0.900428066257212,5373,4.701284198771636
hypergeometric,Post-transition,5,50,0.8455882352941176,3128,3.4680306905370846
hypergeometric,Post-transition,5,75,0.7915178571428572,2240,2.9580357142857143
hypergeometric,Post-transition,5,100,0.7547062179121506,1753,2.5795778665145463
hypergeometric,Post-transition,5,150,0.7037974683544304,1185,2.249789029535865
hypergeometric,Post-transition,5,200,0.6821428571428572,840,2.0833333333333335
hypergeometric,Post-transition,5,300,0.5103578154425612,531,1.8003766478342749
hypergeometric,Post-transition,5,400,0.42091836734693877,392,1.6020408163265305
hypergeometric,Post-transition,5,600,0.1583710407239819,221,1.4389140271493213
hypergeometric,Post-transition,5,800,0.10559006211180125,161,1.2919254658385093
hypergeometric,Post-transition,6,25,0.9021070296475853,5363,4.743613649077009
hypergeometric,Post-transition,6,50,0.8473818646232439,3132,3.455300127713921
hypergeometric,Post-transition,6,75,0.7896860986547085,2230,2.948878923766816
hypergeometric,Post-transition,6,100,0.7537227949599083,1746,2.558991981672394
hypergeometric,Post-transition,6,150,0.694843617920541,1183,2.231614539306847
hypergeometric,Post-transition,6,200,0.6646919431279621,844,2.0497630331753554
hypergeometric,Post-transition,6,300,0.5275142314990512,527,1.7988614800759013
hypergeometric,Post-transition,6,400,0.4402035623409669,393,1.618320610687023
hypergeometric,Post-transition,6,600,0.15859030837004406,227,1.4361233480176212
hypergeometric,Post-transition,6,800,0.09433962264150944,159,1.2830188679245282
hypergeometric,Post-transition,7,25,0.9023979018358936,5338,4.750093668040464
hypergeometric,Post-transition,7,50,0.8420548819400128,3134,3.4473516273133376
hypergeometric,Post-transition,7,75,0.7964044943820224,2225,2.952808988764045
hypergeometric,Post-transition,7,100,0.7514551804423748,1718,2.591385331781141
hypergeometric,Post-transition,7,150,0.6947278911564626,1176,2.2312925170068025
hypergeometric,Post-transition,7,200,0.6624423963133641,868,2.0599078341013826
hypergeometric,Post-transition,7,300,0.5169811320754717,530,1.818867924528302
hypergeometric,Post-transition,7,400,0.3944020356234097,393,1.6030534351145038
hypergeometric,Post-transition,7,600,0.12612612612612611,222,1.4504504504504505
hypergeometric,Post-transition,7,800,0.09433962264150944,159,1.270440251572327
hypergeometric,Post-transition,8,25,0.9016701069619065,5329,4.735597673109401
hypergeometric,Post-transition,8,50,0.8380372033354715,3118,3.463758819756254
hypergeometric,Post-transition,8,75,0.7973154362416107,2235,2.9485458612975393
hypergeometric,Post-transition,8,100,0.7523255813953489,1720,2.5906976744186045
hypergeometric,Post-transition,8,150,0.6960950764006791,1178,2.235993208828523
hypergeometric,Post-transition,8,200,0.6607773851590106,849,2.049469964664311
hypergeometric,Post-transition,8,300,0.5246212121212122,528,1.7916666666666667
hypergeometric,Post-transition,8,400,0.43467336683417085,398,1.6281407035175879
hypergeometric,Post-transition,8,600,0.1651376146788991,218,1.4403669724770642
hypergeometric,Post-transition,8,800,0.10625,160,1.275
hypergeometric,Post-transition,9,25,0.8996462483708807,5371,4.716067771364736
hypergeometric,Post-transition,9,50,0.8476312419974392,3124,3.465428937259923
hypergeometric,Post-transition,9,75,0.7863860277653381,2233,2.9431258396775637
hypergeometric,Post-transition,9,100,0.755184331797235,1736,2.5794930875576036
hypergeometric,Post-transition,9,150,0.7006802721088435,1176,2.251700680272109
hypergeometric,Post-transition,9,200,0.6515151515151515,858,2.055944055944056
hypergeometric,Post-transition,9,300,0.5400763358778626,524,1.816793893129771
hypergeometric,Post-transition,9,400,0.4253164556962025,395,1.610126582278481
hypergeometric,Post-transition,9,600,0.16203703703703703,216,1.462962962962963
hypergeometric,Post-transition,9,800,0.10559006211180125,161,1.2919254658385093
hypergeometric,Post-transition,10,25,0.9013157894736842,5320,4.7593984962406015
hypergeometric,Post-transition,10,50,0.843508997429306,3112,3.4537275064267354
hypergeometric,Post-transition,10,75,0.7918531781557744,2234,2.954341987466428
hypergeometric,Post-transition,10,100,0.7581206496519721,1724,2.6067285382830625
hypergeometric,Post-transition,10,150,0.691063829787234,1175,2.236595744680851
hypergeometric,Post-transition,10,200,0.6597701149425287,870,2.0597701149425287
hypergeometric,Post-transition,10,300,0.512241054613936,531,1.8003766478342749
hypergeometric,Post-transition,10,400,0.42377260981912146,387,1.6227390180878554
hypergeometric,Post-transition,10,600,0.15695067264573992,223,1.4260089686098654
hypergeometric,Post-transition,10,800,0.11949685534591195,159,1.320754716981132
hypergeometric,Post-transition,11,25,0.9012206572769953,5325,4.745164319248826
hypergeometric,Post-transition,11,50,0.837555414819506,3158,3.45281823939202
hypergeometric,Post-transition,11,75,0.7837717342844405,2243,2.9255461435577352
hypergeometric,Post-transition,11,100,0.7497129735935706,1742,2.571756601607348
hypergeometric,Post-transition,11,150,0.7031382527565734,1179,2.2459711620016964
hypergeometric,Post-transition,11,200,0.650887573964497,845,2.059171597633136
hypergeometric,Post-transition,11,300,0.5131086142322098,534,1.7865168539325842
hypergeometric,Post-transition,11,400,0.42010309278350516,388,1.6185567010309279
hypergeometric,Post-transition,11,600,0.16216216216216217,222,1.4414414414414414
hypergeometric,Post-transition,11,800,0.0949367088607595,158,1.2784810126582278
hypergeometric,Post-transition,12,25,0.902257041596717,5361,4.737175900018653
hypergeometric,Post-transition,12,50,0.8454661558109834,3132,3.462962962962963
hypergeometric,Post-transition,12,75,0.7966786355475763,2228,2.961400359066427
hypergeometric,Post-transition,12,100,0.7556195965417868,1735,2.592507204610951
hypergeometric,Post-transition,12,150,0.6797988264878457,1193,2.234702430846605
hypergeometric,Post-transition,12,200,0.6577102803738317,856,2.067757009345794
hypergeometric,Post-transition,12,300,0.5131578947368421,532,1.7894736842105263
hypergeometric,Post-transition,12,400,0.40816326530612246,392,1.6122448979591837
hypergeometric,Post-transition,12,600,0.15315315315315314,222,1.4324324324324325
hypergeometric,Post-transition,12,800,0.10625,160,1.3125
hypergeometric,Post-transition,13,25,0.8968609865470852,5352,4.747010463378176
hypergeometric,Post-transition,13,50,0.8419697457354361,3107,3.461860315416801
hypergeometric,Post-transition,13,75,0.7877295118674429,2233,2.9520824003582624
hypergeometric,Post-transition,13,100,0.7574370709382151,1748,2.5846681922196795
hypergeometric,Post-transition,13,150,0.703111858704794,1189,2.2338099243061396
hypergeometric,Post-transition,13,200,0.672093023255814,860,2.058139534883721
hypergeometric,Post-transition,13,300,0.503731343283582,536,1.787313432835821
hypergeometric,Post-transition,13,400,0.41309823677581864,397,1.602015113350126
hypergeometric,Post-transition,13,600,0.1590909090909091,220,1.4363636363636363
hypergeometric,Post-transition,13,800,0.0949367088607595,158,1.2784810126582278
hypergeometric,Post-transition,14,25,0.9024663677130045,5352,4.73542600896861
hypergeometric,Post-transition,14,50,0.8465473145780051,3128,3.471227621483376
hypergeometric,Post-transition,14,75,0.7896396396396397,2220,2.9747747747747746
hypergeometric,Post-transition,14,100,0.7534722222222222,1728,2.5775462962962963
hypergeometric,Post-transition,14,150,0.6915887850467289,1177,2.2395921835174173
hypergeometric,Post-transition,14,200,0.6792009400705052,851,2.0681551116333723
hypergeometric,Post-transition,14,300,0.5056603773584906,530,1.788679245283019
hypergeometric,Post-transition,14,400,0.3979591836734694,392,1.6224489795918366
hypergeometric,Post-transition,14,600,0.1598173515981735,219,1.4703196347031964
hypergeometric,Post-transition,14,800,0.10493827160493827,162,1.2962962962962963
hypergeometric,Post-transition,15,25,0.901920566846914,5363,4.733171732239418
hypergeometric,Post-transition,15,50,0.8434504792332268,3130,3.495846645367412
hypergeometric,Post-transition,15,75,0.7865168539325843,2225,2.9617977528089887
hypergeometric,Post-transition,15,100,0.7525773195876289,1746,2.570446735395189
hypergeometric,Post-transition,15,150,0.6937394247038917,1182,2.2318104906937393
hypergeometric,Post-transition,15,200,0.6682134570765661,862,2.0812064965197217
hypergeometric,Post-transition,15,300,0.5254237288135594,531,1.807909604519774
hypergeometric,Post-transition,15,400,0.4194373401534527,391,1.6112531969309463
hypergeometric,Post-transition,15,600,0.1643835616438356,219,1.4337899543378996
hypergeometric,Post-transition,15,800,0.09259259259259259,162,1.2839506172839505
hypergeometric,Post-transition,16,25,0.9028271859202397,5341,4.740310803220371
hypergeometric,Post-transition,16,50,0.8479233226837061,3130,3.4587859424920127
hypergeometric,Post-transition,16,75,0.7959459459459459,2220,2.957657657657658
hypergeometric,Post-transition,16,100,0.7514285714285714,1750,2.5794285714285716
hypergeometric,Post-transition,16,150,0.710997442455243,1173,2.2455242966751916
hypergeometric,Post-transition,16,200,0.6395348837209303,860,2.0488372093023255
hypergeometric,Post-transition,16,300,0.5094339622641509,530,1.8037735849056604
hypergeometric,Post-transition,16,400,0.38403990024937656,401,1.5910224438902743
hypergeometric,Post-transition,16,600,0.15178571428571427,224,1.4375
hypergeometric,Post-transition,16,800,0.09937888198757763,161,1.2919254658385093
hypergeometric,Post-transition,17,25,0.9035740878629933,5372,4.715189873417722
hypergeometric,Post-transition,17,50,0.8433889602053916,3116,3.4781771501925545
hypergeometric,Post-transition,17,75,0.7941176470588235,2210,2.9728506787330318
hypergeometric,Post-transition,17,100,0.7650429799426934,1745,2.5845272206303727
hypergeometric,Post-transition,17,150,0.6983193277310924,1190,2.223529411764706
hypergeometric,Post-transition,17,200,0.6796690307328606,846,2.0803782505910164
hypergeometric,Post-transition,17,300,0.521415270018622,537,1.7877094972067038
hypergeometric,Post-transition,17,400,0.4292929292929293,396,1.6161616161616161
hypergeometric,Post-transition,17,600,0.11764705882352941,221,1.420814479638009
hypergeometric,Post-transition,17,800,0.10429447852760736,163,1.3006134969325154
hypergeometric,Post-transition,18,25,0.9074423876086135,5294,4.769928220627125
hypergeometric,Post-transition,18,50,0.8411125319693095,3128,3.45843989769821
hypergeometric,Post-transition,18,75,0.7957714799820063,2223,2.9599640125955915
hypergeometric,Post-transition,18,100,0.763447079236553,1729,2.5934065934065935
hypergeometric,Post-transition,18,150,0.7004255319148937,1175,2.2314893617021276
hypergeometric,Post-transition,18,200,0.6686251468860165,851,2.0681551116333723
hypergeometric,Post-transition,18,300,0.530188679245283,530,1.8037735849056604
hypergeometric,Post-transition,18,400,0.41604010025062654,399,1.5989974937343359
hypergeometric,Post-transition,18,600,0.12727272727272726,220,1.4272727272727272
hypergeometric,Post-transition,18,800,0.10759493670886076,158,1.2784810126582278
hypergeometric,Post-transition,19,25,0.9040299906279288,5335,4.755014058106841
hypergeometric,Post-transition,19,50,0.8469159475870885,3129,3.4618088846276764
hypergeometric,Post-transition,19,75,0.7946188340807175,2230,2.965022421524664
hypergeometric,Post-transition,19,100,0.748558246828143,1734,2.5755478662053055
hypergeometric,Post-transition,19,150,0.6939983093829247,1183,2.2299239222316145
hypergeometric,Post-transition,19,200,0.6647196261682243,856,2.05607476635514
hypergeometric,Post-transition,19,300,0.5329566854990584,531,1.8154425612052731
hypergeometric,Post-transition,19,400,0.379746835443038,395,1.6
hypergeometric,Post-transition,19,600,0.16363636363636364,220,1.4545454545454546
hypergeometric,Post-transition,19,800,0.10062893081761007,159,1.2955974842767295
hypergeometric,Post-transition,20,25,0.900299289188178,5346,4.744107744107744
hypergeometric,Post-transition,20,50,0.8373647358370465,3142,3.457670273711012
hypergeometric,Post-transition,20,75,0.7962382445141066,2233,2.9646215853112405
hypergeometric,Post-transition,20,100,0.759493670886076,1738,2.578826237054085
hypergeometric,Post-transition,20,150,0.7027027027027027,1184,2.2111486486486487
hypergeometric,Post-transition,20,200,0.6749116607773852,849,2.065959952885748
hypergeometric,Post-transition,20,300,0.5309568480300187,533,1.801125703564728
hypergeometric,Post-transition,20,400,0.4005037783375315,397,1.6120906801007557
hypergeometric,Post-transition,20,600,0.12442396313364056,217,1.4377880184331797
hypergeometric,Post-transition,20,800,0.10625,160,1.3
hypergeometric,Post-transition,21,25,0.9055970149253731,5360,4.732462686567164
hypergeometric,Post-transition,21,50,0.838351822503962,3155,3.4561014263074483
hypergeometric,Post-transition,21,75,0.7865826204412427,2221,2.959927960378208
hypergeometric,Post-transition,21,100,0.7501439263097294,1737,2.578008059873345
hypergeometric,Post-transition,21,150,0.6968933669185559,1191,2.2300587741393785
hypergeometric,Post-transition,21,200,0.6612149532710281,856,2.072429906542056
hypergeometric,Post-transition,21,300,0.5158878504672897,535,1.7869158878504674
hypergeometric,Post-transition,21,400,0.4275,400,1.605
hypergeometric,Post-transition,21,600,0.15765765765765766,222,1.4504504504504505
hypergeometric,Post-transition,21,800,0.11801242236024845,161,1.3043478260869565
hypergeometric,Post-transition,22,25,0.9003185310099306,5337,4.727374929735807
hypergeometric,Post-transition,22,50,0.8492012779552716,3130,3.456230031948882
hypergeometric,Post-transition,22,75,0.7974910394265233,2232,2.968637992831541
hypergeometric,Post-transition,22,100,0.7521367521367521,1755,2.5698005698005697
hypergeometric,Post-transition,22,150,0.6937919463087249,1192,2.2114093959731544
hypergeometric,Post-transition,22,200,0.663924794359577,851,2.0681551116333723
hypergeometric,Post-transition,22,300,0.5280898876404494,534,1.8164794007490637
hypergeometric,Post-transition,22,400,0.40609137055837563,394,1.6091370558375635
hypergeometric,Post-transition,22,600,0.16055045871559634,218,1.4495412844036697
hypergeometric,Post-transition,22,800,0.10126582278481013,158,1.2911392405063291
hypergeometric,Post-transition,23,25,0.9044764937254167,5339,4.735343697321595
hypergeometric,Post-transition,23,50,0.8474088291746641,3126,3.4619321817018553
hypergeometric,Post-transition,23,75,0.7923008057296329,2234,2.9453894359892567
hypergeometric,Post-transition,23,100,0.7495672244662435,1733,2.5793421811886903
hypergeometric,Post-transition,23,150,0.6936560934891486,1198,2.2186978297161937
hypergeometric,Post-transition,23,200,0.6604215456674473,854,2.0655737704918034
hypergeometric,Post-transition,23,300,0.5226415094339623,530,1.7924528301886793
hypergeometric,Post-transition,23,400,0.3852040816326531,392,1.596938775510204
hypergeometric,Post-transition,23,600,0.12272727272727273,220,1.4272727272727272
hypergeometric,Post-transition,23,800,0.09202453987730061,163,1.2883435582822085
hypergeometric,Post-transition,24,25,0.9039505710541097,5341,4.735068339262311
hypergeometric,Post-transition,24,50,0.8403575989782887,3132,3.450191570881226
hypergeometric,Post-transition,24,75,0.7934145241317095,2217,2.9625620207487597
hypergeometric,Post-transition,24,100,0.7517201834862385,1744,2.5711009174311927
hypergeometric,Post-transition,24,150,0.6983993260320135,1187,2.2342038753159223
hypergeometric,Post-transition,24,200,0.6545667447306791,854,2.053864168618267
hypergeometric,Post-transition,24,300,0.5112359550561798,534,1.7902621722846441
hypergeometric,Post-transition,24,400,0.4,395,1.6050632911392404
hypergeometric,Post-transition,24,600,0.12217194570135746,221,1.4389140271493213
hypergeometric,Post-transition,24,800,0.10625,160,1.3
multinomial,Neutral,0,25,0.8749761768629694,5247,4.240518391461788
multinomial,Neutral,0,50,0.8252850435949027,2982,3.1616364855801478
multinomial,Neutral,0,75,0.7756874095513748,2073,2.6898215147129765
multinomial,Neutral,0,100,0.715090795241077,1597,2.3932373199749533
multinomial,Neutral,0,150,0.6227141482194418,1039,2.0673724735322425
multinomial,Neutral,0,200,0.5536193029490617,746,1.8257372654155497
multinomial,Neutral,0,300,0.4004237288135593,472,1.5932203389830508
multinomial,Neutral,0,400,0.1762917933130699,329,1.446808510638298
multinomial,Neutral,0,600,0.10555555555555556,180,1.288888888888889
multinomial,Neutral,0,800,0.08490566037735849,106,1.2641509433962264
multinomial,Neutral,1,25,0.8839131270420911,5203,4.259850086488564
multinomial,Neutral,1,50,0.8216432865731463,2994,3.140948563794255
multinomial,Neutral,1,75,0.7915451895043731,2058,2.7006802721088436
multinomial,Neutral,1,100,0.740276035131744,1594,2.3939774153074027
multinomial,Neutral,1,150,0.6060894386298763,1051,2.0285442435775454
multinomial,Neutral,1,200,0.5371352785145889,754,1.8090185676392574
multinomial,Neutral,1,300,0.3760504201680672,476,1.5756302521008403
multinomial,Neutral,1,400,0.19375,320,1.475
multinomial,Neutral,1,600,0.11731843575418995,179,1.2960893854748603
multinomial,Neutral,1,800,0.09090909090909091,110,1.2727272727272727
multinomial,Neutral,2,25,0.8815638175546187,5218,4.226523572249905
multinomial,Neutral,2,50,0.8284757118927973,2985,3.1450586264656617
multinomial,Neutral,2,75,0.7798651252408478,2076,2.684007707129094
multinomial,Neutral,2,100,0.743933588761175,1566,2.42911877394636
multinomial,Neutral,2,150,0.6152362584378014,1037,2.0578592092574737
multinomial,Neutral,2,200,0.5339547270306259,751,1.8322237017310252
multinomial,Neutral,2,300,0.3081761006289308,477,1.5639412997903563
multinomial,Neutral,2,400,0.17337461300309598,323,1.4427244582043344
multinomial,Neutral,2,600,0.11931818181818182,176,1.3068181818181819
multinomial,Neutral,2,800,0.08411214953271028,107,1.2710280373831775
multinomial,Neutral,3,25,0.880884314846579,5247,4.2355631789594055
multinomial,Neutral,3,50,0.8274365821094793,2996,3.138851802403204
multinomial,Neutral,3,75,0.7743961352657005,2070,2.6647342995169083
multinomial,Neutral,3,100,0.7371754274857505,1579,2.402786573780874
multinomial,Neutral,3,150,0.6056872037914692,1055,2.0549763033175354
multinomial,Neutral,3,200,0.5421052631578948,760,1.8210526315789475
multinomial,Neutral,3,300,0.36610878661087864,478,1.5732217573221758
multinomial,Neutral,3,400,0.18633540372670807,322,1.4658385093167703
multinomial,Neutral,3,600,0.10982658959537572,173,1.2947976878612717
multinomial,Neutral,3,800,0.08771929824561403,114,1.263157894736842
multinomial,Neutral,4,25,0.8795662100456622,5256,4.213470319634703
multinomial,Neutral,4,50,0.8289253431536658,2987,3.159691998660864
multinomial,Neutral,4,75,0.7815533980582524,2060,2.6864077669902913
multinomial,Neutral,4,100,0.7367758186397985,1588,2.4219143576826196
multinomial,Neutral,4,150,0.6200578592092575,1037,2.0597878495660558
multinomial,Neutral,4,200,0.5292553191489362,752,1.821808510638298
multinomial,Neutral,4,300,0.36721991701244816,482,1.5850622406639003
multinomial,Neutral,4,400,0.20766773162939298,313,1.463258785942492
multinomial,Neutral,4,600,0.11242603550295859,169,1.301775147928994
multinomial,Neutral,4,800,0.08181818181818182,110,1.2545454545454546
multinomial,Neutral,5,25,0.8816318712890251,5221,4.224478069335376
multinomial,Neutral,5,50,0.8332773109243697,2975,3.169075630252101
multinomial,Neutral,5,75,0.7834951456310679,2060,2.681553398058252
multinomial,Neutral,5,100,0.7256020278833967,1578,2.3916349809885933
multinomial,Neutral,5,150,0.6223709369024857,1046,2.0611854684512427
multinomial,Neutral,5,200,0.5447368421052632,760,1.8105263157894738
multinomial,Neutral,5,300,0.37209302325581395,473,1.5983086680761098
multinomial,Neutral,5,400,0.17647058823529413,323,1.4613003095975232
multinomial,Neutral,5,600,0.06111111111111111,180,1.2777777777777777
multinomial,Neutral,5,800,0.09433962264150944,106,1.2830188679245282
multinomial,Neutral,6,25,0.8832088837832663,5223,4.233199310740954
multinomial,Neutral,6,50,0.8314419225634179,2996,3.145527369826435
multinomial,Neutral,6,75,0.7801724137931034,2088,2.67911877394636
multinomial,Neutral,6,100,0.7394587791063562,1589,2.409062303335431
multinomial,Neutral,6,150,0.6013513513513513,1036,2.0463320463320462
multinomial,Neutral,6,200,0.5453333333333333,750,1.8346666666666667
multinomial,Neutral,6,300,0.29218106995884774,486,1.5720164609053497
multinomial,Neutral,6,400,0.18867924528301888,318,1.4528301886792452
multinomial,Neutral,6,600,0.12643678160919541,174,1.2988505747126438
multinomial,Neutral,6,800,0.09090909090909091,110,1.2727272727272727
multinomial,Neutral,7,25,0.8805115480053445,5239,4.226379079977095
multinomial,Neutral,7,50,0.8323777403035413,2965,3.166273187183811
multinomial,Neutral,7,75,0.778743961352657,2070,2.677294685990338
multinomial,Neutral,7,100,0.7088290544771446,1597,2.36944270507201
multinomial,Neutral,7,150,0.6022835394862036,1051,2.0513796384395815
multinomial,Neutral,7,200,0.5157068062827225,764,1.7853403141361257
multinomial,Neutral,7,300,0.36554621848739494,476,1.588235294117647
multinomial,Neutral,7,400,0.1728395061728395,324,1.4444444444444444
multinomial,Neutral,7,600,0.0658682634730539,167,1.2694610778443114
multinomial,Neutral,7,800,0.09523809523809523,105,1.276190476190476
multinomial,Neutral,8,25,0.8727203647416414,5264,4.22226443768997
multinomial,Neutral,8,50,0.8274588788183954,2979,3.1614635783820075
multinomial,Neutral,8,75,0.7795465508924264,2073,2.705258080077183
multinomial,Neutral,8,100,0.712054965646471,1601,2.368519675202998
multinomial,Neutral,8,150,0.6057692307692307,1040,2.044230769230769
multinomial,Neutral,8,200,0.5373525557011796,763,1.81651376146789
multinomial,Neutral,8,300,0.35073068893528186,479,1.5782881002087683
multinomial,Neutral,8,400,0.189873417721519,316,1.4556962025316456
multinomial,Neutral,8,600,0.11428571428571428,175,1.302857142857143
multinomial,Neutral,8,800,0.08411214953271028,107,1.2710280373831775
multinomial,Neutral,9,25,0.8826879271070615,5268,4.230447987851177
multinomial,Neutral,9,50,0.8267558528428094,2990,3.150501672240803
multinomial,Neutral,9,75,0.771887159533074,2056,2.6857976653696496
multinomial,Neutral,9,100,0.7163431433938635,1597,2.3869755792110205
multinomial,Neutral,9,150,0.6172480620155039,1032,2.046511627906977
multinomial,Neutral,9,200,0.5334224598930482,748,1.8155080213903743
multinomial,Neutral,9,300,0.35456475583864117,471,1.6008492569002124
multinomial,Neutral,9,400,0.19003115264797507,321,1.4579439252336448
multinomial,Neutral,9,600,0.10982658959537572,173,1.283236994219653
multinomial,Neutral,9,800,0.09090909090909091,110,1.2727272727272727
multinomial,Neutral,10,25,0.8822859312701727,5267,4.220239225365483
multinomial,Neutral,10,50,0.824201680672269,2975,3.1623529411764704
multinomial,Neutral,10,75,0.7857486759749639,2077,2.670197400096293
multinomial,Neutral,10,100,0.7206528562460766,1593,2.391713747645951
multinomial,Neutral,10,150,0.6243996157540826,1041,2.0480307396733908
multinomial,Neutral,10,200,0.5515394912985274,747,1.8179384203480589
multinomial,Neutral,10,300,0.35084033613445376,476,1.588235294117647
multinomial,Neutral,10,400,0.19314641744548286,321,1.470404984423676
multinomial,Neutral,10,600,0.10404624277456648,173,1.283236994219653
multinomial,Neutral,10,800,0.09090909090909091,110,1.2727272727272727
multinomial,Neutral,11,25,0.8799467275494672,5256,4.228310502283105
multinomial,Neutral,11,50,0.8271356783919598,2985,3.1597989949748744
multinomial,Neutral,11,75,0.7781021897810219,2055,2.6598540145985403
multinomial,Neutral,11,100,0.7349246231155779,1592,2.399497487437186
multinomial,Neutral,11,150,0.6225868725868726,1036,2.048262548262548
multinomial,Neutral,11,200,0.5345501955671447,767,1.820078226857888
multinomial,Neutral,11,300,0.3686440677966102,472,1.5847457627118644
multinomial,Neutral,11,400,0.1761006289308176,318,1.4528301886792452
multinomial,Neutral,11,600,0.12222222222222222,180,1.3
multinomial,Neutral,11,800,0.08333333333333333,108,1.2592592592592593
multinomial,Neutral,12,25,0.8813330764785205,5191,4.232710460412252
multinomial,Neutral,12,50,0.8276324614352784,2982,3.158283031522468
multinomial,Neutral,12,75,0.7751937984496124,2064,2.687984496124031
multinomial,Neutral,12,100,0.7235926628716003,1581,2.383301707779886
multinomial,Neutral,12,150,0.6246445497630332,1055,2.06824644549763
multinomial,Neutral,12,200,0.5539280958721704,751,1.829560585885486
multinomial,Neutral,12,300,0.3572938689217759,473,1.5771670190274842
multinomial,Neutral,12,400,0.18181818181818182,319,1.4231974921630095
multinomial,Neutral,12,600,0.10919540229885058,174,1.2988505747126438
multinomial,Neutral,12,800,0.08928571428571429,112,1.2678571428571428
multinomial,Neutral,13,25,0.8776051534672225,5278,4.191360363774157
multinomial,Neutral,13,50,0.8252168112074717,2998,3.149432955303536
multinomial,Neutral,13,75,0.7720409157330735,2053,2.686799805163176
multinomial,Neutral,13,100,0.7313527180783818,1582,2.38558786346397
multinomial,Neutral,13,150,0.6065573770491803,1037,2.0578592092574737
multinomial,Neutral,13,200,0.5270092226613966,759,1.8155467720685112
multinomial,Neutral,13,300,0.3438818565400844,474,1.5696202531645569
multinomial,Neutral,13,400,0.20496894409937888,322,1.484472049689441
multinomial,Neutral,13,600,0.06432748538011696,171,1.2748538011695907
multinomial,Neutral,13,800,0.09090909090909091,110,1.2727272727272727
multinomial,Neutral,14,25,0.8670313089400227,5302,4.192003017729159
multinomial,Neutral,14,50,0.8297872340425532,3008,3.1555851063829787
multinomial,Neutral,14,75,0.7782608695652173,2070,2.684057971014493
multinomial,Neutral,14,100,0.7250470809792844,1593,2.386691776522285
multinomial,Neutral,14,150,0.6154589371980677,1035,2.042512077294686
multinomial,Neutral,14,200,0.5276315789473685,760,1.8078947368421052
multinomial,Neutral,14,300,0.31827956989247314,465,1.578494623655914
multinomial,Neutral,14,400,0.1962025316455696,316,1.4620253164556962
multinomial,Neutral,14,600,0.10857142857142857,175,1.302857142857143
multinomial,Neutral,14,800,0.08653846153846154,104,1.2692307692307692
multinomial,Neutral,15,25,0.8830599008012209,5242,4.220908050362457
multinomial,Neutral,15,50,0.8320508531281365,2989,3.1575777852124456
multinomial,Neutral,15,75,0.7666666666666667,2070,2.6869565217391305
multinomial,Neutral,15,100,0.7185554171855542,1606,2.372353673723537
multinomial,Neutral,15,150,0.5961722488038278,1045,2.030622009569378
multinomial,Neutral,15,200,0.5352480417754569,766,1.8120104438642297
multinomial,Neutral,15,300,0.3117154811715481,478,1.594142259414226
multinomial,Neutral,15,400,0.18691588785046728,321,1.4579439252336448
multinomial,Neutral,15,600,0.10795454545454546,176,1.2954545454545454
multinomial,Neutral,15,800,0.08256880733944955,109,1.2660550458715596
multinomial,Neutral,16,25,0.8811483253588517,5225,4.237703349282297
multinomial,Neutral,16,50,0.8256819693945442,3006,3.138389886892881
multinomial,Neutral,16,75,0.7732306210881078,2077,2.6884930187770824
multinomial,Neutral,16,100,0.7226415094339622,1590,2.3911949685534593
multinomial,Neutral,16,150,0.6338432122370937,1046,2.0592734225621414
multinomial,Neutral,16,200,0.5449804432855281,767,1.8226857887874837
multinomial,Neutral,16,300,0.35073068893528186,479,1.5949895615866387
multinomial,Neutral,16,400,0.1930379746835443,316,1.4620253164556962
multinomial,Neutral,16,600,0.07262569832402235,179,1.2849162011173185
multinomial,Neutral,16,800,0.09090909090909091,110,1.2727272727272727
multinomial,Neutral,17,25,0.8781929088829584,5246,4.208921082729699
multinomial,Neutral,17,50,0.8198529411764706,2992,3.141711229946524
multinomial,Neutral,17,75,0.782904322486644,2059,2.6799417192812043
multinomial,Neutral,17,100,0.7217665615141956,1585,2.3936908517350157
multinomial,Neutral,17,150,0.6247619047619047,1050,2.059047619047619
multinomial,Neutral,17,200,0.5266666666666666,750,1.8186666666666667
multinomial,Neutral,17,300,0.373469387755102,490,1.5959183673469388
multinomial,Neutral,17,400,0.19741100323624594,309,1.4757281553398058
multinomial,Neutral,17,600,0.07017543859649122,171,1.2982456140350878
multinomial,Neutral,17,800,0.09259259259259259,108,1.2777777777777777
multinomial,Neutral,18,25,0.8773602899103566,5243,4.20637039862674
multinomial,Neutral,18,50,0.8221476510067114,2980,3.155704697986577
multinomial,Neutral,18,75,0.783068783068783,2079,2.6618566618566617
multinomial,Neutral,18,100,0.7291799109980928,1573,2.392879847425302
multinomial,Neutral,18,150,0.6253547776726585,1057,2.0397350993377485
multinomial,Neutral,18,200,0.528476821192053,755,1.8066225165562915
multinomial,Neutral,18,300,0.37184873949579833,476,1.6008403361344539
multinomial,Neutral,18,400,0.20754716981132076,318,1.490566037735849
multinomial,Neutral,18,600,0.062146892655367235,177,1.265536723163842
multinomial,Neutral,18,800,0.08108108108108109,111,1.2612612612612613
multinomial,Neutral,19,25,0.8789614356624665,5238,4.231004200076365
multinomial,Neutral,19,50,0.8318197107299025,2973,3.1611167171207533
multinomial,Neutral,19,75,0.7660395561987458,2073,2.675349734684033
multinomial,Neutral,19,100,0.7132216014897579,1611,2.368715083798883
multinomial,Neutral,19,150,0.6041470311027333,1061,2.0490103675777567
multinomial,Neutral,19,200,0.5394912985274432,747,1.8313253012048192
multinomial,Neutral,19,300,0.34237995824634654,479,1.5615866388308977
multinomial,Neutral,19,400,0.16049382716049382,324,1.4567901234567902
multinomial,Neutral,19,600,0.07386363636363637,176,1.2840909090909092
multinomial,Neutral,19,800,0.08571428571428572,105,1.276190476190476
multinomial,Neutral,20,25,0.8755027772457383,5221,4.231756368511779
multinomial,Neutral,20,50,0.8292112299465241,2992,3.156417112299465
multinomial,Neutral,20,75,0.7872340425531915,2068,2.6847195357833655
multinomial,Neutral,20,100,0.7256135934550031,1589,2.4027690371302706
multinomial,Neutral,20,150,0.6258373205741626,1045,2.045933014354067
multinomial,Neutral,20,200,0.5296442687747036,759,1.7997364953886692
multinomial,Neutral,20,300,0.37447698744769875,478,1.5732217573221758
multinomial,Neutral,20,400,0.18012422360248448,322,1.4472049689440993
multinomial,Neutral,20,600,0.1206896551724138,174,1.2988505747126438
multinomial,Neutral,20,800,0.09259259259259259,108,1.2777777777777777
multinomial,Neutral,21,25,0.8815084226646248,5224,4.2450229709035225
multinomial,Neutral,21,50,0.8318104906937395,2955,3.1742808798646363
multinomial,Neutral,21,75,0.782144590004852,2061,2.6889859291606015
multinomial,Neutral,21,100,0.7152690863579474,1598,2.3754693366708386
multinomial,Neutral,21,150,0.5974903474903475,1036,2.034749034749035
multinomial,Neutral,21,200,0.5426356589147286,774,1.8191214470284238
multinomial,Neutral,21,300,0.3728813559322034,472,1.5932203389830508
multinomial,Neutral,21,400,0.18849840255591055,313,1.463258785942492
multinomial,Neutral,21,600,0.12359550561797752,178,1.2921348314606742
multinomial,Neutral,21,800,0.09259259259259259,108,1.2777777777777777
multinomial,Neutral,22,25,0.8789784638841243,5247,4.198970840480275
multinomial,Neutral,22,50,0.8278523489932886,2980,3.1429530201342284
multinomial,Neutral,22,75,0.7775609756097561,2050,2.695609756097561
multinomial,Neutral,22,100,0.7305276381909548,1592,2.398241206030151
multinomial,Neutral,22,150,0.6102021174205967,1039,2.055822906641001
multinomial,Neutral,22,200,0.5352862849533955,751,1.8268974700399467
multinomial,Neutral,22,300,0.36134453781512604,476,1.584033613445378
multinomial,Neutral,22,400,0.1910828025477707,314,1.4522292993630572
multinomial,Neutral,22,600,0.11695906432748537,171,1.286549707602339
multinomial,Neutral,22,800,0.08256880733944955,109,1.2660550458715596
multinomial,Neutral,23,25,0.8809980806142035,5210,4.247216890595009
multinomial,Neutral,23,50,0.8226186469202289,2971,3.1787277011107373
multinomial,Neutral,23,75,0.7838099854580708,2063,2.7193407658749393
multinomial,Neutral,23,100,0.720754716981132,1590,2.358490566037736
multinomial,Neutral,23,150,0.5996150144369586,1039,2.0365736284889318
multinomial,Neutral,23,200,0.5413929040735874,761,1.8160315374507228
multinomial,Neutral,23,300,0.3879668049792531,482,1.5892116182572613
multinomial,Neutral,23,400,0.2070063694267516,314,1.4585987261146496
multinomial,Neutral,23,600,0.06395348837209303,172,1.2790697674418605
multinomial,Neutral,23,800,0.08256880733944955,109,1.2660550458715596
multinomial,Neutral,24,25,0.8814700788916683,5197,4.243217240715798
multinomial,Neutral,24,50,0.8268970189701897,2952,3.19579945799458
multinomial,Neutral,24,75,0.7875422501207147,2071,2.6962819893771126
multinomial,Neutral,24,100,0.7322784810126582,1580,2.410126582278481
multinomial,Neutral,24,150,0.6160458452722063,1047,2.0458452722063036
multinomial,Neutral,24,200,0.5383597883597884,756,1.806878306878307
multinomial,Neutral,24,300,0.359504132231405,484,1.5702479338842976
multinomial,Neutral,24,400,0.1892744479495268,317,1.4637223974763407
multinomial,Neutral,24,600,0.12571428571428572,175,1.28
multinomial,Neutral,24,800,0.09174311926605505,109,1.2660550458715596
multinomial,Pre-transition,0,25,0.8870910384068279,5624,4.391891891891892
multinomial,Pre-transition,0,50,0.8252121974221943,3181,3.224772084250236
multinomial,Pre-transition,0,75,0.7960088691796009,2255,2.7662971175166295
multinomial,Pre-transition,0,100,0.735672514619883,1710,2.433918128654971
multinomial,Pre-transition,0,150,0.624777183600713,1122,2.1016042780748663
multinomial,Pre-transition,0,200,0.5712545676004872,821,1.902557856272838
multinomial,Pre-transition,0,300,0.41735537190082644,484,1.6611570247933884
multinomial,Pre-transition,0,400,0.30383480825958703,339,1.4985250737463127
multinomial,Pre-transition,0,600,0.17525773195876287,194,1.3505154639175259
multinomial,Pre-transition,0,800,0.1794871794871795,117,1.3333333333333333
multinomial,Pre-transition,1,25,0.8883944464222143,5618,4.390530437878248
multinomial,Pre-transition,1,50,0.819496855345912,3180,3.250943396226415
multinomial,Pre-transition,1,75,0.7725437415881561,2229,2.7420367877972183
multinomial,Pre-transition,1,100,0.7418974661166765,1697,2.45020624631703
multinomial,Pre-transition,1,150,0.6272241992882562,1124,2.080071174377224
multinomial,Pre-transition,1,200,0.56590084643289,827,1.8863361547762998
multinomial,Pre-transition,1,300,0.38755020080321284,498,1.642570281124498
multinomial,Pre-transition,1,400,0.32335329341317365,334,1.5089820359281436
multinomial,Pre-transition,1,600,0.15873015873015872,189,1.3544973544973544
multinomial,Pre-transition,1,800,0.1504424778761062,113,1.3628318584070795
multinomial,Pre-transition,2,25,0.8897189612237638,5622,4.379580220562078
multinomial,Pre-transition,2,50,0.8305084745762712,3186,3.248587570621469
multinomial,Pre-transition,2,75,0.7842268498006203,2257,2.7425786442179887
multinomial,Pre-transition,2,100,0.7513227513227513,1701,2.451499118165785
multinomial,Pre-transition,2,150,0.6223214285714286,1120,2.0821428571428573
multinomial,Pre-transition,2,200,0.5640394088669951,812,1.874384236453202
multinomial,Pre-transition,2,300,0.3855421686746988,498,1.6586345381526104
multinomial,Pre-transition,2,400,0.32098765432098764,324,1.5
multinomial,Pre-transition,2,600,0.17616580310880828,193,1.3575129533678756
multinomial,Pre-transition,2,800,0.1623931623931624,117,1.3333333333333333
multinomial,Pre-transition,3,25,0.8914701188153928,5639,4.391204114204646
multinomial,Pre-transition,3,50,0.8325949367088608,3160,3.2443037974683544
multinomial,Pre-transition,3,75,0.7807606263982103,2235,2.7507829977628635
multinomial,Pre-transition,3,100,0.7425394967817437,1709,2.4505558806319483
multinomial,Pre-transition,3,150,0.6313446126447017,1123,2.1050756901157612
multinomial,Pre-transition,3,200,0.5630252100840336,833,1.887154861944778
multinomial,Pre-transition,3,300,0.40365111561866124,493,1.6632860040567952
multinomial,Pre-transition,3,400,0.31402439024390244,328,1.5
multinomial,Pre-transition,3,600,0.17277486910994763,191,1.350785340314136
multinomial,Pre-transition,3,800,0.17796610169491525,118,1.3728813559322033
multinomial,Pre-transition,4,25,0.8896822563370225,5602,4.3945019635844345
multinomial,Pre-transition,4,50,0.8212149826880705,3177,3.2250550834120237
multinomial,Pre-transition,4,75,0.7971274685816876,2228,2.755834829443447
multinomial,Pre-transition,4,100,0.7410661980082015,1707,2.447568834212068
multinomial,Pre-transition,4,150,0.6261261261261262,1110,2.099099099099099
multinomial,Pre-transition,4,200,0.5515587529976019,834,1.880095923261391
multinomial,Pre-transition,4,300,0.42915811088295686,487,1.6550308008213552
multinomial,Pre-transition,4,400,0.30177514792899407,338,1.4792899408284024
multinomial,Pre-transition,4,600,0.17989417989417988,189,1.3544973544973544
multinomial,Pre-transition,4,800,0.16666666666666666,114,1.3508771929824561
multinomial,Pre-transition,5,25,0.8846634529548295,5601,4.400285663274415
multinomial,Pre-transition,5,50,0.8292989625903804,3181,3.2486639421565546
multinomial,Pre-transition,5,75,0.7826282628262826,2222,2.73987398739874
multinomial,Pre-transition,5,100,0.7357604227833235,1703,2.4509688784497943
multinomial,Pre-transition,5,150,0.6190476190476191,1134,2.0899470899470898
multinomial,Pre-transition,5,200,0.553939393939394,825,1.878787878787879
multinomial,Pre-transition,5,300,0.42213114754098363,488,1.6721311475409837
multinomial,Pre-transition,5,400,0.32432432432432434,333,1.4894894894894894
multinomial,Pre-transition,5,600,0.18518518518518517,189,1.3650793650793651
multinomial,Pre-transition,5,800,0.13043478260869565,115,1.3391304347826087
multinomial,Pre-transition,6,25,0.8903890566708119,5629,4.378042281044591
multinomial,Pre-transition,6,50,0.8202317569683683,3193,3.2264328217976823
multinomial,Pre-transition,6,75,0.7873665480427047,2248,2.741103202846975
multinomial,Pre-transition,6,100,0.7535211267605634,1704,2.4401408450704225
multinomial,Pre-transition,6,150,0.6308243727598566,1116,2.1021505376344085
multinomial,Pre-transition,6,200,0.5551515151515152,825,1.8933333333333333
multinomial,Pre-transition,6,300,0.3987730061349693,489,1.6482617586912065
multinomial,Pre-transition,6,400,0.31384615384615383,325,1.5076923076923077
multinomial,Pre-transition,6,600,0.18134715025906736,193,1.3678756476683938
multinomial,Pre-transition,6,800,0.13821138211382114,123,1.3170731707317074
multinomial,Pre-transition,7,25,0.8874089859705203,5631,4.367963061623158
multinomial,Pre-transition,7,50,0.826332288401254,3190,3.232601880877743
multinomial,Pre-transition,7,75,0.785105428443248,2229,2.7680574248541947
multinomial,Pre-transition,7,100,0.7476689976689976,1716,2.4347319347319347
multinomial,Pre-transition,7,150,0.6374321880650995,1106,2.095840867992767
multinomial,Pre-transition,7,200,0.5710814094775213,823,1.890643985419198
multinomial,Pre-transition,7,300,0.38636363636363635,484,1.6487603305785123
multinomial,Pre-transition,7,400,0.3201219512195122,328,1.5060975609756098
multinomial,Pre-transition,7,600,0.17801047120418848,191,1.350785340314136
multinomial,Pre-transition,7,800,0.1652892561983471,121,1.3553719008264462
multinomial,Pre-transition,8,25,0.885826071492086,5623,4.400497954828383
multinomial,Pre-transition,8,50,0.8220973782771536,3204,3.2340823970037453
multinomial,Pre-transition,8,75,0.7860026917900403,2229,2.7492148945715567
multinomial,Pre-transition,8,100,0.7534084173088322,1687,2.4647302904564317
multinomial,Pre-transition,8,150,0.6268248175182481,1096,2.104014598540146
multinomial,Pre-transition,8,200,0.5646916565900847,827,1.8742442563482467
multinomial,Pre-transition,8,300,0.41295546558704455,494,1.6477732793522266
multinomial,Pre-transition,8,400,0.308868501529052,327,1.510703363914373
multinomial,Pre-transition,8,600,0.18085106382978725,188,1.3617021276595744
multinomial,Pre-transition,8,800,0.12605042016806722,119,1.2941176470588236
multinomial,Pre-transition,9,25,0.8895814781834372,5615,4.392876224398932
multinomial,Pre-transition,9,50,0.8290516967967015,3153,3.255312400888043
multinomial,Pre-transition,9,75,0.79181654676259,2224,2.7661870503597124
multinomial,Pre-transition,9,100,0.7466116676487919,1697,2.4537418974661165
multinomial,Pre-transition,9,150,0.6321942446043165,1112,2.1133093525179856
multinomial,Pre-transition,9,200,0.5578313253012048,830,1.8795180722891567
multinomial,Pre-transition,9,300,0.4309623430962343,478,1.6736401673640167
multinomial,Pre-transition,9,400,0.3323529411764706,340,1.511764705882353
multinomial,Pre-transition,9,600,0.18134715025906736,193,1.3575129533678756
multinomial,Pre-transition,9,800,0.10256410256410256,117,1.2991452991452992
multinomial,Pre-transition,10,25,0.8846632308512529,5627,4.377110360760619
multinomial,Pre-transition,10,50,0.8364382696558257,3167,3.2592358699084305
multinomial,Pre-transition,10,75,0.784366576819407,2226,2.7493261455525606
multinomial,Pre-transition,10,100,0.7497048406139315,1694,2.4427390791027155
multinomial,Pre-transition,10,150,0.6274685816876122,1114,2.0825852782764813
multinomial,Pre-transition,10,200,0.5703971119133574,831,1.8941034897713598
multinomial,Pre-transition,10,300,0.38589211618257263,482,1.6597510373443984
multinomial,Pre-transition,10,400,0.3191489361702128,329,1.5015197568389058
multinomial,Pre-transition,10,600,0.17708333333333334,192,1.3541666666666667
multinomial,Pre-transition,10,800,0.1282051282051282,117,1.3162393162393162
multinomial,Pre-transition,11,25,0.885390873717722,5654,4.352670675627874
multinomial,Pre-transition,11,50,0.8160703075957313,3186,3.2328939108600125
multinomial,Pre-transition,11,75,0.7877145438121048,2214,2.7579042457091236
multinomial,Pre-transition,11,100,0.7527568195008706,1723,2.441091120139292
multinomial,Pre-transition,11,150,0.6337522441651705,1114,2.111310592459605
multinomial,Pre-transition,11,200,0.5684848484848485,825,1.8763636363636365
multinomial,Pre-transition,11,300,0.4144329896907217,485,1.6701030927835052
multinomial,Pre-transition,11,400,0.3181818181818182,330,1.496969696969697
multinomial,Pre-transition,11,600,0.18134715025906736,193,1.3575129533678756
multinomial,Pre-transition,11,800,0.1111111111111111,117,1.2991452991452992
multinomial,Pre-transition,12,25,0.8900514275580776,5639,4.372761127859549
multinomial,Pre-transition,12,50,0.8218964441671865,3206,3.221459762944479
multinomial,Pre-transition,12,75,0.7808340727595386,2254,2.7373558118899735
multinomial,Pre-transition,12,100,0.7534965034965035,1716,2.476689976689977
multinomial,Pre-transition,12,150,0.6192170818505338,1124,2.090747330960854
multinomial,Pre-transition,12,200,0.5651644336175395,821,1.8684531059683314
multinomial,Pre-transition,12,300,0.39139344262295084,488,1.6434426229508197
multinomial,Pre-transition,12,400,0.3231707317073171,328,1.4939024390243902
multinomial,Pre-transition,12,600,0.1827956989247312,186,1.3655913978494623
multinomial,Pre-transition,12,800,0.09917355371900827,121,1.3057851239669422
multinomial,Pre-transition,13,25,0.8901918976545842,5628,4.364960909737029
multinomial,Pre-transition,13,50,0.8304924242424242,3168,3.2563131313131315
multinomial,Pre-transition,13,75,0.7834080717488789,2230,2.7399103139013454
multinomial,Pre-transition,13,100,0.7440093512565751,1711,2.444184687317358
multinomial,Pre-transition,13,150,0.6223404255319149,1128,2.0797872340425534
multinomial,Pre-transition,13,200,0.5414634146341464,820,1.8878048780487804
multinomial,Pre-transition,13,300,0.4195519348268839,491,1.670061099796334
multinomial,Pre-transition,13,400,0.3128834355828221,326,1.4969325153374233
multinomial,Pre-transition,13,600,0.17989417989417988,189,1.3544973544973544
multinomial,Pre-transition,13,800,0.17543859649122806,114,1.368421052631579
multinomial,Pre-transition,14,25,0.8838365896980461,5630,4.398579040852575
multinomial,Pre-transition,14,50,0.8262910798122066,3195,3.235054773082942
multinomial,Pre-transition,14,75,0.7809991079393399,2242,2.7493309545049063
multinomial,Pre-transition,14,100,0.7453161592505855,1708,2.446135831381733
multinomial,Pre-transition,14,150,0.6190476190476191,1113,2.0754716981132075
multinomial,Pre-transition,14,200,0.5719512195121951,820,1.8804878048780487
multinomial,Pre-transition,14,300,0.44285714285714284,490,1.6734693877551021
multinomial,Pre-transition,14,400,0.3086053412462908,337,1.4955489614243322
multinomial,Pre-transition,14,600,0.18324607329842932,191,1.361256544502618
multinomial,Pre-transition,14,800,0.12931034482758622,116,1.3275862068965518
multinomial,Pre-transition,15,25,0.8898125221082419,5654,4.374602051644853
multinomial,Pre-transition,15,50,0.8229949874686717,3192,3.238721804511278
multinomial,Pre-transition,15,75,0.7870246085011185,2235,2.748993288590604
multinomial,Pre-transition,15,100,0.7520808561236623,1682,2.4756242568370985
multinomial,Pre-transition,15,150,0.6146953405017921,1116,2.0770609318996414
multinomial,Pre-transition,15,200,0.5613608748481167,823,1.890643985419198
multinomial,Pre-transition,15,300,0.42886178861788615,492,1.6626016260162602
multinomial,Pre-transition,15,400,0.3281733746130031,323,1.498452012383901
multinomial,Pre-transition,15,600,0.17616580310880828,193,1.3575129533678756
multinomial,Pre-transition,15,800,0.15833333333333333,120,1.3333333333333333
multinomial,Pre-transition,16,25,0.8935111111111111,5625,4.381511111111111
multinomial,Pre-transition,16,50,0.8312421580928482,3188,3.2440401505646173
multinomial,Pre-transition,16,75,0.7815425769059295,2243,2.7498885421310746
multinomial,Pre-transition,16,100,0.7464622641509434,1696,2.4658018867924527
multinomial,Pre-transition,16,150,0.6236654804270463,1124,2.0943060498220643
multinomial,Pre-transition,16,200,0.5631188118811881,808,1.8886138613861385
multinomial,Pre-transition,16,300,0.40993788819875776,483,1.6728778467908902
multinomial,Pre-transition,16,400,0.32326283987915405,331,1.5166163141993958
multinomial,Pre-transition,16,600,0.17989417989417988,189,1.3544973544973544
multinomial,Pre-transition,16,800,0.13157894736842105,114,1.3157894736842106
multinomial,Pre-transition,17,25,0.8896392393815532,5627,4.377110360760619
multinomial,Pre-transition,17,50,0.8248267170762444,3174,3.242596093257719
multinomial,Pre-transition,17,75,0.7827648114901257,2228,2.7522441651705565
multinomial,Pre-transition,17,100,0.7391812865497076,1710,2.442105263157895
multinomial,Pre-transition,17,150,0.6359570661896243,1118,2.098389982110912
multinomial,Pre-transition,17,200,0.5674362089914945,823,1.888213851761847
multinomial,Pre-transition,17,300,0.411522633744856,486,1.654320987654321
multinomial,Pre-transition,17,400,0.3169230769230769,325,1.5015384615384615
multinomial,Pre-transition,17,600,0.17989417989417988,189,1.3544973544973544
multinomial,Pre-transition,17,800,0.14782608695652175,115,1.3217391304347825
multinomial,Pre-transition,18,25,0.889186295503212,5604,4.407566024268379
multinomial,Pre-transition,18,50,0.8142230576441103,3192,3.2406015037593985
multinomial,Pre-transition,18,75,0.7910514541387025,2235,2.7507829977628635
multinomial,Pre-transition,18,100,0.7430432208407342,1689,2.4641799881586737
multinomial,Pre-transition,18,150,0.6271186440677966,1121,2.0838537020517394
multinomial,Pre-transition,18,200,0.5644768856447688,822,1.8880778588807785
multinomial,Pre-transition,18,300,0.4,490,1.6734693877551021
multinomial,Pre-transition,18,400,0.31402439024390244,328,1.4939024390243902
multinomial,Pre-transition,18,600,0.17708333333333334,192,1.3541666666666667
multinomial,Pre-transition,18,800,0.1271186440677966,118,1.3220338983050848
multinomial,Pre-transition,19,25,0.88802543270929,5662,4.362062875309078
multinomial,Pre-transition,19,50,0.8303765950824774,3213,3.2474323062558357
multinomial,Pre-transition,19,75,0.7804220925011226,2227,2.7444993264481363
multinomial,Pre-transition,19,100,0.7556480380499405,1682,2.463733650416171
multinomial,Pre-transition,19,150,0.6296625222024866,1126,2.0870337477797514
multinomial,Pre-transition,19,200,0.5602923264311814,821,1.8781973203410476
multinomial,Pre-transition,19,300,0.42887029288702927,478,1.6903765690376569
multinomial,Pre-transition,19,400,0.3282674772036474,329,1.5075987841945289
multinomial,Pre-transition,19,600,0.15544041450777202,193,1.3471502590673574
multinomial,Pre-transition,19,800,0.10833333333333334,120,1.3166666666666667
multinomial,Pre-transition,20,25,0.8950089126559715,5610,4.39572192513369
multinomial,Pre-transition,20,50,0.8316645807259074,3196,3.239674593241552
multinomial,Pre-transition,20,75,0.7748433303491495,2234,2.735899731423456
multinomial,Pre-transition,20,100,0.7609727164887308,1686,2.472123368920522
multinomial,Pre-transition,20,150,0.6284941388638413,1109,2.0937781785392247
multinomial,Pre-transition,20,200,0.5570388349514563,824,1.8883495145631068
multinomial,Pre-transition,20,300,0.44238683127572015,486,1.6707818930041152
multinomial,Pre-transition,20,400,0.3303030303030303,330,1.509090909090909
multinomial,Pre-transition,20,600,0.17525773195876287,194,1.3711340206185567
multinomial,Pre-transition,20,800,0.11016949152542373,118,1.305084745762712
multinomial,Pre-transition,21,25,0.8889283810200818,5627,4.364314910254132
multinomial,Pre-transition,21,50,0.8284910965323337,3201,3.2389878163074037
multinomial,Pre-transition,21,75,0.7737355811889973,2254,2.7346938775510203
multinomial,Pre-transition,21,100,0.7494103773584906,1696,2.436320754716981
multinomial,Pre-transition,21,150,0.6245519713261649,1116,2.0806451612903225
multinomial,Pre-transition,21,200,0.5660146699266504,818,1.8899755501222495
multinomial,Pre-transition,21,300,0.41631799163179917,478,1.6736401673640167
multinomial,Pre-transition,21,400,0.3143712574850299,334,1.4850299401197604
multinomial,Pre-transition,21,600,0.17525773195876287,194,1.3505154639175259
multinomial,Pre-transition,21,800,0.16964285714285715,112,1.375
multinomial,Pre-transition,22,25,0.8912424350302599,5618,4.3951584193663225
multinomial,Pre-transition,22,50,0.8255451713395638,3210,3.223676012461059
multinomial,Pre-transition,22,75,0.7923423423423424,2220,2.7594594594594595
multinomial,Pre-transition,22,100,0.7450175849941383,1706,2.4560375146541618
multinomial,Pre-transition,22,150,0.6223214285714286,1120,2.067857142857143
multinomial,Pre-transition,22,200,0.5679314565483476,817,1.8971848225214198
multinomial,Pre-transition,22,300,0.39191919191919194,495,1.6646464646464647
multinomial,Pre-transition,22,400,0.3281733746130031,323,1.5294117647058822
multinomial,Pre-transition,22,600,0.17708333333333334,192,1.3541666666666667
multinomial,Pre-transition,22,800,0.14655172413793102,116,1.3103448275862069
multinomial,Pre-transition,23,25,0.8848549563979355,5619,4.390460936109628
multinomial,Pre-transition,23,50,0.8313329121920404,3166,3.2362602653190145
multinomial,Pre-transition,23,75,0.7822182308037718,2227,2.758868432869331
multinomial,Pre-transition,23,100,0.7505827505827506,1716,2.438228438228438
multinomial,Pre-transition,23,150,0.6289752650176679,1132,2.091872791519435
multinomial,Pre-transition,23,200,0.5724550898203593,835,1.8778443113772456
multinomial,Pre-transition,23,300,0.3888888888888889,486,1.662551440329218
multinomial,Pre-transition,23,400,0.3185840707964602,339,1.5044247787610618
multinomial,Pre-transition,23,600,0.17894736842105263,190,1.3578947368421053
multinomial,Pre-transition,23,800,0.16379310344827586,116,1.3448275862068966
multinomial,Pre-transition,24,25,0.8936930498481329,5597,4.400929069144184
multinomial,Pre-transition,24,50,0.82875,3200,3.25
multinomial,Pre-transition,24,75,0.7873201438848921,2224,2.7508992805755397
multinomial,Pre-transition,24,100,0.750445632798574,1683,2.4682115270350566
multinomial,Pre-transition,24,150,0.6290322580645161,1116,2.087813620071685
multinomial,Pre-transition,24,200,0.5628815628815629,819,1.877899877899878
multinomial,Pre-transition,24,300,0.4048582995951417,494,1.6437246963562753
multinomial,Pre-transition,24,400,0.3188854489164087,323,1.5108359133126934
multinomial,Pre-transition,24,600,0.17616580310880828,193,1.3678756476683938
multinomial,Pre-transition,24,800,0.1452991452991453,117,1.3333333333333333
multinomial,Post-transition,0,25,0.8989805375347544,5395,4.727340129749768
multinomial,Post-transition,0,50,0.8474792597319719,3134,3.4779834077855774
multinomial,Post-transition,0,75,0.7948028673835126,2232,2.9632616487455197
multinomial,Post-transition,0,100,0.7578706353749285,1747,2.5907269605037206
multinomial,Post-transition,0,150,0.6968670618120237,1181,2.2133784928027094
multinomial,Post-transition,0,200,0.6502923976608187,855,2.0584795321637426
multinomial,Post-transition,0,300,0.5018796992481203,532,1.800751879699248
multinomial,Post-transition,0,400,0.42487046632124353,386,1.621761658031088
multinomial,Post-transition,0,600,0.12442396313364056,217,1.4193548387096775
multinomial,Post-transition,0,800,0.10625,160,1.2875
multinomial,Post-transition,1,25,0.9003724394785847,5370,4.780260707635009
multinomial,Post-transition,1,50,0.8472750316856781,3156,3.46958174904943
multinomial,Post-transition,1,75,0.7929652715939448,2246,2.967052537845058
multinomial,Post-transition,1,100,0.7522988505747127,1740,2.575862068965517
multinomial,Post-transition,1,150,0.6996644295302014,1192,2.2181208053691277
multinomial,Post-transition,1,200,0.672514619883041,855,2.0608187134502924
multinomial,Post-transition,1,300,0.5226415094339623,530,1.8113207547169812
multinomial,Post-transition,1,400,0.3944020356234097,393,1.5979643765903309
multinomial,Post-transition,1,600,0.16071428571428573,224,1.4285714285714286
multinomial,Post-transition,1,800,0.10126582278481013,158,1.3037974683544304
multinomial,Post-transition,2,25,0.9084821428571429,5376,4.752976190476191
multinomial,Post-transition,2,50,0.8457142857142858,3150,3.44
multinomial,Post-transition,2,75,0.792520035618878,2246,2.9412288512911844
multinomial,Post-transition,2,100,0.7610823258491652,1737,2.6010362694300517
multinomial,Post-transition,2,150,0.7058823529411765,1173,2.235294117647059
multinomial,Post-transition,2,200,0.657010428736964,863,2.062572421784473
multinomial,Post-transition,2,300,0.5018796992481203,532,1.781954887218045
multinomial,Post-transition,2,400,0.4015544041450777,386,1.5958549222797926
multinomial,Post-transition,2,600,0.11790393013100436,229,1.4148471615720524
multinomial,Post-transition,2,800,0.0949367088607595,158,1.2658227848101267
multinomial,Post-transition,3,25,0.9014006634721711,5426,4.728345005528935
multinomial,Post-transition,3,50,0.8487341772151898,3160,3.479113924050633
multinomial,Post-transition,3,75,0.7838795394154119,2258,2.9468556244464126
multinomial,Post-transition,3,100,0.7583237657864523,1742,2.606199770378875
multinomial,Post-transition,3,150,0.6866554054054054,1184,2.2179054054054053
multinomial,Post-transition,3,200,0.6615925058548009,854,2.0679156908665104
multinomial,Post-transition,3,300,0.5009310986964618,537,1.7802607076350092
multinomial,Post-transition,3,400,0.4205128205128205,390,1.6153846153846154
multinomial,Post-transition,3,600,0.1232876712328767,219,1.4337899543378996
multinomial,Post-transition,3,800,0.12179487179487179,156,1.294871794871795
multinomial,Post-transition,4,25,0.9014476614699332,5388,4.767260579064588
multinomial,Post-transition,4,50,0.8385053831538949,3158,3.4521849271690943
multinomial,Post-transition,4,75,0.7877842175657601,2243,2.9460543914400357
multinomial,Post-transition,4,100,0.7637203928365107,1731,2.603119584055459
multinomial,Post-transition,4,150,0.7045075125208681,1198,2.2120200333889817
multinomial,Post-transition,4,200,0.6479532163742691,855,2.037426900584795
multinomial,Post-transition,4,300,0.5190114068441065,526,1.8022813688212929
multinomial,Post-transition,4,400,0.39097744360902253,399,1.5889724310776943
multinomial,Post-transition,4,600,0.12444444444444444,225,1.4222222222222223
multinomial,Post-transition,4,800,0.10625,160,1.2875
multinomial,Post-transition,5,25,0.8966666666666666,5400,4.741481481481482
multinomial,Post-transition,5,50,0.8453706649697741,3143,3.4648425071587656
multinomial,Post-transition,5,75,0.7909579230080573,2234,2.9507609668755594
multinomial,Post-transition,5,100,0.7581018518518519,1728,2.5891203703703702
multinomial,Post-transition,5,150,0.6895674300254453,1179,2.2324003392705682
multinomial,Post-transition,5,200,0.6570438799076213,866,2.043879907621247
multinomial,Post-transition,5,300,0.5206766917293233,532,1.7969924812030076
multinomial,Post-transition,5,400,0.3925,400,1.59
multinomial,Post-transition,5,600,0.1552511415525114,219,1.4429223744292237
multinomial,Post-transition,5,800,0.10365853658536585,164,1.3048780487804879
multinomial,Post-transition,6,25,0.8994115483633689,5438,4.697682971680765
multinomial,Post-transition,6,50,0.8378807106598984,3152,3.4524111675126905
multinomial,Post-transition,6,75,0.7971274685816876,2228,2.956912028725314
multinomial,Post-transition,6,100,0.7538549400342661,1751,2.5802398629354655
multinomial,Post-transition,6,150,0.694585448392555,1182,2.238578680203046
multinomial,Post-transition,6,200,0.6577415599534342,859,2.0745052386495924
multinomial,Post-transition,6,300,0.5216572504708098,531,1.7890772128060264
multinomial,Post-transition,6,400,0.43073047858942065,397,1.6070528967254407
multinomial,Post-transition,6,600,0.1583710407239819,221,1.4389140271493213
multinomial,Post-transition,6,800,0.11949685534591195,159,1.3081761006289307
multinomial,Post-transition,7,25,0.9059278350515464,5432,4.735272459499264
multinomial,Post-transition,7,50,0.8550031867431485,3138,3.478011472275335
multinomial,Post-transition,7,75,0.7931494661921709,2248,2.9466192170818504
multinomial,Post-transition,7,100,0.7550200803212851,1743,2.570281124497992
multinomial,Post-transition,7,150,0.6927659574468085,1175,2.2314893617021276
multinomial,Post-transition,7,200,0.6542491268917345,859,2.0558789289871946
multinomial,Post-transition,7,300,0.5245283018867924,530,1.7962264150943397
multinomial,Post-transition,7,400,0.413265306122449,392,1.6122448979591837
multinomial,Post-transition,7,600,0.12844036697247707,218,1.4495412844036697
multinomial,Post-transition,7,800,0.0875,160,1.275
multinomial,Post-transition,8,25,0.8991875923190547,5416,4.730059084194978
multinomial,Post-transition,8,50,0.8451285306251983,3151,3.456045699777848
multinomial,Post-transition,8,75,0.793468667255075,2266,2.918799646954987
multinomial,Post-transition,8,100,0.7513013302486987,1729,2.5725853094274145
multinomial,Post-transition,8,150,0.6903553299492385,1182,2.241962774957699
multinomial,Post-transition,8,200,0.6651108518086347,857,2.074679113185531
multinomial,Post-transition,8,300,0.5156537753222836,543,1.7937384898710866
multinomial,Post-transition,8,400,0.4139650872817955,401,1.6059850374064837
multinomial,Post-transition,8,600,0.12556053811659193,223,1.4439461883408071
multinomial,Post-transition,8,800,0.10625,160,1.275
multinomial,Post-transition,9,25,0.8994104642593957,5428,4.739130434782608
multinomial,Post-transition,9,50,0.8434343434343434,3168,3.44760101010101
multinomial,Post-transition,9,75,0.7917967008470798,2243,2.938029424877396
multinomial,Post-transition,9,100,0.7551487414187643,1748,2.5720823798627004
multinomial,Post-transition,9,150,0.6933333333333334,1200,2.225
multinomial,Post-transition,9,200,0.67018779342723,852,2.072769953051643
multinomial,Post-transition,9,300,0.5380228136882129,526,1.8212927756653992
multinomial,Post-transition,9,400,0.4219948849104859,391,1.6214833759590792
multinomial,Post-transition,9,600,0.16371681415929204,226,1.4513274336283186
multinomial,Post-transition,9,800,0.10126582278481013,158,1.2784810126582278
multinomial,Post-transition,10,25,0.8971102521627093,5433,4.726302227130499
multinomial,Post-transition,10,50,0.8523382447149264,3122,3.4964766175528506
multinomial,Post-transition,10,75,0.7893797411869701,2241,2.957608210620259
multinomial,Post-transition,10,100,0.7558874210224009,1741,2.5858701895462377
multinomial,Post-transition,10,150,0.6941176470588235,1190,2.2285714285714286
multinomial,Post-transition,10,200,0.6565420560747663,856,2.0630841121495327
multinomial,Post-transition,10,300,0.5206766917293233,532,1.8082706766917294
multinomial,Post-transition,10,400,0.4020356234096692,393,1.5877862595419847
multinomial,Post-transition,10,600,0.12,225,1.44
multinomial,Post-transition,10,800,0.09316770186335403,161,1.2919254658385093
multinomial,Post-transition,11,25,0.9060701689251903,5387,4.761462780768516
multinomial,Post-transition,11,50,0.8469096671949287,3155,3.4763866877971474
multinomial,Post-transition,11,75,0.7899910634495085,2238,2.9633601429848078
multinomial,Post-transition,11,100,0.766398158803222,1738,2.5972382048331415
multinomial,Post-transition,11,150,0.7118786857624263,1187,2.232518955349621
multinomial,Post-transition,11,200,0.6720741599073001,863,2.0648899188876015
multinomial,Post-transition,11,300,0.5314814814814814,540,1.8037037037037038
multinomial,Post-transition,11,400,0.4213197969543147,394,1.6091370558375635
multinomial,Post-transition,11,600,0.16289592760180996,221,1.4479638009049773
multinomial,Post-transition,11,800,0.10625,160,1.3125
multinomial,Post-transition,12,25,0.9012276785714286,5376,4.736235119047619
multinomial,Post-transition,12,50,0.8424261874197689,3116,3.469191270860077
multinomial,Post-transition,12,75,0.7908322207387628,2247,2.953271028037383
multinomial,Post-transition,12,100,0.7712305025996534,1731,2.5973425765453495
multinomial,Post-transition,12,150,0.7045454545454546,1188,2.2356902356902357
multinomial,Post-transition,12,200,0.6585081585081585,858,2.0652680652680653
multinomial,Post-transition,12,300,0.5065666041275797,533,1.7936210131332082
multinomial,Post-transition,12,400,0.40302267002518893,397,1.6171284634760705
multinomial,Post-transition,12,600,0.16589861751152074,217,1.4470046082949308
multinomial,Post-transition,12,800,0.10493827160493827,162,1.2839506172839505
multinomial,Post-transition,13,25,0.9030414746543779,5425,4.72405529953917
multinomial,Post-transition,13,50,0.8522800256904303,3114,3.4906872190109186
multinomial,Post-transition,13,75,0.7951914514692787,2246,2.9367764915405163
multinomial,Post-transition,13,100,0.7497155858930603,1758,2.5676905574516495
multinomial,Post-transition,13,150,0.7068239258635215,1187,2.25273799494524
multinomial,Post-transition,13,200,0.6533490011750881,851,2.063454759106933
multinomial,Post-transition,13,300,0.502803738317757,535,1.7719626168224298
multinomial,Post-transition,13,400,0.3954659949622166,397,1.5919395465994963
multinomial,Post-transition,13,600,0.14732142857142858,224,1.4196428571428572
multinomial,Post-transition,13,800,0.08917197452229299,157,1.286624203821656
multinomial,Post-transition,14,25,0.9018777614138439,5432,4.724963181148748
multinomial,Post-transition,14,50,0.8439490445859873,3140,3.465605095541401
multinomial,Post-transition,14,75,0.7907390917186109,2246,2.9305431878895813
multinomial,Post-transition,14,100,0.7583237657864523,1742,2.577497129735936
multinomial,Post-transition,14,150,0.6850459482038429,1197,2.2506265664160403
multinomial,Post-transition,14,200,0.6558139534883721,860,2.041860465116279
multinomial,Post-transition,14,300,0.5328330206378987,533,1.801125703564728
multinomial,Post-transition,14,400,0.26854219948849106,391,1.5959079283887467
multinomial,Post-transition,14,600,0.125,224,1.4464285714285714
multinomial,Post-transition,14,800,0.10759493670886076,158,1.3037974683544304
multinomial,Post-transition,15,25,0.9044362292051756,5410,4.719038817005545
multinomial,Post-transition,15,50,0.8481457800511509,3128,3.4750639386189257
multinomial,Post-transition,15,75,0.7829596412556054,2230,2.926457399103139
multinomial,Post-transition,15,100,0.7456846950517837,1738,2.568469505178366
multinomial,Post-transition,15,150,0.7036409822184589,1181,2.2387806943268416
multinomial,Post-transition,15,200,0.6469221835075494,861,2.0441347270615564
multinomial,Post-transition,15,300,0.5120593692022264,539,1.784786641929499
multinomial,Post-transition,15,400,0.39285714285714285,392,1.596938775510204
multinomial,Post-transition,15,600,0.1590909090909091,220,1.4272727272727272
multinomial,Post-transition,15,800,0.09090909090909091,154,1.2727272727272727
multinomial,Post-transition,16,25,0.9033628972653363,5412,4.765336289726534
multinomial,Post-transition,16,50,0.8380952380952381,3150,3.4673015873015873
multinomial,Post-transition,16,75,0.7934105075690115,2246,2.9430097951914513
multinomial,Post-transition,16,100,0.7568807339449541,1744,2.5986238532110093
multinomial,Post-transition,16,150,0.7025,1200,2.235
multinomial,Post-transition,16,200,0.6600467289719626,856,2.0654205607476634
multinomial,Post-transition,16,300,0.5123339658444023,527,1.8026565464895636
multinomial,Post-transition,16,400,0.3979848866498741,397,1.6070528967254407
multinomial,Post-transition,16,600,0.11842105263157894,228,1.4210526315789473
multinomial,Post-transition,16,800,0.10759493670886076,158,1.3037974683544304
multinomial,Post-transition,17,25,0.9041960638692907,5386,4.757890828072782
multinomial,Post-transition,17,50,0.8416852856686882,3133,3.4835620810724546
multinomial,Post-transition,17,75,0.7863514719000892,2242,2.9625334522747546
multinomial,Post-transition,17,100,0.7501432664756447,1745,2.571919770773639
multinomial,Post-transition,17,150,0.70042194092827,1185,2.2447257383966246
multinomial,Post-transition,17,200,0.6400937866354045,853,2.0539273153575617
multinomial,Post-transition,17,300,0.540952380952381,525,1.8133333333333332
multinomial,Post-transition,17,400,0.4274611398963731,386,1.6062176165803108
multinomial,Post-transition,17,600,0.1583710407239819,221,1.4298642533936652
multinomial,Post-transition,17,800,0.10429447852760736,163,1.2883435582822085
multinomial,Post-transition,18,25,0.9057717130739443,5423,4.758989489212613
multinomial,Post-transition,18,50,0.845933014354067,3135,3.4615629984051037
multinomial,Post-transition,18,75,0.7849124382577458,2227,2.9510552312528064
multinomial,Post-transition,18,100,0.7538200339558574,1767,2.590831918505942
multinomial,Post-transition,18,150,0.7079419299743809,1171,2.2408198121263876
multinomial,Post-transition,18,200,0.6474735605170387,851,2.054054054054054
multinomial,Post-transition,18,300,0.5245283018867924,530,1.788679245283019
multinomial,Post-transition,18,400,0.4120603015075377,398,1.6281407035175879
multinomial,Post-transition,18,600,0.16299559471365638,227,1.4625550660792952
multinomial,Post-transition,18,800,0.10828025477707007,157,1.2993630573248407
multinomial,Post-transition,19,25,0.9080950612699592,5386,4.758633494244338
multinomial,Post-transition,19,50,0.8482228626320846,3123,3.484470060838937
multinomial,Post-transition,19,75,0.7880386983289358,2274,2.9296394019349163
multinomial,Post-transition,19,100,0.752,1750,2.576
multinomial,Post-transition,19,150,0.6996587030716723,1172,2.2354948805460753
multinomial,Post-transition,19,200,0.6674418604651163,860,2.0697674418604652
multinomial,Post-transition,19,300,0.5131086142322098,534,1.8052434456928839
multinomial,Post-transition,19,400,0.3838383838383838,396,1.595959595959596
multinomial,Post-transition,19,600,0.1210762331838565,223,1.4260089686098654
multinomial,Post-transition,19,800,0.12101910828025478,157,1.3121019108280254
multinomial,Post-transition,20,25,0.8997050147492626,5424,4.734513274336283
multinomial,Post-transition,20,50,0.8378973874724583,3177,3.4573497009757634
multinomial,Post-transition,20,75,0.7793987621573828,2262,2.9239610963748897
multinomial,Post-transition,20,100,0.7434881087202718,1766,2.5685164212910534
multinomial,Post-transition,20,150,0.6890756302521008,1190,2.223529411764706
multinomial,Post-transition,20,200,0.667828106852497,861,2.067363530778165
multinomial,Post-transition,20,300,0.5205992509363296,534,1.8089887640449438
multinomial,Post-transition,20,400,0.43291139240506327,395,1.6050632911392404
multinomial,Post-transition,20,600,0.12558139534883722,215,1.413953488372093
multinomial,Post-transition,20,800,0.08974358974358974,156,1.2692307692307692
multinomial,Post-transition,21,25,0.9032735343073793,5407,4.734973182911041
multinomial,Post-transition,21,50,0.8458093410108766,3126,3.4785668586052463
multinomial,Post-transition,21,75,0.7925793473401878,2237,2.957532409476978
multinomial,Post-transition,21,100,0.761795166858458,1738,2.5834292289988494
multinomial,Post-transition,21,150,0.6868178001679262,1191,2.2334172963895886
multinomial,Post-transition,21,200,0.6620370370370371,864,2.0578703703703702
multinomial,Post-transition,21,300,0.5111111111111111,540,1.7740740740740741
multinomial,Post-transition,21,400,0.4,400,1.6
multinomial,Post-transition,21,600,0.1598173515981735,219,1.4429223744292237
multinomial,Post-transition,21,800,0.09090909090909091,154,1.2857142857142858
multinomial,Post-transition,22,25,0.9023126734505088,5405,4.751896392229417
multinomial,Post-transition,22,50,0.8418350978504973,3117,3.4712864934231633
multinomial,Post-transition,22,75,0.7901069518716578,2244,2.9545454545454546
multinomial,Post-transition,22,100,0.7547495682210709,1737,2.595279217040875
multinomial,Post-transition,22,150,0.6983993260320135,1187,2.2257792754844146
multinomial,Post-transition,22,200,0.6505747126436782,870,2.045977011494253
multinomial,Post-transition,22,300,0.5403377110694184,533,1.8123827392120075
multinomial,Post-transition,22,400,0.38974358974358975,390,1.6153846153846154
multinomial,Post-transition,22,600,0.15695067264573992,223,1.4439461883408071
multinomial,Post-transition,22,800,0.11875,160,1.325
multinomial,Post-transition,23,25,0.9013073098876818,5431,4.721414104216534
multinomial,Post-transition,23,50,0.8415213946117274,3155,3.466244057052298
multinomial,Post-transition,23,75,0.7874610938194754,2249,2.9248554913294798
multinomial,Post-transition,23,100,0.758759333716255,1741,2.595060310166571
multinomial,Post-transition,23,150,0.6923728813559322,1180,2.2288135593220337
multinomial,Post-transition,23,200,0.6277456647398844,865,2.046242774566474
multinomial,Post-transition,23,300,0.5276190476190477,525,1.8057142857142856
multinomial,Post-transition,23,400,0.4307692307692308,390,1.6102564102564103
multinomial,Post-transition,23,600,0.12442396313364056,217,1.4470046082949308
multinomial,Post-transition,23,800,0.0875,160,1.2875
multinomial,Post-transition,24,25,0.9013073098876818,5431,4.726937948812373
multinomial,Post-transition,24,50,0.8531468531468531,3146,3.4609027336300064
multinomial,Post-transition,24,75,0.7930724246513721,2223,2.973459289248763
multinomial,Post-transition,24,100,0.7502863688430699,1746,2.577319587628866
multinomial,Post-transition,24,150,0.7078364565587735,1174,2.2436115843270867
multinomial,Post-transition,24,200,0.6485849056603774,848,2.0542452830188678
multinomial,Post-transition,24,300,0.5065420560747663,535,1.794392523364486
multinomial,Post-transition,24,400,0.4,395,1.6151898734177215
multinomial,Post-transition,24,600,0.16818181818181818,220,1.4454545454545455
multinomial,Post-transition,24,800,0.0880503144654088,159,1.2830188679245282
betabinomial,Neutral,0,25,0.8767229664142885,5151,4.19374878664337
betabinomial,Neutral,0,50,0.8300542740841248,2948,3.1451831750339214
betabinomial,Neutral,0,75,0.7763733592610598,2057,2.6699076324744775
betabinomial,Neutral,0,100,0.7134796238244514,1595,2.3648902821316615
betabinomial,Neutral,0,150,0.6184586108468125,1051,2.032350142721218
betabinomial,Neutral,0,200,0.5416666666666666,768,1.8151041666666667
betabinomial,Neutral,0,300,0.371900826446281,484,1.5909090909090908
betabinomial,Neutral,0,400,0.23974763406940064,317,1.4826498422712935
betabinomial,Neutral,0,600,0.09944751381215469,181,1.3038674033149171
betabinomial,Neutral,0,800,0.07563025210084033,119,1.226890756302521
betabinomial,Neutral,1,25,0.8776894747044001,5159,4.207016863733282
betabinomial,Neutral,1,50,0.8275630252100841,2975,3.145546218487395
betabinomial,Neutral,1,75,0.7780475959203497,2059,2.698397280233123
betabinomial,Neutral,1,100,0.7313245448838669,1593,2.3703703703703702
betabinomial,Neutral,1,150,0.6042065009560229,1046,2.045889101338432
betabinomial,Neutral,1,200,0.5410691003911343,767,1.8305084745762712
betabinomial,Neutral,1,300,0.35355648535564854,478,1.598326359832636
betabinomial,Neutral,1,400,0.1625,320,1.4375
betabinomial,Neutral,1,600,0.14545454545454545,165,1.3454545454545455
betabinomial,Neutral,1,800,0.08108108108108109,111,1.2432432432432432
betabinomial,Neutral,2,25,0.8763784097504352,5169,4.1957825498162125
betabinomial,Neutral,2,50,0.8183938687104299,3001,3.1116294568477176
betabinomial,Neutral,2,75,0.7829683698296837,2055,2.6900243309002434
betabinomial,Neutral,2,100,0.7436708860759493,1580,2.3860759493670884
betabinomial,Neutral,2,150,0.6211240310077519,1032,2.052325581395349
betabinomial,Neutral,2,200,0.5327102803738317,749,1.8130841121495327
betabinomial,Neutral,2,300,0.36041666666666666,480,1.5875
betabinomial,Neutral,2,400,0.1829652996845426,317,1.476340694006309
betabinomial,Neutral,2,600,0.11875,160,1.3
betabinomial,Neutral,2,800,0.09009009009009009,111,1.2612612612612613
betabinomial,Neutral,3,25,0.87877030162413,5172,4.202629543696829
betabinomial,Neutral,3,50,0.8260283209710048,2966,3.1402562373567093
betabinomial,Neutral,3,75,0.7757191613846904,2051,2.681618722574354
betabinomial,Neutral,3,100,0.7212083071113908,1589,2.383889238514789
betabinomial,Neutral,3,150,0.6329837940896091,1049,2.03813155386082
betabinomial,Neutral,3,200,0.5369393139841688,758,1.8232189973614776
betabinomial,Neutral,3,300,0.34024896265560167,482,1.5850622406639003
betabinomial,Neutral,3,400,0.18354430379746836,316,1.4746835443037976
betabinomial,Neutral,3,600,0.11931818181818182,176,1.2954545454545454
betabinomial,Neutral,3,800,0.06422018348623854,109,1.2477064220183487
betabinomial,Neutral,4,25,0.8735208535402522,5155,4.191270611057226
betabinomial,Neutral,4,50,0.8323232323232324,2970,3.1555555555555554
betabinomial,Neutral,4,75,0.7894736842105263,2052,2.685185185185185
betabinomial,Neutral,4,100,0.7186525265127885,1603,2.3755458515283845
betabinomial,Neutral,4,150,0.6222435282837967,1043,2.0441035474592524
betabinomial,Neutral,4,200,0.5229960578186597,761,1.823915900131406
betabinomial,Neutral,4,300,0.3816326530612245,490,1.5959183673469388
betabinomial,Neutral,4,400,0.18562874251497005,334,1.467065868263473
betabinomial,Neutral,4,600,0.12138728323699421,173,1.2947976878612717
betabinomial,Neutral,4,800,0.09821428571428571,112,1.2678571428571428
betabinomial,Neutral,5,25,0.8826053042121685,5128,4.226209048361935
betabinomial,Neutral,5,50,0.8285040431266847,2968,3.141509433962264
betabinomial,Neutral,5,75,0.7913424124513618,2056,2.693579766536965
betabinomial,Neutral,5,100,0.7196679438058748,1566,2.397190293742018
betabinomial,Neutral,5,150,0.6175908221797323,1046,2.0363288718929256
betabinomial,Neutral,5,200,0.5461741424802111,758,1.8205804749340369
betabinomial,Neutral,5,300,0.359504132231405,484,1.5867768595041323
betabinomial,Neutral,5,400,0.1826625386996904,323,1.4674922600619196
betabinomial,Neutral,5,600,0.09550561797752809,178,1.2584269662921348
betabinomial,Neutral,5,800,0.08547008547008547,117,1.2478632478632479
betabinomial,Neutral,6,25,0.8764328735185545,5147,4.217213911016126
betabinomial,Neutral,6,50,0.8224393530997305,2968,3.164420485175202
betabinomial,Neutral,6,75,0.7735849056603774,2067,2.6656990807934204
betabinomial,Neutral,6,100,0.7353497164461248,1587,2.389413988657845
betabinomial,Neutral,6,150,0.6209213051823417,1042,2.034548944337812
betabinomial,Neutral,6,200,0.5391766268260292,753,1.8034528552456839
betabinomial,Neutral,6,300,0.34710743801652894,484,1.578512396694215
betabinomial,Neutral,6,400,0.21646341463414634,328,1.4695121951219512
betabinomial,Neutral,6,600,0.11299435028248588,177,1.2994350282485876
betabinomial,Neutral,6,800,0.09009009009009009,111,1.2792792792792793
betabinomial,Neutral,7,25,0.8819875776397516,5152,4.190217391304348
betabinomial,Neutral,7,50,0.8283203785062521,2959,3.1618790131801284
betabinomial,Neutral,7,75,0.7879387048937222,2023,2.708848245180425
betabinomial,Neutral,7,100,0.7325361862806796,1589,2.4015103838892387
betabinomial,Neutral,7,150,0.6195028680688337,1046,2.049713193116635
betabinomial,Neutral,7,200,0.5240572171651495,769,1.8179453836150845
betabinomial,Neutral,7,300,0.3611111111111111,468,1.5555555555555556
betabinomial,Neutral,7,400,0.2126984126984127,315,1.492063492063492
betabinomial,Neutral,7,600,0.12716763005780346,173,1.3179190751445087
betabinomial,Neutral,7,800,0.09009009009009009,111,1.2792792792792793
betabinomial,Neutral,8,25,0.8823990591924735,5102,4.2218737749902
betabinomial,Neutral,8,50,0.8247038917089679,2955,3.14585448392555
betabinomial,Neutral,8,75,0.780107264748903,2051,2.676743052169673
betabinomial,Neutral,8,100,0.7232979387882573,1601,2.3885071830106184
betabinomial,Neutral,8,150,0.6080305927342257,1046,2.0611854684512427
betabinomial,Neutral,8,200,0.5237467018469657,758,1.804749340369393
betabinomial,Neutral,8,300,0.36538461538461536,468,1.5854700854700854
betabinomial,Neutral,8,400,0.19558359621451105,317,1.4889589905362777
betabinomial,Neutral,8,600,0.07471264367816093,174,1.2528735632183907
betabinomial,Neutral,8,800,0.06542056074766354,107,1.233644859813084
betabinomial,Neutral,9,25,0.8815202637192165,5157,4.201279813845259
betabinomial,Neutral,9,50,0.8267796610169491,2950,3.1464406779661016
betabinomial,Neutral,9,75,0.7802037845705968,2061,2.6695778748180494
betabinomial,Neutral,9,100,0.7268722466960352,1589,2.383889238514789
betabinomial,Neutral,9,150,0.617332035053554,1027,2.0564751703992212
betabinomial,Neutral,9,200,0.535064935064935,770,1.8025974025974025
betabinomial,Neutral,9,300,0.34496919917864477,487,1.5605749486652978
betabinomial,Neutral,9,400,0.18037974683544303,316,1.4556962025316456
betabinomial,Neutral,9,600,0.10285714285714286,175,1.28
betabinomial,Neutral,9,800,0.08490566037735849,106,1.2641509433962264
betabinomial,Neutral,10,25,0.8747325423069442,5141,4.207741684497179
betabinomial,Neutral,10,50,0.8249747559744194,2971,3.130259171995961
betabinomial,Neutral,10,75,0.7849829351535836,2051,2.696245733788396
betabinomial,Neutral,10,100,0.7322335025380711,1576,2.3959390862944163
betabinomial,Neutral,10,150,0.6310772163965681,1049,2.034318398474738
betabinomial,Neutral,10,200,0.5223097112860893,762,1.811023622047244
betabinomial,Neutral,10,300,0.3695198329853862,479,1.5866388308977035
betabinomial,Neutral,10,400,0.17592592592592593,324,1.4691358024691359
betabinomial,Neutral,10,600,0.10989010989010989,182,1.3296703296703296
betabinomial,Neutral,10,800,0.09009009009009009,111,1.2792792792792793
betabinomial,Neutral,11,25,0.8813096862210096,5131,4.235431689729098
betabinomial,Neutral,11,50,0.826523777628935,2986,3.1359678499665105
betabinomial,Neutral,11,75,0.7846003898635477,2052,2.6783625730994154
betabinomial,Neutral,11,100,0.7174323473882945,1589,2.3587161736941473
betabinomial,Neutral,11,150,0.6156824782187803,1033,2.052274927395934
betabinomial,Neutral,11,200,0.5450928381962865,754,1.8275862068965518
betabinomial,Neutral,11,300,0.3613963039014374,487,1.5811088295687885
betabinomial,Neutral,11,400,0.19682539682539682,315,1.4730158730158731
betabinomial,Neutral,11,600,0.1270718232044199,181,1.3149171270718232
betabinomial,Neutral,11,800,0.08849557522123894,113,1.2743362831858407
betabinomial,Neutral,12,25,0.8768902675455603,5158,4.214424195424583
betabinomial,Neutral,12,50,0.8233914209115282,2984,3.1300268096514747
betabinomial,Neutral,12,75,0.7777777777777778,2052,2.6832358674463936
betabinomial,Neutral,12,100,0.724502487562189,1608,2.3818407960199006
betabinomial,Neutral,12,150,0.6104651162790697,1032,2.060077519379845
betabinomial,Neutral,12,200,0.5304232804232805,756,1.82010582010582
betabinomial,Neutral,12,300,0.3689727463312369,477,1.5890985324947589
betabinomial,Neutral,12,400,0.17133956386292834,321,1.4579439252336448
betabinomial,Neutral,12,600,0.15730337078651685,178,1.3370786516853932
betabinomial,Neutral,12,800,0.08928571428571429,112,1.2678571428571428
betabinomial,Neutral,13,25,0.8777131782945736,5160,4.197286821705426
betabinomial,Neutral,13,50,0.8295225285810356,2974,3.140551445864156
betabinomial,Neutral,13,75,0.7739892839746713,2053,2.685825621042377
betabinomial,Neutral,13,100,0.7383354350567465,1586,2.3833543505674655
betabinomial,Neutral,13,150,0.6145038167938931,1048,2.0553435114503817
betabinomial,Neutral,13,200,0.5437665782493368,754,1.8249336870026525
betabinomial,Neutral,13,300,0.3644067796610169,472,1.5720338983050848
betabinomial,Neutral,13,400,0.23624595469255663,309,1.4563106796116505
betabinomial,Neutral,13,600,0.11602209944751381,181,1.3259668508287292
betabinomial,Neutral,13,800,0.09803921568627451,102,1.2549019607843137
betabinomial,Neutral,14,25,0.8834630350194552,5140,4.216731517509728
betabinomial,Neutral,14,50,0.8310765064319566,2954,3.1550440081245767
betabinomial,Neutral,14,75,0.7718612603810454,2047,2.7054225696140692
betabinomial,Neutral,14,100,0.726813880126183,1585,2.3949526813880126
betabinomial,Neutral,14,150,0.6134615384615385,1040,2.044230769230769
betabinomial,Neutral,14,200,0.538866930171278,759,1.8234519104084321
betabinomial,Neutral,14,300,0.36764705882352944,476,1.596638655462185
betabinomial,Neutral,14,400,0.19877675840978593,327,1.4678899082568808
betabinomial,Neutral,14,600,0.07386363636363637,176,1.2954545454545454
betabinomial,Neutral,14,800,0.09090909090909091,110,1.290909090909091
betabinomial,Neutral,15,25,0.8796963208098112,5137,4.222698072805139
betabinomial,Neutral,15,50,0.8263211040053854,2971,3.146415348367553
betabinomial,Neutral,15,75,0.7771260997067448,2046,2.675464320625611
betabinomial,Neutral,15,100,0.7257653061224489,1568,2.4005102040816326
betabinomial,Neutral,15,150,0.6159003831417624,1044,2.0440613026819925
betabinomial,Neutral,15,200,0.5338541666666666,768,1.8385416666666667
betabinomial,Neutral,15,300,0.37341772151898733,474,1.6075949367088607
betabinomial,Neutral,15,400,0.16938110749185667,307,1.4527687296416938
betabinomial,Neutral,15,600,0.06741573033707865,178,1.2921348314606742
betabinomial,Neutral,15,800,0.0990990990990991,111,1.2792792792792793
betabinomial,Neutral,16,25,0.8781382773271533,5178,4.197759752800309
betabinomial,Neutral,16,50,0.8375254928619986,2942,3.17675050985724
betabinomial,Neutral,16,75,0.7719553614750121,2061,2.6589034449296456
betabinomial,Neutral,16,100,0.7294344473007712,1556,2.3688946015424164
betabinomial,Neutral,16,150,0.6175908221797323,1046,2.043977055449331
betabinomial,Neutral,16,200,0.52832674571805,759,1.8102766798418972
betabinomial,Neutral,16,300,0.28051391862955033,467,1.5974304068522485
betabinomial,Neutral,16,400,0.20625,320,1.475
betabinomial,Neutral,16,600,0.11235955056179775,178,1.2808988764044944
betabinomial,Neutral,16,800,0.08695652173913043,115,1.2869565217391303
betabinomial,Neutral,17,25,0.8829787234042553,5170,4.195744680851064
betabinomial,Neutral,17,50,0.8256601218686527,2954,3.142857142857143
betabinomial,Neutral,17,75,0.7772397094430993,2065,2.69636803874092
betabinomial,Neutral,17,100,0.7204574332909784,1574,2.372299872935197
betabinomial,Neutral,17,150,0.6293838862559241,1055,2.0473933649289098
betabinomial,Neutral,17,200,0.5514511873350924,758,1.8548812664907652
betabinomial,Neutral,17,300,0.36024844720496896,483,1.5900621118012421
betabinomial,Neutral,17,400,0.19003115264797507,321,1.4766355140186915
betabinomial,Neutral,17,600,0.1206896551724138,174,1.2988505747126438
betabinomial,Neutral,17,800,0.08771929824561403,114,1.2456140350877194
betabinomial,Neutral,18,25,0.878840579710145,5175,4.188599033816425
betabinomial,Neutral,18,50,0.8155668358714044,2955,3.143824027072758
betabinomial,Neutral,18,75,0.7752808988764045,2047,2.694675134342941
betabinomial,Neutral,18,100,0.7316455696202532,1580,2.3759493670886074
betabinomial,Neutral,18,150,0.6102021174205967,1039,2.0384985563041385
betabinomial,Neutral,18,200,0.5237467018469657,758,1.804749340369393
betabinomial,Neutral,18,300,0.3682092555331992,497,1.585513078470825
betabinomial,Neutral,18,400,0.1926605504587156,327,1.492354740061162
betabinomial,Neutral,18,600,0.1340782122905028,179,1.3407821229050279
betabinomial,Neutral,18,800,0.0990990990990991,111,1.2612612612612613
betabinomial,Neutral,19,25,0.8836299628398201,5113,4.227654997066302
betabinomial,Neutral,19,50,0.8354131534569983,2965,3.1723440134907253
betabinomial,Neutral,19,75,0.78857421875,2048,2.671875
betabinomial,Neutral,19,100,0.7095565271705184,1601,2.359775140537164
betabinomial,Neutral,19,150,0.6364503816793893,1048,2.0763358778625953
betabinomial,Neutral,19,200,0.5393548387096774,775,1.8167741935483872
betabinomial,Neutral,19,300,0.34917355371900827,484,1.5702479338842976
betabinomial,Neutral,19,400,0.16556291390728478,302,1.4370860927152318
betabinomial,Neutral,19,600,0.11864406779661017,177,1.2994350282485876
betabinomial,Neutral,19,800,0.08620689655172414,116,1.2586206896551724
betabinomial,Neutral,20,25,0.8806840264282938,5146,4.21220365332297
betabinomial,Neutral,20,50,0.8264686022957461,2962,3.1553004726536122
betabinomial,Neutral,20,75,0.78466796875,2048,2.70703125
betabinomial,Neutral,20,100,0.7160804020100503,1592,2.385678391959799
betabinomial,Neutral,20,150,0.6373205741626794,1045,2.042105263157895
betabinomial,Neutral,20,200,0.5217948717948718,780,1.8128205128205128
betabinomial,Neutral,20,300,0.39019189765458423,469,1.5863539445628998
betabinomial,Neutral,20,400,0.24922118380062305,321,1.4641744548286604
betabinomial,Neutral,20,600,0.12154696132596685,181,1.3149171270718232
betabinomial,Neutral,20,800,0.07964601769911504,113,1.238938053097345
betabinomial,Neutral,21,25,0.8792233009708738,5150,4.210873786407767
betabinomial,Neutral,21,50,0.8299296953465015,2987,3.128222296618681
betabinomial,Neutral,21,75,0.789447972642892,2047,2.681973619931607
betabinomial,Neutral,21,100,0.7292852624920936,1581,2.3807716635041114
betabinomial,Neutral,21,150,0.6214355948869223,1017,2.057030481809243
betabinomial,Neutral,21,200,0.515748031496063,762,1.8136482939632546
betabinomial,Neutral,21,300,0.37446808510638296,470,1.5872340425531914
betabinomial,Neutral,21,400,0.2415902140672783,327,1.4678899082568808
betabinomial,Neutral,21,600,0.11475409836065574,183,1.289617486338798
betabinomial,Neutral,21,800,0.08490566037735849,106,1.2641509433962264
betabinomial,Neutral,22,25,0.8818958818958819,5148,4.200466200466201
betabinomial,Neutral,22,50,0.834573748308525,2956,3.1427604871447903
betabinomial,Neutral,22,75,0.7721764420746485,2063,2.677653902084343
betabinomial,Neutral,22,100,0.7306955966815571,1567,2.4033184428844927
betabinomial,Neutral,22,150,0.6102661596958175,1052,2.049429657794677
betabinomial,Neutral,22,200,0.5304010349288486,773,1.813712807244502
betabinomial,Neutral,22,300,0.3645833333333333,480,1.5833333333333333
betabinomial,Neutral,22,400,0.1838006230529595,321,1.4766355140186915
betabinomial,Neutral,22,600,0.09411764705882353,170,1.2823529411764707
betabinomial,Neutral,22,800,0.09433962264150944,106,1.2641509433962264
betabinomial,Neutral,23,25,0.8815229996134519,5174,4.1890220332431385
betabinomial,Neutral,23,50,0.8365547643268905,2949,3.164462529671075
betabinomial,Neutral,23,75,0.7801175318315378,2042,2.693437806072478
betabinomial,Neutral,23,100,0.7190237797246558,1598,2.380475594493116
betabinomial,Neutral,23,150,0.6114832535885167,1045,2.0401913875598088
betabinomial,Neutral,23,200,0.5355263157894737,760,1.8078947368421052
betabinomial,Neutral,23,300,0.37945492662473795,477,1.5932914046121593
betabinomial,Neutral,23,400,0.18153846153846154,325,1.476923076923077
betabinomial,Neutral,23,600,0.11666666666666667,180,1.3
betabinomial,Neutral,23,800,0.09090909090909091,110,1.2545454545454546
betabinomial,Neutral,24,25,0.8829144749659069,5133,4.223650886421196
betabinomial,Neutral,24,50,0.8265720081135902,2958,3.1176470588235294
betabinomial,Neutral,24,75,0.7826510721247564,2052,2.6832358674463936
betabinomial,Neutral,24,100,0.7388535031847133,1570,2.38343949044586
betabinomial,Neutral,24,150,0.6321393998063891,1033,2.060019361084221
betabinomial,Neutral,24,200,0.5320261437908497,765,1.8143790849673203
betabinomial,Neutral,24,300,0.34518828451882844,478,1.5815899581589958
betabinomial,Neutral,24,400,0.24610591900311526,321,1.470404984423676
betabinomial,Neutral,24,600,0.0625,192,1.28125
betabinomial,Neutral,24,800,0.09090909090909091,110,1.2545454545454546
betabinomial,Pre-transition,0,25,0.882689556509299,5592,4.340486409155937
betabinomial,Pre-transition,0,50,0.8270015698587128,3185,3.2213500784929354
betabinomial,Pre-transition,0,75,0.7844905320108205,2218,2.7547339945897207
betabinomial,Pre-transition,0,100,0.7246963562753036,1729,2.446500867553499
betabinomial,Pre-transition,0,150,0.632,1125,2.104888888888889
betabinomial,Pre-transition,0,200,0.5207317073170732,820,1.8804878048780487
betabinomial,Pre-transition,0,300,0.3883089770354906,479,1.6617954070981211
betabinomial,Pre-transition,0,400,0.3445121951219512,328,1.5670731707317074
betabinomial,Pre-transition,0,600,0.1711229946524064,187,1.3689839572192513
betabinomial,Pre-transition,0,800,0.17391304347826086,115,1.3217391304347825
betabinomial,Pre-transition,1,25,0.8905499199145755,5619,4.328528207866168
betabinomial,Pre-transition,1,50,0.8349606299212599,3175,3.247244094488189
betabinomial,Pre-transition,1,75,0.7942368302566412,2221,2.7510130571814497
betabinomial,Pre-transition,1,100,0.7439024390243902,1722,2.4413472706155632
betabinomial,Pre-transition,1,150,0.6284201235657546,1133,2.0794351279788175
betabinomial,Pre-transition,1,200,0.5241545893719807,828,1.8888888888888888
betabinomial,Pre-transition,1,300,0.4444444444444444,477,1.6729559748427674
betabinomial,Pre-transition,1,400,0.2654320987654321,324,1.5123456790123457
betabinomial,Pre-transition,1,600,0.18617021276595744,188,1.3617021276595744
betabinomial,Pre-transition,1,800,0.12605042016806722,119,1.2773109243697478
betabinomial,Pre-transition,2,25,0.882258064516129,5580,4.346594982078853
betabinomial,Pre-transition,2,50,0.8144009931719429,3222,3.20235878336437
betabinomial,Pre-transition,2,75,0.7829388119696293,2239,2.7539079946404645
betabinomial,Pre-transition,2,100,0.7426865671641791,1675,2.4656716417910447
betabinomial,Pre-transition,2,150,0.6540198735320687,1107,2.1282746160794943
betabinomial,Pre-transition,2,200,0.5664596273291925,805,1.9105590062111801
betabinomial,Pre-transition,2,300,0.4178217821782178,505,1.6752475247524752
betabinomial,Pre-transition,2,400,0.30030959752321984,323,1.498452012383901
betabinomial,Pre-transition,2,600,0.1827956989247312,186,1.3870967741935485
betabinomial,Pre-transition,2,800,0.13934426229508196,122,1.3278688524590163
betabinomial,Pre-transition,3,25,0.8856988082340195,5538,4.369086312748284
betabinomial,Pre-transition,3,50,0.8157647794807632,3197,3.1879887394432282
betabinomial,Pre-transition,3,75,0.7896382313532827,2239,2.7440821795444394
betabinomial,Pre-transition,3,100,0.7508896797153025,1686,2.4590747330960854
betabinomial,Pre-transition,3,150,0.6148409893992933,1132,2.090106007067138
betabinomial,Pre-transition,3,200,0.5618115055079559,817,1.9069767441860466
betabinomial,Pre-transition,3,300,0.4117647058823529,510,1.6470588235294117
betabinomial,Pre-transition,3,400,0.3271604938271605,324,1.4938271604938271
betabinomial,Pre-transition,3,600,0.18556701030927836,194,1.3711340206185567
betabinomial,Pre-transition,3,800,0.11570247933884298,121,1.2892561983471074
betabinomial,Pre-transition,4,25,0.8904479222881814,5559,4.361216046051448
betabinomial,Pre-transition,4,50,0.8267790262172284,3204,3.206616729088639
betabinomial,Pre-transition,4,75,0.7777284826974268,2254,2.71960958296362
betabinomial,Pre-transition,4,100,0.7476415094339622,1696,2.44811320754717
betabinomial,Pre-transition,4,150,0.6534296028880866,1108,2.1137184115523464
betabinomial,Pre-transition,4,200,0.562953995157385,826,1.8619854721549636
betabinomial,Pre-transition,4,300,0.4573804573804574,481,1.6756756756756757
betabinomial,Pre-transition,4,400,0.3126934984520124,323,1.5356037151702786
betabinomial,Pre-transition,4,600,0.20526315789473684,190,1.3789473684210527
betabinomial,Pre-transition,4,800,0.12686567164179105,134,1.3134328358208955
betabinomial,Pre-transition,5,25,0.887143373058866,5538,4.382087396171904
betabinomial,Pre-transition,5,50,0.8260596546310832,3185,3.2251177394034536
betabinomial,Pre-transition,5,75,0.7866666666666666,2250,2.7226666666666666
betabinomial,Pre-transition,5,100,0.7467065868263473,1670,2.4682634730538924
betabinomial,Pre-transition,5,150,0.6534296028880866,1108,2.124548736462094
betabinomial,Pre-transition,5,200,0.5887392900856793,817,1.9192166462668299
betabinomial,Pre-transition,5,300,0.4350515463917526,485,1.6701030927835052
betabinomial,Pre-transition,5,400,0.31419939577039274,331,1.5105740181268883
betabinomial,Pre-transition,5,600,0.17766497461928935,197,1.3705583756345177
betabinomial,Pre-transition,5,800,0.12403100775193798,129,1.2868217054263567
betabinomial,Pre-transition,6,25,0.8828699551569507,5575,4.335067264573991
betabinomial,Pre-transition,6,50,0.829900124843945,3204,3.2103620474406993
betabinomial,Pre-transition,6,75,0.7854251012145749,2223,2.7314439946018894
betabinomial,Pre-transition,6,100,0.7239117471675611,1677,2.4460345855694694
betabinomial,Pre-transition,6,150,0.6361185983827493,1113,2.1024258760107815
betabinomial,Pre-transition,6,200,0.5446859903381642,828,1.8623188405797102
betabinomial,Pre-transition,6,300,0.40365111561866124,493,1.643002028397566
betabinomial,Pre-transition,6,400,0.3333333333333333,339,1.5339233038348083
betabinomial,Pre-transition,6,600,0.1642512077294686,207,1.4009661835748792
betabinomial,Pre-transition,6,800,0.15833333333333333,120,1.3166666666666667
betabinomial,Pre-transition,7,25,0.8878031125588128,5526,4.387984075280492
betabinomial,Pre-transition,7,50,0.8215403882279274,3194,3.229805886036318
betabinomial,Pre-transition,7,75,0.7809439002671416,2246,2.73820124666073
betabinomial,Pre-transition,7,100,0.7491103202846975,1686,2.487544483985765
betabinomial,Pre-transition,7,150,0.6294326241134752,1128,2.104609929078014
betabinomial,Pre-transition,7,200,0.5518072289156627,830,1.8674698795180722
betabinomial,Pre-transition,7,300,0.40625,512,1.640625
betabinomial,Pre-transition,7,400,0.3468208092485549,346,1.5433526011560694
betabinomial,Pre-transition,7,600,0.15873015873015872,189,1.3650793650793651
betabinomial,Pre-transition,7,800,0.15748031496062992,127,1.3228346456692914
betabinomial,Pre-transition,8,25,0.8973021582733813,5560,4.352877697841727
betabinomial,Pre-transition,8,50,0.829137822529893,3178,3.2573945877910635
betabinomial,Pre-transition,8,75,0.7835051546391752,2231,2.7315105333930974
betabinomial,Pre-transition,8,100,0.7432273262661955,1698,2.4511189634864547
betabinomial,Pre-transition,8,150,0.6379460400348129,1149,2.100957354221062
betabinomial,Pre-transition,8,200,0.5716034271725826,817,1.872705018359853
betabinomial,Pre-transition,8,300,0.4381338742393509,493,1.6632860040567952
betabinomial,Pre-transition,8,400,0.32463768115942027,345,1.5420289855072464
betabinomial,Pre-transition,8,600,0.17679558011049723,181,1.3812154696132597
betabinomial,Pre-transition,8,800,0.16,125,1.312
betabinomial,Pre-transition,9,25,0.8946322067594433,5533,4.373034520151816
betabinomial,Pre-transition,9,50,0.8219993732372297,3191,3.2109056722030713
betabinomial,Pre-transition,9,75,0.7764497565294378,2259,2.712704736609119
betabinomial,Pre-transition,9,100,0.7414887478361223,1733,2.4246970571263704
betabinomial,Pre-transition,9,150,0.6186291739894552,1138,2.054481546572935
betabinomial,Pre-transition,9,200,0.5651658767772512,844,1.9075829383886256
betabinomial,Pre-transition,9,300,0.3797216699801193,503,1.6262425447316102
betabinomial,Pre-transition,9,400,0.2997032640949555,337,1.4955489614243322
betabinomial,Pre-transition,9,600,0.15675675675675677,185,1.3621621621621622
betabinomial,Pre-transition,9,800,0.1724137931034483,116,1.3275862068965518
betabinomial,Pre-transition,10,25,0.8875451263537906,5540,4.379783393501805
betabinomial,Pre-transition,10,50,0.8266913809082483,3237,3.198022860673463
betabinomial,Pre-transition,10,75,0.7855550601872492,2243,2.7249219794917523
betabinomial,Pre-transition,10,100,0.7427898763978811,1699,2.448499117127722
betabinomial,Pre-transition,10,150,0.6162489196197062,1157,2.076058772687986
betabinomial,Pre-transition,10,200,0.5401459854014599,822,1.905109489051095
betabinomial,Pre-transition,10,300,0.3948919449901768,509,1.662082514734774
betabinomial,Pre-transition,10,400,0.24855491329479767,346,1.4971098265895955
betabinomial,Pre-transition,10,600,0.2138728323699422,173,1.4450867052023122
betabinomial,Pre-transition,10,800,0.15384615384615385,130,1.3076923076923077
betabinomial,Pre-transition,11,25,0.892476998015515,5543,4.375969691502796
betabinomial,Pre-transition,11,50,0.8198933165986821,3187,3.2268591151553183
betabinomial,Pre-transition,11,75,0.7982851985559567,2216,2.73014440433213
betabinomial,Pre-transition,11,100,0.7460595446584939,1713,2.4413309982486866
betabinomial,Pre-transition,11,150,0.6669603524229075,1135,2.0951541850220265
betabinomial,Pre-transition,11,200,0.5685096153846154,832,1.8798076923076923
betabinomial,Pre-transition,11,300,0.40711462450592883,506,1.6798418972332017
betabinomial,Pre-transition,11,400,0.3476923076923077,325,1.52
betabinomial,Pre-transition,11,600,0.1693121693121693,189,1.3756613756613756
betabinomial,Pre-transition,11,800,0.1440677966101695,118,1.271186440677966
betabinomial,Pre-transition,12,25,0.8867755248519649,5573,4.350619056163646
betabinomial,Pre-transition,12,50,0.8162688442211056,3184,3.2141959798994977
betabinomial,Pre-transition,12,75,0.7855863921217547,2234,2.7609668755595345
betabinomial,Pre-transition,12,100,0.7419731465265615,1713,2.424985405720957
betabinomial,Pre-transition,12,150,0.6294372294372295,1155,2.070995670995671
betabinomial,Pre-transition,12,200,0.5609167671893848,829,1.8769601930036188
betabinomial,Pre-transition,12,300,0.39436619718309857,497,1.613682092555332
betabinomial,Pre-transition,12,400,0.2672672672672673,333,1.4774774774774775
betabinomial,Pre-transition,12,600,0.16580310880829016,193,1.3471502590673574
betabinomial,Pre-transition,12,800,0.1885245901639344,122,1.3442622950819672
betabinomial,Pre-transition,13,25,0.8876667868734223,5546,4.3591777857915615
betabinomial,Pre-transition,13,50,0.8368371509256354,3187,3.2199560715406337
betabinomial,Pre-transition,13,75,0.7864816472694718,2234,2.739480752014324
betabinomial,Pre-transition,13,100,0.744555620953502,1699,2.4343731606827546
betabinomial,Pre-transition,13,150,0.6385650224215247,1115,2.104035874439462
betabinomial,Pre-transition,13,200,0.5186074429771909,833,1.865546218487395
betabinomial,Pre-transition,13,300,0.39595959595959596,495,1.6686868686868688
betabinomial,Pre-transition,13,400,0.3286118980169972,353,1.5240793201133145
betabinomial,Pre-transition,13,600,0.22340425531914893,188,1.3936170212765957
betabinomial,Pre-transition,13,800,0.12931034482758622,116,1.293103448275862
betabinomial,Pre-transition,14,25,0.8890283255647186,5578,4.356758694872714
betabinomial,Pre-transition,14,50,0.8303543430542489,3189,3.2298526183756664
betabinomial,Pre-transition,14,75,0.784261715296198,2262,2.7391688770999116
betabinomial,Pre-transition,14,100,0.7387755102040816,1715,2.43731778425656
betabinomial,Pre-transition,14,150,0.6321428571428571,1120,2.0839285714285714
betabinomial,Pre-transition,14,200,0.5571428571428572,840,1.8547619047619048
betabinomial,Pre-transition,14,300,0.34949494949494947,495,1.6444444444444444
betabinomial,Pre-transition,14,400,0.3153153153153153,333,1.5135135135135136
betabinomial,Pre-transition,14,600,0.13186813186813187,182,1.3296703296703296
betabinomial,Pre-transition,14,800,0.12295081967213115,122,1.3278688524590163
betabinomial,Pre-transition,15,25,0.8937556561085973,5525,4.39420814479638
betabinomial,Pre-transition,15,50,0.8326491948215977,3167,3.2491316703504896
betabinomial,Pre-transition,15,75,0.7842696629213484,2225,2.7676404494382023
betabinomial,Pre-transition,15,100,0.7336089781453042,1693,2.455995274660366
betabinomial,Pre-transition,15,150,0.6493392070484582,1135,2.111013215859031
betabinomial,Pre-transition,15,200,0.565483476132191,817,1.9020807833537332
betabinomial,Pre-transition,15,300,0.395112016293279,491,1.6334012219959266
betabinomial,Pre-transition,15,400,0.2861271676300578,346,1.5086705202312138
betabinomial,Pre-transition,15,600,0.16184971098265896,173,1.3872832369942196
betabinomial,Pre-transition,15,800,0.11864406779661017,118,1.305084745762712
betabinomial,Pre-transition,16,25,0.8885269634455302,5526,4.38870792616721
betabinomial,Pre-transition,16,50,0.8351164254247955,3178,3.2284455632473255
betabinomial,Pre-transition,16,75,0.7936294302377748,2229,2.7770300583221177
betabinomial,Pre-transition,16,100,0.7583971714790807,1697,2.470241602828521
betabinomial,Pre-transition,16,150,0.636936936936937,1110,2.0792792792792794
betabinomial,Pre-transition,16,200,0.5628019323671497,828,1.857487922705314
betabinomial,Pre-transition,16,300,0.35020242914979755,494,1.6275303643724697
betabinomial,Pre-transition,16,400,0.3072463768115942,345,1.4956521739130435
betabinomial,Pre-transition,16,600,0.164021164021164,189,1.3227513227513228
betabinomial,Pre-transition,16,800,0.12403100775193798,129,1.302325581395349
betabinomial,Pre-transition,17,25,0.8917850080891605,5563,4.355563544849901
betabinomial,Pre-transition,17,50,0.8234365129500948,3166,3.245735944409349
betabinomial,Pre-transition,17,75,0.7922661870503597,2224,2.759892086330935
betabinomial,Pre-transition,17,100,0.7324025596276905,1719,2.435136707388016
betabinomial,Pre-transition,17,150,0.6355475763016158,1114,2.096947935368043
betabinomial,Pre-transition,17,200,0.5657418576598311,829,1.8866103739445115
betabinomial,Pre-transition,17,300,0.3850806451612903,496,1.6612903225806452
betabinomial,Pre-transition,17,400,0.25,320,1.525
betabinomial,Pre-transition,17,600,0.1956521739130435,184,1.391304347826087
betabinomial,Pre-transition,17,800,0.14074074074074075,135,1.3037037037037038
betabinomial,Pre-transition,18,25,0.8853400322985825,5573,4.361744123452359
betabinomial,Pre-transition,18,50,0.8331756543677074,3171,3.248817407757805
betabinomial,Pre-transition,18,75,0.7801953818827708,2252,2.7291296625222023
betabinomial,Pre-transition,18,100,0.7475218658892129,1715,2.4513119533527696
betabinomial,Pre-transition,18,150,0.6226749335695305,1129,2.099202834366696
betabinomial,Pre-transition,18,200,0.5804111245465539,827,1.9008464328899637
betabinomial,Pre-transition,18,300,0.39478957915831664,499,1.655310621242485
betabinomial,Pre-transition,18,400,0.30246913580246915,324,1.4876543209876543
betabinomial,Pre-transition,18,600,0.17777777777777778,180,1.3777777777777778
betabinomial,Pre-transition,18,800,0.13559322033898305,118,1.305084745762712
betabinomial,Pre-transition,19,25,0.8940017905102954,5585,4.3534467323187105
betabinomial,Pre-transition,19,50,0.8344892812105927,3172,3.2471626733921815
betabinomial,Pre-transition,19,75,0.7876186172616357,2213,2.7754179846362406
betabinomial,Pre-transition,19,100,0.7329446064139942,1715,2.4244897959183676
betabinomial,Pre-transition,19,150,0.6282722513089005,1146,2.0785340314136125
betabinomial,Pre-transition,19,200,0.5651135005973715,837,1.89247311827957
betabinomial,Pre-transition,19,300,0.35555555555555557,495,1.6565656565656566
betabinomial,Pre-transition,19,400,0.3242424242424242,330,1.5272727272727273
betabinomial,Pre-transition,19,600,0.18181818181818182,198,1.3434343434343434
betabinomial,Pre-transition,19,800,0.2288135593220339,118,1.3898305084745763
betabinomial,Pre-transition,20,25,0.8875385452566661,5513,4.385271177217486
betabinomial,Pre-transition,20,50,0.8334382871536524,3176,3.238035264483627
betabinomial,Pre-transition,20,75,0.7818100358422939,2232,2.71505376344086
betabinomial,Pre-transition,20,100,0.7491060786650775,1678,2.432657926102503
betabinomial,Pre-transition,20,150,0.6262178919397697,1129,2.095659875996457
betabinomial,Pre-transition,20,200,0.5598991172761665,793,1.8764186633039093
betabinomial,Pre-transition,20,300,0.38193018480492813,487,1.646817248459959
betabinomial,Pre-transition,20,400,0.3363914373088685,327,1.529051987767584
betabinomial,Pre-transition,20,600,0.15263157894736842,190,1.3368421052631578
betabinomial,Pre-transition,20,800,0.125,112,1.3214285714285714
betabinomial,Pre-transition,21,25,0.8904257230105982,5567,4.393389617388181
betabinomial,Pre-transition,21,50,0.8276515151515151,3168,3.2430555555555554
betabinomial,Pre-transition,21,75,0.7756381549484997,2233,2.739811912225705
betabinomial,Pre-transition,21,100,0.7267373380447585,1698,2.4393404004711425
betabinomial,Pre-transition,21,150,0.6342551293487957,1121,2.1141837644959858
betabinomial,Pre-transition,21,200,0.5671100362756953,827,1.8839177750906893
betabinomial,Pre-transition,21,300,0.42008196721311475,488,1.6721311475409837
betabinomial,Pre-transition,21,400,0.2916666666666667,336,1.4821428571428572
betabinomial,Pre-transition,21,600,0.1935483870967742,186,1.3655913978494623
betabinomial,Pre-transition,21,800,0.17647058823529413,119,1.3277310924369747
betabinomial,Pre-transition,22,25,0.8901610017889088,5590,4.349194991055456
betabinomial,Pre-transition,22,50,0.8218193185370428,3199,3.202250703344795
betabinomial,Pre-transition,22,75,0.7779759251003121,2243,2.7356219349086044
betabinomial,Pre-transition,22,100,0.7402985074626866,1675,2.4608955223880598
betabinomial,Pre-transition,22,150,0.6301853486319505,1133,2.095322153574581
betabinomial,Pre-transition,22,200,0.5767835550181378,827,1.8935912938331319
betabinomial,Pre-transition,22,300,0.3698630136986301,511,1.6164383561643836
betabinomial,Pre-transition,22,400,0.3201219512195122,328,1.5182926829268293
betabinomial,Pre-transition,22,600,0.16201117318435754,179,1.3519553072625698
betabinomial,Pre-transition,22,800,0.1693548387096774,124,1.3225806451612903
betabinomial,Pre-transition,23,25,0.8887079261672095,5526,4.36409699601882
betabinomial,Pre-transition,23,50,0.8337555414819506,3158,3.2520582647245093
betabinomial,Pre-transition,23,75,0.7934587813620072,2232,2.747311827956989
betabinomial,Pre-transition,23,100,0.7327839905826957,1699,2.4614479105356093
betabinomial,Pre-transition,23,150,0.6216696269982238,1126,2.0959147424511544
betabinomial,Pre-transition,23,200,0.5753920386007237,829,1.8697225572979492
betabinomial,Pre-transition,23,300,0.3253493013972056,501,1.6007984031936129
betabinomial,Pre-transition,23,400,0.24615384615384617,325,1.4830769230769232
betabinomial,Pre-transition,23,600,0.18461538461538463,195,1.3641025641025641
betabinomial,Pre-transition,23,800,0.15503875968992248,129,1.3333333333333333
betabinomial,Pre-transition,24,25,0.8889893328512023,5531,4.385463749774001
betabinomial,Pre-transition,24,50,0.8233438485804416,3170,3.2233438485804418
betabinomial,Pre-transition,24,75,0.7880556802873822,2227,2.7786259541984735
betabinomial,Pre-transition,24,100,0.7390791027154664,1694,2.447461629279811
betabinomial,Pre-transition,24,150,0.6244464127546502,1129,2.062001771479185
betabinomial,Pre-transition,24,200,0.5570890840652447,797,1.904642409033877
betabinomial,Pre-transition,24,300,0.4121212121212121,495,1.6444444444444444
betabinomial,Pre-transition,24,400,0.26380368098159507,326,1.4969325153374233
betabinomial,Pre-transition,24,600,0.17525773195876287,194,1.3711340206185567
betabinomial,Pre-transition,24,800,0.1297709923664122,131,1.3129770992366412
betabinomial,Post-transition,0,25,0.8985291379631354,5371,4.738037609383728
betabinomial,Post-transition,0,50,0.8471217363950928,3179,3.4394463667820068
betabinomial,Post-transition,0,75,0.8052938537460744,2229,2.9412292507851054
betabinomial,Post-transition,0,100,0.7542662116040956,1758,2.577929465301479
betabinomial,Post-transition,0,150,0.6831683168316832,1212,2.198019801980198
betabinomial,Post-transition,0,200,0.6075388026607539,902,2.0044345898004434
betabinomial,Post-transition,0,300,0.4810810810810811,555,1.744144144144144
betabinomial,Post-transition,0,400,0.41025641025641024,390,1.6
betabinomial,Post-transition,0,600,0.1565217391304348,230,1.391304347826087
betabinomial,Post-transition,0,800,0.09375,160,1.2625
betabinomial,Post-transition,1,25,0.9030877976190477,5376,4.728794642857143
betabinomial,Post-transition,1,50,0.8474468759911196,3153,3.4538534728829684
betabinomial,Post-transition,1,75,0.7789055604589585,2266,2.904677846425419
betabinomial,Post-transition,1,100,0.7547605308713214,1733,2.597807270628967
betabinomial,Post-transition,1,150,0.6818572656921754,1163,2.221840068787618
betabinomial,Post-transition,1,200,0.6242774566473989,865,2.0254335260115606
betabinomial,Post-transition,1,300,0.5138632162661737,541,1.789279112754159
betabinomial,Post-transition,1,400,0.35960591133004927,406,1.6059113300492611
betabinomial,Post-transition,1,600,0.11814345991561181,237,1.409282700421941
betabinomial,Post-transition,1,800,0.0896551724137931,145,1.296551724137931
betabinomial,Post-transition,2,25,0.8986849416558622,5399,4.686423411742916
betabinomial,Post-transition,2,50,0.8448762143528674,3191,3.389533061736133
betabinomial,Post-transition,2,75,0.8007085916740478,2258,2.9388839681133745
betabinomial,Post-transition,2,100,0.7675339366515838,1768,2.583710407239819
betabinomial,Post-transition,2,150,0.685,1200,2.2083333333333335
betabinomial,Post-transition,2,200,0.6217440543601359,883,1.9773499433748585
betabinomial,Post-transition,2,300,0.46408839779005523,543,1.7421731123388582
betabinomial,Post-transition,2,400,0.4296482412060301,398,1.6231155778894473
betabinomial,Post-transition,2,600,0.12280701754385964,228,1.3771929824561404
betabinomial,Post-transition,2,800,0.08024691358024691,162,1.2592592592592593
betabinomial,Post-transition,3,25,0.9012550756736804,5418,4.723514211886305
betabinomial,Post-transition,3,50,0.8411302982731554,3185,3.4210361067503925
betabinomial,Post-transition,3,75,0.7823218997361477,2274,2.906772207563764
betabinomial,Post-transition,3,100,0.7706155632984901,1722,2.6260162601626016
betabinomial,Post-transition,3,150,0.6986531986531986,1188,2.239057239057239
betabinomial,Post-transition,3,200,0.6403712296983759,862,2.051044083526682
betabinomial,Post-transition,3,300,0.5018315018315018,546,1.7582417582417582
betabinomial,Post-transition,3,400,0.42337662337662335,385,1.6207792207792209
betabinomial,Post-transition,3,600,0.17105263157894737,228,1.4473684210526316
betabinomial,Post-transition,3,800,0.11464968152866242,157,1.3121019108280254
betabinomial,Post-transition,4,25,0.8980537534754403,5395,4.704355885078777
betabinomial,Post-transition,4,50,0.8569152326322499,3138,3.4448693435309115
betabinomial,Post-transition,4,75,0.7951111111111111,2250,2.917333333333333
betabinomial,Post-transition,4,100,0.7509903791737408,1767,2.567062818336163
betabinomial,Post-transition,4,150,0.659016393442623,1220,2.177049180327869
betabinomial,Post-transition,4,200,0.6200676437429538,887,2.024802705749718
betabinomial,Post-transition,4,300,0.5189873417721519,553,1.7685352622061483
betabinomial,Post-transition,4,400,0.33587786259541985,393,1.5877862595419847
betabinomial,Post-transition,4,600,0.14285714285714285,231,1.3852813852813852
betabinomial,Post-transition,4,800,0.10179640718562874,167,1.281437125748503
betabinomial,Post-transition,5,25,0.9067357512953368,5404,4.706143597335307
betabinomial,Post-transition,5,50,0.8541468064823642,3147,3.4280266920877027
betabinomial,Post-transition,5,75,0.7962147887323944,2272,2.910211267605634
betabinomial,Post-transition,5,100,0.7674684994272624,1746,2.581901489117984
betabinomial,Post-transition,5,150,0.6973795435333897,1183,2.2451394759087067
betabinomial,Post-transition,5,200,0.6573348264277715,893,2.040313549832027
betabinomial,Post-transition,5,300,0.5393053016453382,547,1.7915904936014626
betabinomial,Post-transition,5,400,0.4083129584352078,409,1.5745721271393642
betabinomial,Post-transition,5,600,0.16996047430830039,253,1.4545454545454546
betabinomial,Post-transition,5,800,0.08333333333333333,156,1.2820512820512822
betabinomial,Post-transition,6,25,0.9053429469402847,5409,4.716583471991126
betabinomial,Post-transition,6,50,0.8520653218059558,3123,3.4819084213896896
betabinomial,Post-transition,6,75,0.7807174887892376,2230,2.9434977578475334
betabinomial,Post-transition,6,100,0.7571592210767468,1746,2.6219931271477663
betabinomial,Post-transition,6,150,0.6834710743801653,1210,2.2016528925619836
betabinomial,Post-transition,6,200,0.6666666666666666,894,2.0447427293064875
betabinomial,Post-transition,6,300,0.5214953271028038,535,1.7869158878504674
betabinomial,Post-transition,6,400,0.26541554959785524,373,1.613941018766756
betabinomial,Post-transition,6,600,0.1336206896551724,232,1.4137931034482758
betabinomial,Post-transition,6,800,0.136986301369863,146,1.356164383561644
betabinomial,Post-transition,7,25,0.8993301079270561,5374,4.690360997394865
betabinomial,Post-transition,7,50,0.845253164556962,3160,3.4645569620253163
betabinomial,Post-transition,7,75,0.782243816254417,2264,2.908127208480565
betabinomial,Post-transition,7,100,0.7575241340147644,1761,2.5565019875070982
betabinomial,Post-transition,7,150,0.7052364864864865,1184,2.2466216216216215
betabinomial,Post-transition,7,200,0.6337868480725624,882,2.0657596371882088
betabinomial,Post-transition,7,300,0.5277777777777778,540,1.762962962962963
betabinomial,Post-transition,7,400,0.425,400,1.61
betabinomial,Post-transition,7,600,0.1111111111111111,234,1.4017094017094016
betabinomial,Post-transition,7,800,0.12987012987012986,154,1.3246753246753247
betabinomial,Post-transition,8,25,0.9010887617641631,5419,4.694962170142093
betabinomial,Post-transition,8,50,0.8454258675078864,3170,3.4271293375394323
betabinomial,Post-transition,8,75,0.7847711267605634,2272,2.9172535211267605
betabinomial,Post-transition,8,100,0.7519818799546999,1766,2.5707814269535674
betabinomial,Post-transition,8,150,0.6858813700918964,1197,2.2188805346700082
betabinomial,Post-transition,8,200,0.6269315673289183,906,2.019867549668874
betabinomial,Post-transition,8,300,0.5479704797047971,542,1.830258302583026
betabinomial,Post-transition,8,400,0.421875,384,1.65625
betabinomial,Post-transition,8,600,0.15486725663716813,226,1.4424778761061947
betabinomial,Post-transition,8,800,0.19594594594594594,148,1.3783783783783783
betabinomial,Post-transition,9,25,0.8997776954427565,5398,4.718784735087069
betabinomial,Post-transition,9,50,0.856181934657271,3122,3.4964766175528506
betabinomial,Post-transition,9,75,0.8082253017434063,2237,2.934286991506482
betabinomial,Post-transition,9,100,0.764505119453925,1758,2.5972696245733786
betabinomial,Post-transition,9,150,0.6582491582491582,1188,2.1784511784511786
betabinomial,Post-transition,9,200,0.658256880733945,872,2.0481651376146788
betabinomial,Post-transition,9,300,0.496415770609319,558,1.7526881720430108
betabinomial,Post-transition,9,400,0.3963730569948187,386,1.6062176165803108
betabinomial,Post-transition,9,600,0.1940928270042194,237,1.40084388185654
betabinomial,Post-transition,9,800,0.08280254777070063,157,1.2611464968152866
betabinomial,Post-transition,10,25,0.9050891530460624,5384,4.7310549777117386
betabinomial,Post-transition,10,50,0.8309814989024773,3189,3.4104735026654125
betabinomial,Post-transition,10,75,0.7864035087719298,2280,2.8912280701754387
betabinomial,Post-transition,10,100,0.7543959160521838,1763,2.578559273964833
betabinomial,Post-transition,10,150,0.6954314720812182,1182,2.213197969543147
betabinomial,Post-transition,10,200,0.6384439359267735,874,2.0389016018306636
betabinomial,Post-transition,10,300,0.46524064171123,561,1.7575757575757576
betabinomial,Post-transition,10,400,0.37317073170731707,410,1.5804878048780489
betabinomial,Post-transition,10,600,0.19831223628691982,237,1.4261603375527425
betabinomial,Post-transition,10,800,0.1656441717791411,163,1.3496932515337423
betabinomial,Post-transition,11,25,0.9030393436509416,5363,4.698862576915905
betabinomial,Post-transition,11,50,0.8463722397476341,3170,3.4309148264984226
betabinomial,Post-transition,11,75,0.7964285714285714,2240,2.9491071428571427
betabinomial,Post-transition,11,100,0.755193711398091,1781,2.588433464345873
betabinomial,Post-transition,11,150,0.6830926083262532,1177,2.231096006796941
betabinomial,Post-transition,11,200,0.6525229357798165,872,2.0642201834862384
betabinomial,Post-transition,11,300,0.512241054613936,531,1.7702448210922788
betabinomial,Post-transition,11,400,0.4092071611253197,391,1.5959079283887467
betabinomial,Post-transition,11,600,0.15040650406504066,246,1.4308943089430894
betabinomial,Post-transition,11,800,0.1464968152866242,157,1.3375796178343948
betabinomial,Post-transition,12,25,0.907124207385304,5362,4.747482282730324
betabinomial,Post-transition,12,50,0.842654028436019,3165,3.467298578199052
betabinomial,Post-transition,12,75,0.7925601750547046,2285,2.9409190371991247
betabinomial,Post-transition,12,100,0.7562076749435666,1772,2.5688487584650113
betabinomial,Post-transition,12,150,0.6732837055417701,1209,2.1918941273779984
betabinomial,Post-transition,12,200,0.656140350877193,855,2.0538011695906433
betabinomial,Post-transition,12,300,0.5532710280373832,535,1.816822429906542
betabinomial,Post-transition,12,400,0.42091836734693877,392,1.6275510204081634
betabinomial,Post-transition,12,600,0.16182572614107885,241,1.4522821576763485
betabinomial,Post-transition,12,800,0.12258064516129032,155,1.3290322580645162
betabinomial,Post-transition,13,25,0.8975492905841165,5427,4.675142804496038
betabinomial,Post-transition,13,50,0.8497019140257295,3187,3.4527769061813616
betabinomial,Post-transition,13,75,0.7812362998684788,2281,2.961858833844805
betabinomial,Post-transition,13,100,0.746276889134032,1813,2.5581908439051295
betabinomial,Post-transition,13,150,0.6908333333333333,1200,2.205
betabinomial,Post-transition,13,200,0.6153846153846154,897,2.020066889632107
betabinomial,Post-transition,13,300,0.5183150183150184,546,1.8241758241758241
betabinomial,Post-transition,13,400,0.4490861618798956,383,1.6031331592689295
betabinomial,Post-transition,13,600,0.1038961038961039,231,1.393939393939394
betabinomial,Post-transition,13,800,0.09090909090909091,165,1.2727272727272727
betabinomial,Post-transition,14,25,0.903070662227155,5406,4.702922678505365
betabinomial,Post-transition,14,50,0.847914706804641,3189,3.4499843211037944
betabinomial,Post-transition,14,75,0.7985675917636527,2234,2.9498657117278424
betabinomial,Post-transition,14,100,0.7773279352226721,1729,2.6211683053788315
betabinomial,Post-transition,14,150,0.6870355078447564,1211,2.2196531791907512
betabinomial,Post-transition,14,200,0.5831485587583148,902,1.982261640798226
betabinomial,Post-transition,14,300,0.49005424954792043,553,1.7613019891500905
betabinomial,Post-transition,14,400,0.35989717223650386,389,1.5732647814910026
betabinomial,Post-transition,14,600,0.1461187214611872,219,1.4063926940639269
betabinomial,Post-transition,14,800,0.10256410256410256,156,1.3076923076923077
betabinomial,Post-transition,15,25,0.9023074060290287,5374,4.729438034983253
betabinomial,Post-transition,15,50,0.8480252764612954,3165,3.4338072669826225
betabinomial,Post-transition,15,75,0.7958644962604488,2273,2.9309282886053674
betabinomial,Post-transition,15,100,0.7488738738738738,1776,2.5675675675675675
betabinomial,Post-transition,15,150,0.6729818780889621,1214,2.2207578253706752
betabinomial,Post-transition,15,200,0.6140939597315436,894,2.040268456375839
betabinomial,Post-transition,15,300,0.5479704797047971,542,1.8191881918819188
betabinomial,Post-transition,15,400,0.43669250645994834,387,1.6020671834625324
betabinomial,Post-transition,15,600,0.14705882352941177,238,1.403361344537815
betabinomial,Post-transition,15,800,0.11188811188811189,143,1.2867132867132867
betabinomial,Post-transition,16,25,0.896481856695524,5429,4.682261926689998
betabinomial,Post-transition,16,50,0.847936507936508,3150,3.4634920634920636
betabinomial,Post-transition,16,75,0.8057522123893806,2260,2.945132743362832
betabinomial,Post-transition,16,100,0.7502780867630701,1798,2.5494994438264738
betabinomial,Post-transition,16,150,0.6730608840700584,1199,2.2235195996663886
betabinomial,Post-transition,16,200,0.6343115124153499,886,2.0428893905191874
betabinomial,Post-transition,16,300,0.5226860254083484,551,1.7713248638838475
betabinomial,Post-transition,16,400,0.3953488372093023,387,1.6227390180878554
betabinomial,Post-transition,16,600,0.1917808219178082,219,1.4063926940639269
betabinomial,Post-transition,16,800,0.1,150,1.28
betabinomial,Post-transition,17,25,0.8977085242896425,5455,4.688542621448213
betabinomial,Post-transition,17,50,0.8456652905684344,3149,3.4557002222927915
betabinomial,Post-transition,17,75,0.8048343777976723,2234,2.9418084153983886
betabinomial,Post-transition,17,100,0.7616901408450705,1775,2.567887323943662
betabinomial,Post-transition,17,150,0.694048616932104,1193,2.197820620284996
betabinomial,Post-transition,17,200,0.6215909090909091,880,2.025
betabinomial,Post-transition,17,300,0.5,538,1.788104089219331
betabinomial,Post-transition,17,400,0.43031784841075793,409,1.6528117359413204
betabinomial,Post-transition,17,600,0.14225941422594143,239,1.4560669456066946
betabinomial,Post-transition,17,800,0.08875739644970414,169,1.242603550295858
betabinomial,Post-transition,18,25,0.9035136642498606,5379,4.722439115077152
betabinomial,Post-transition,18,50,0.8435612082670906,3145,3.43275039745628
betabinomial,Post-transition,18,75,0.7964959568733153,2226,2.943396226415094
betabinomial,Post-transition,18,100,0.7550085861476817,1747,2.5872925014310244
betabinomial,Post-transition,18,150,0.6854771784232365,1205,2.195850622406639
betabinomial,Post-transition,18,200,0.6292397660818714,855,2.046783625730994
betabinomial,Post-transition,18,300,0.5082568807339449,545,1.7467889908256882
betabinomial,Post-transition,18,400,0.4358974358974359,390,1.5897435897435896
betabinomial,Post-transition,18,600,0.18181818181818182,231,1.4112554112554112
betabinomial,Post-transition,18,800,0.10429447852760736,163,1.2638036809815951
betabinomial,Post-transition,19,25,0.9073902574550843,5399,4.715688090387109
betabinomial,Post-transition,19,50,0.85028427037271,3166,3.438408085912824
betabinomial,Post-transition,19,75,0.7944962272525522,2253,2.912561029738127
betabinomial,Post-transition,19,100,0.7507082152974505,1765,2.556373937677054
betabinomial,Post-transition,19,150,0.6836483155299918,1217,2.216926869350863
betabinomial,Post-transition,19,200,0.64501679731243,893,2.0358342665173574
betabinomial,Post-transition,19,300,0.5034965034965035,572,1.7797202797202798
betabinomial,Post-transition,19,400,0.42168674698795183,415,1.6385542168674698
betabinomial,Post-transition,19,600,0.13821138211382114,246,1.4227642276422765
betabinomial,Post-transition,19,800,0.0963855421686747,166,1.3253012048192772
betabinomial,Post-transition,20,25,0.902153731897512,5386,4.696620868919421
betabinomial,Post-transition,20,50,0.8380414312617702,3186,3.4180790960451977
betabinomial,Post-transition,20,75,0.7882764654418197,2286,2.9203849518810148
betabinomial,Post-transition,20,100,0.7491408934707904,1746,2.5853379152348226
betabinomial,Post-transition,20,150,0.6916043225270158,1203,2.231088944305902
betabinomial,Post-transition,20,200,0.6487093153759821,891,2.053872053872054
betabinomial,Post-transition,20,300,0.5461254612546126,542,1.811808118081181
betabinomial,Post-transition,20,400,0.4044665012406948,403,1.588089330024814
betabinomial,Post-transition,20,600,0.17916666666666667,240,1.425
betabinomial,Post-transition,20,800,0.11834319526627218,169,1.301775147928994
betabinomial,Post-transition,21,25,0.9007577157641841,5411,4.698207355387174
betabinomial,Post-transition,21,50,0.84098051539912,3182,3.414833438089252
betabinomial,Post-transition,21,75,0.7912578055307761,2242,2.945584299732382
betabinomial,Post-transition,21,100,0.76029328821207,1773,2.5854483925549916
betabinomial,Post-transition,21,150,0.6674856674856675,1221,2.1834561834561836
betabinomial,Post-transition,21,200,0.6425287356321839,870,2.0436781609195402
betabinomial,Post-transition,21,300,0.5254545454545455,550,1.770909090909091
betabinomial,Post-transition,21,400,0.43842364532019706,406,1.5960591133004927
betabinomial,Post-transition,21,600,0.16317991631799164,239,1.4393305439330544
betabinomial,Post-transition,21,800,0.09316770186335403,161,1.279503105590062
betabinomial,Post-transition,22,25,0.9030269058295964,5352,4.731315396113603
betabinomial,Post-transition,22,50,0.8469548753550016,3169,3.4250552224676554
betabinomial,Post-transition,22,75,0.7855239786856127,2252,2.905861456483126
betabinomial,Post-transition,22,100,0.7734330074755607,1739,2.585393904542841
betabinomial,Post-transition,22,150,0.7013311148086523,1202,2.194675540765391
betabinomial,Post-transition,22,200,0.5961754780652418,889,1.9910011248593926
betabinomial,Post-transition,22,300,0.5459459459459459,555,1.8162162162162163
betabinomial,Post-transition,22,400,0.38461538461538464,416,1.5961538461538463
betabinomial,Post-transition,22,600,0.13821138211382114,246,1.3983739837398375
betabinomial,Post-transition,22,800,0.1165644171779141,163,1.312883435582822
betabinomial,Post-transition,23,25,0.9071598608313496,5461,4.69401208569859
betabinomial,Post-transition,23,50,0.8421721181327405,3149,3.452524610987615
betabinomial,Post-transition,23,75,0.7907692307692308,2275,2.916043956043956
betabinomial,Post-transition,23,100,0.7525195968645016,1786,2.550951847704367
betabinomial,Post-transition,23,150,0.6908171861836563,1187,2.230834035383319
betabinomial,Post-transition,23,200,0.6508120649651972,862,2.0649651972157774
betabinomial,Post-transition,23,300,0.5512104283054003,537,1.7951582867783986
betabinomial,Post-transition,23,400,0.25831202046035806,391,1.60613810741688
betabinomial,Post-transition,23,600,0.12446351931330472,233,1.4506437768240343
betabinomial,Post-transition,23,800,0.09815950920245399,163,1.3251533742331287
betabinomial,Post-transition,24,25,0.9003519170216707,5399,4.730505649194296
betabinomial,Post-transition,24,50,0.8421052631578947,3192,3.4154135338345863
betabinomial,Post-transition,24,75,0.7947368421052632,2280,2.8973684210526316
betabinomial,Post-transition,24,100,0.7673888255416191,1754,2.5838084378563284
betabinomial,Post-transition,24,150,0.6929460580912863,1205,2.2174273858921163
betabinomial,Post-transition,24,200,0.6084538375973304,899,2.0
betabinomial,Post-transition,24,300,0.49023090586145646,563,1.7406749555950267
betabinomial,Post-transition,24,400,0.3989769820971867,391,1.6112531969309463
betabinomial,Post-transition,24,600,0.0995850622406639,241,1.3941908713692945
betabinomial,Post-transition,24,800,0.08917197452229299,157,1.2356687898089171
block,Neutral,0,25,0.8784688995215311,5225,4.220095693779904
block,Neutral,0,50,0.822311289245157,2994,3.137608550434202
block,Neutral,0,75,0.7797590361445783,2075,2.6592771084337348
block,Neutral,0,100,0.7280361757105943,1548,2.396640826873385
block,Neutral,0,150,0.6306042884990254,1026,2.050682261208577
block,Neutral,0,200,0.5595567867036011,722,1.8421052631578947
block,Neutral,0,300,0.3537117903930131,458,1.5589519650655022
block,Neutral,0,400,0.17981072555205047,317,1.4384858044164037
block,Neutral,0,600,0.11585365853658537,164,1.2926829268292683
block,Neutral,0,800,0.0673076923076923,104,1.25
block,Neutral,1,25,0.8803765922097102,5417,4.235554735093225
block,Neutral,1,50,0.8243500317057705,3154,3.1769181991122384
block,Neutral,1,75,0.7798800184586987,2167,2.6986617443470236
block,Neutral,1,100,0.7383004926108374,1624,2.3903940886699506
block,Neutral,1,150,0.6440037771482531,1059,2.0925401322001886
block,Neutral,1,200,0.5261096605744126,766,1.843342036553525
block,Neutral,1,300,0.365702479338843,484,1.603305785123967
block,Neutral,1,400,0.19488817891373802,313,1.476038338658147
block,Neutral,1,600,0.0913978494623656,186,1.3010752688172043
block,Neutral,1,800,0.05982905982905983,117,1.2478632478632479
block,Neutral,2,25,0.8756369126250236,5299,4.254387620305718
block,Neutral,2,50,0.8291541290538281,2991,3.1648278167836845
block,Neutral,2,75,0.7994214079074252,2074,2.695274831243973
block,Neutral,2,100,0.7139272271016311,1594,2.3626097867001254
block,Neutral,2,150,0.6168582375478927,1044,2.0363984674329503
block,Neutral,2,200,0.5301047120418848,764,1.793193717277487
block,Neutral,2,300,0.35443037974683544,474,1.5696202531645569
block,Neutral,2,400,0.1792452830188679,318,1.4591194968553458
block,Neutral,2,600,0.10919540229885058,174,1.3218390804597702
block,Neutral,2,800,0.08108108108108109,111,1.2792792792792793
block,Neutral,3,25,0.8746321365509123,5097,4.143221502844811
block,Neutral,3,50,0.8271562175268444,2887,3.1098025632144095
block,Neutral,3,75,0.7904040404040404,1980,2.6404040404040403
block,Neutral,3,100,0.7210216110019646,1527,2.349705304518664
block,Neutral,3,150,0.6054490413723511,991,2.0302724520686177
block,Neutral,3,200,0.47685834502103785,713,1.7980364656381487
block,Neutral,3,300,0.3522975929978118,457,1.5579868708971554
block,Neutral,3,400,0.15436241610738255,298,1.436241610738255
block,Neutral,3,600,0.14285714285714285,161,1.329192546583851
block,Neutral,3,800,0.09,100,1.26
block,Neutral,4,25,0.8910945183026772,5491,4.347113458386451
block,Neutral,4,50,0.8370086289549377,3129,3.2527964205816553
block,Neutral,4,75,0.8,2185,2.74324942791762
block,Neutral,4,100,0.7200714711137582,1679,2.4347826086956523
block,Neutral,4,150,0.6416666666666667,1080,2.0833333333333335
block,Neutral,4,200,0.5344387755102041,784,1.8801020408163265
block,Neutral,4,300,0.35787321063394684,489,1.5950920245398772
block,Neutral,4,400,0.17210682492581603,337,1.454005934718101
block,Neutral,4,600,0.12290502793296089,179,1.318435754189944
block,Neutral,4,800,0.08403361344537816,119,1.2605042016806722
block,Neutral,5,25,0.8853977479113694,5506,4.32110424990919
block,Neutral,5,50,0.8277081324333012,3111,3.1989713918354226
block,Neutral,5,75,0.7906647807637907,2121,2.776991984912777
block,Neutral,5,100,0.7552019583843329,1634,2.445532435740514
block,Neutral,5,150,0.6402214022140221,1084,2.0867158671586714
block,Neutral,5,200,0.5127877237851662,782,1.8644501278772379
block,Neutral,5,300,0.37777777777777777,495,1.604040404040404
block,Neutral,5,400,0.1921921921921922,333,1.4774774774774775
block,Neutral,5,600,0.14054054054054055,185,1.3621621621621622
block,Neutral,5,800,0.07758620689655173,116,1.2758620689655173
block,Neutral,6,25,0.8806058221872541,5084,4.121951219512195
block,Neutral,6,50,0.8088386433710175,2919,3.0510448783830078
block,Neutral,6,75,0.7517587939698492,1990,2.5919597989949748
block,Neutral,6,100,0.7317880794701986,1510,2.343046357615894
block,Neutral,6,150,0.6191446028513238,982,2.010183299389002
block,Neutral,6,200,0.4463768115942029,690,1.736231884057971
block,Neutral,6,300,0.33489461358313816,427,1.550351288056206
block,Neutral,6,400,0.15517241379310345,290,1.4068965517241379
block,Neutral,6,600,0.13924050632911392,158,1.3164556962025316
block,Neutral,6,800,0.08888888888888889,90,1.2666666666666666
block,Neutral,7,25,0.8848553601815088,5289,4.276044620911326
block,Neutral,7,50,0.8328947368421052,3040,3.163157894736842
block,Neutral,7,75,0.778041825095057,2104,2.6929657794676807
block,Neutral,7,100,0.7435575109993715,1591,2.382149591451917
block,Neutral,7,150,0.6142034548944337,1042,2.034548944337812
block,Neutral,7,200,0.4932795698924731,744,1.8172043010752688
block,Neutral,7,300,0.37310195227765725,461,1.5878524945770065
block,Neutral,7,400,0.1951219512195122,328,1.4573170731707317
block,Neutral,7,600,0.13529411764705881,170,1.3058823529411765
block,Neutral,7,800,0.09174311926605505,109,1.2660550458715596
block,Neutral,8,25,0.8776950215601724,5102,4.13249705997648
block,Neutral,8,50,0.8093587521663779,2885,3.058578856152513
block,Neutral,8,75,0.7682186234817814,1976,2.6285425101214575
block,Neutral,8,100,0.6897905759162304,1528,2.3154450261780104
block,Neutral,8,150,0.5922233300099701,1003,1.988035892323031
block,Neutral,8,200,0.47233468286099867,741,1.7732793522267207
block,Neutral,8,300,0.36818181818181817,440,1.5909090909090908
block,Neutral,8,400,0.1724137931034483,290,1.4620689655172414
block,Neutral,8,600,0.09655172413793103,145,1.3103448275862069
block,Neutral,8,800,0.09183673469387756,98,1.2653061224489797
block,Neutral,9,25,0.8830774723313103,5602,4.3755801499464475
block,Neutral,9,50,0.8403041825095057,3156,3.2807351077313056
block,Neutral,9,75,0.7909706546275395,2215,2.751241534988713
block,Neutral,9,100,0.7261975162625666,1691,2.4399763453577763
block,Neutral,9,150,0.6516956920256646,1091,2.0971585701191566
block,Neutral,9,200,0.5406403940886699,812,1.8694581280788178
block,Neutral,9,300,0.384765625,512,1.6171875
block,Neutral,9,400,0.192090395480226,354,1.4858757062146892
block,Neutral,9,600,0.1218274111675127,197,1.3401015228426396
block,Neutral,9,800,0.0625,112,1.25
block,Neutral,10,25,0.8838862559241706,5064,4.165481832543444
block,Neutral,10,50,0.8278260869565217,2875,3.1116521739130434
block,Neutral,10,75,0.7872233400402414,1988,2.6690140845070425
block,Neutral,10,100,0.7137254901960784,1530,2.372549019607843
block,Neutral,10,150,0.62625250501002,998,2.026052104208417
block,Neutral,10,200,0.4811715481171548,717,1.7852161785216178
block,Neutral,10,300,0.38802660753880264,451,1.6097560975609757
block,Neutral,10,400,0.16233766233766234,308,1.448051948051948
block,Neutral,10,600,0.0728476821192053,151,1.271523178807947
block,Neutral,10,800,0.08,100,1.26
block,Neutral,11,25,0.8721256309590578,5349,4.156290895494485
block,Neutral,11,50,0.8290513833992095,3036,3.1310935441370225
block,Neutral,11,75,0.7739952718676123,2115,2.63451536643026
block,Neutral,11,100,0.7296954314720813,1576,2.3845177664974617
block,Neutral,11,150,0.6024436090225563,1064,2.0169172932330826
block,Neutral,11,200,0.544973544973545,756,1.8042328042328042
block,Neutral,11,300,0.3445378151260504,476,1.5672268907563025
block,Neutral,11,400,0.1755485893416928,319,1.4482758620689655
block,Neutral,11,600,0.096045197740113,177,1.2768361581920904
block,Neutral,11,800,0.07407407407407407,108,1.2222222222222223
block,Neutral,12,25,0.8932594004505285,5771,4.40582221452088
block,Neutral,12,50,0.8366439371479395,3373,3.2356952268010675
block,Neutral,12,75,0.7868923611111112,2304,2.771701388888889
block,Neutral,12,100,0.7152317880794702,1812,2.433774834437086
block,Neutral,12,150,0.6450511945392492,1172,2.1023890784982937
block,Neutral,12,200,0.5475330926594465,831,1.891696750902527
block,Neutral,12,300,0.3731060606060606,528,1.6098484848484849
block,Neutral,12,400,0.30919220055710306,359,1.5153203342618384
block,Neutral,12,600,0.14646464646464646,198,1.3434343434343434
block,Neutral,12,800,0.07377049180327869,122,1.278688524590164
block,Neutral,13,25,0.8803894297635605,5752,4.453407510431155
block,Neutral,13,50,0.839212228101117,3402,3.302763080540858
block,Neutral,13,75,0.7843803056027164,2356,2.7979626485568763
block,Neutral,13,100,0.7604924454392837,1787,2.4778959149412425
block,Neutral,13,150,0.6337308347529813,1174,2.114139693356048
block,Neutral,13,200,0.5196304849884527,866,1.8960739030023095
block,Neutral,13,300,0.4003623188405797,552,1.6376811594202898
block,Neutral,13,400,0.25806451612903225,372,1.5053763440860215
block,Neutral,13,600,0.12135922330097088,206,1.3592233009708738
block,Neutral,13,800,0.07575757575757576,132,1.303030303030303
block,Neutral,14,25,0.8820403825717322,5646,4.360963513992207
block,Neutral,14,50,0.8181536555142503,3228,3.214993804213135
block,Neutral,14,75,0.7908883826879272,2195,2.7608200455580865
block,Neutral,14,100,0.748653500897666,1671,2.4751645721125075
block,Neutral,14,150,0.6273127753303964,1135,2.111013215859031
block,Neutral,14,200,0.5472154963680388,826,1.8716707021791767
block,Neutral,14,300,0.39728682170542634,516,1.624031007751938
block,Neutral,14,400,0.19602272727272727,352,1.4943181818181819
block,Neutral,14,600,0.09644670050761421,197,1.3299492385786802
block,Neutral,14,800,0.07692307692307693,130,1.2615384615384615
block,Neutral,15,25,0.8864729651722147,5197,4.225129882624591
block,Neutral,15,50,0.8329945799457995,2952,3.1476964769647697
block,Neutral,15,75,0.7786445636274988,2051,2.698196001950268
block,Neutral,15,100,0.741956241956242,1554,2.4324324324324325
block,Neutral,15,150,0.6106194690265486,1017,2.062930186823992
block,Neutral,15,200,0.5290148448043185,741,1.835357624831309
block,Neutral,15,300,0.39445628997867804,469,1.6119402985074627
block,Neutral,15,400,0.18506493506493507,308,1.4545454545454546
block,Neutral,15,600,0.12352941176470589,170,1.3176470588235294
block,Neutral,15,800,0.08333333333333333,108,1.2592592592592593
block,Neutral,16,25,0.8784059314179796,5395,4.278405931417979
block,Neutral,16,50,0.8202973497091144,3094,3.163542340012928
block,Neutral,16,75,0.793462813832307,2111,2.7247749881572716
block,Neutral,16,100,0.7363636363636363,1650,2.4096969696969697
block,Neutral,16,150,0.5967002749770852,1091,2.0439963336388636
block,Neutral,16,200,0.5329949238578681,788,1.8248730964467006
block,Neutral,16,300,0.3604887983706721,491,1.584521384928717
block,Neutral,16,400,0.2043343653250774,323,1.498452012383901
block,Neutral,16,600,0.11827956989247312,186,1.3118279569892473
block,Neutral,16,800,0.08849557522123894,113,1.2743362831858407
block,Neutral,17,25,0.8798672952680286,5727,4.3586519993015544
block,Neutral,17,50,0.8272783251231527,3248,3.250615763546798
block,Neutral,17,75,0.7836021505376344,2232,2.760752688172043
block,Neutral,17,100,0.743455497382199,1719,2.4630599185573008
block,Neutral,17,150,0.6436170212765957,1128,2.097517730496454
block,Neutral,17,200,0.5509708737864077,824,1.8737864077669903
block,Neutral,17,300,0.35361216730038025,526,1.596958174904943
block,Neutral,17,400,0.25833333333333336,360,1.5
block,Neutral,17,600,0.11458333333333333,192,1.3333333333333333
block,Neutral,17,800,0.058823529411764705,119,1.2941176470588236
block,Neutral,18,25,0.8783291818356007,5219,4.188158651082583
block,Neutral,18,50,0.8368673050615595,2924,3.1703146374829
block,Neutral,18,75,0.7826510721247564,2052,2.675438596491228
block,Neutral,18,100,0.7421625079974408,1563,2.4209852847088933
block,Neutral,18,150,0.5889212827988338,1029,2.0369290573372205
block,Neutral,18,200,0.5236167341430499,741,1.8326585695006747
block,Neutral,18,300,0.3676148796498906,457,1.575492341356674
block,Neutral,18,400,0.1892744479495268,317,1.4321766561514195
block,Neutral,18,600,0.12790697674418605,172,1.313953488372093
block,Neutral,18,800,0.09433962264150944,106,1.2641509433962264
block,Neutral,19,25,0.888148667601683,5704,4.372720897615708
block,Neutral,19,50,0.8284389489953632,3235,3.2228748068006183
block,Neutral,19,75,0.7886435331230284,2219,2.7670121676430823
block,Neutral,19,100,0.731535756154748,1706,2.4443141852286048
block,Neutral,19,150,0.6289592760180995,1105,2.0941176470588236
block,Neutral,19,200,0.5317073170731708,820,1.851219512195122
block,Neutral,19,300,0.3934740882917466,521,1.6238003838771593
block,Neutral,19,400,0.20809248554913296,346,1.4971098265895955
block,Neutral,19,600,0.08108108108108109,185,1.3405405405405406
block,Neutral,19,800,0.078125,128,1.28125
block,Neutral,20,25,0.8858574610244989,5388,4.301039346696363
block,Neutral,20,50,0.8290206354405503,3053,3.1870291516541105
block,Neutral,20,75,0.7952090183184594,2129,2.7167684358853923
block,Neutral,20,100,0.7369069624152803,1623,2.4128157732593962
block,Neutral,20,150,0.621996303142329,1082,2.044362292051756
block,Neutral,20,200,0.5212903225806451,775,1.8348387096774192
block,Neutral,20,300,0.28991596638655465,476,1.588235294117647
block,Neutral,20,400,0.19169329073482427,313,1.4696485623003195
block,Neutral,20,600,0.10497237569060773,181,1.292817679558011
block,Neutral,20,800,0.08620689655172414,116,1.293103448275862
block,Neutral,21,25,0.8879607771926639,5507,4.295623751588887
block,Neutral,21,50,0.8257839721254355,3157,3.223946784922395
block,Neutral,21,75,0.7863677950594693,2186,2.757548032936871
block,Neutral,21,100,0.7492465340566606,1659,2.4737793851717904
block,Neutral,21,150,0.6449814126394052,1076,2.109665427509294
block,Neutral,21,200,0.5334174022698613,793,1.8461538461538463
block,Neutral,21,300,0.3790322580645161,496,1.6048387096774193
block,Neutral,21,400,0.26239067055393583,343,1.498542274052478
block,Neutral,21,600,0.12903225806451613,186,1.3333333333333333
block,Neutral,21,800,0.08695652173913043,115,1.2695652173913043
block,Neutral,22,25,0.8764955615592436,5182,4.192589733693555
block,Neutral,22,50,0.82371240926374,2893,3.0957483581057725
block,Neutral,22,75,0.779265873015873,2016,2.6646825396825395
block,Neutral,22,100,0.731675392670157,1528,2.3782722513089007
block,Neutral,22,150,0.6071076011846002,1013,2.013820335636723
block,Neutral,22,200,0.506155950752394,731,1.7975376196990425
block,Neutral,22,300,0.3131991051454139,447,1.5973154362416107
block,Neutral,22,400,0.19480519480519481,308,1.448051948051948
block,Neutral,22,600,0.06962025316455696,158,1.2784810126582278
block,Neutral,22,800,0.0891089108910891,101,1.2673267326732673
block,Neutral,23,25,0.8804526373425807,5479,4.288373790837744
block,Neutral,23,50,0.8330109606705351,3102,3.175370728562218
block,Neutral,23,75,0.7836065573770492,2135,2.6894613583138174
block,Neutral,23,100,0.74906600249066,1606,2.4022415940224158
block,Neutral,23,150,0.6188679245283019,1060,2.047169811320755
block,Neutral,23,200,0.4840357598978289,783,1.793103448275862
block,Neutral,23,300,0.33535353535353535,495,1.5717171717171716
block,Neutral,23,400,0.26517571884984026,313,1.4824281150159744
block,Neutral,23,600,0.07142857142857142,168,1.3333333333333333
block,Neutral,23,800,0.06666666666666667,105,1.2571428571428571
block,Neutral,24,25,0.8860782529572339,5495,4.336669699727024
block,Neutral,24,50,0.8235294117647058,3213,3.1633986928104574
block,Neutral,24,75,0.781021897810219,2192,2.687043795620438
block,Neutral,24,100,0.7327272727272728,1650,2.4084848484848487
block,Neutral,24,150,0.6043755697356427,1097,2.063810391978122
block,Neutral,24,200,0.5252525252525253,792,1.8282828282828283
block,Neutral,24,300,0.35700197238658776,507,1.581854043392505
block,Neutral,24,400,0.20679012345679013,324,1.4691358024691359
block,Neutral,24,600,0.11797752808988764,178,1.3370786516853932
block,Neutral,24,800,0.08333333333333333,120,1.2666666666666666
block,Pre-transition,0,25,0.892949939372943,5773,4.423003637623419
block,Pre-transition,0,50,0.8411069651741293,3216,3.2866915422885574
block,Pre-transition,0,75,0.7807675341861491,2267,2.7437141596823995
block,Pre-transition,0,100,0.7455072463768115,1725,2.4568115942028985
block,Pre-transition,0,150,0.6383169203222918,1117,2.100268576544315
block,Pre-transition,0,200,0.5411622276029056,826,1.883777239709443
block,Pre-transition,0,300,0.43917525773195876,485,1.6412371134020618
block,Pre-transition,0,400,0.3225806451612903,341,1.5073313782991202
block,Pre-transition,0,600,0.15979381443298968,194,1.3608247422680413
block,Pre-transition,0,800,0.13709677419354838,124,1.2903225806451613
block,Pre-transition,1,25,0.8935309973045822,5936,4.415768194070081
block,Pre-transition,1,50,0.8462000600781016,3329,3.2808651246620606
block,Pre-transition,1,75,0.7926881720430108,2325,2.7561290322580647
block,Pre-transition,1,100,0.7541452258433391,1749,2.4791309319611208
block,Pre-transition,1,150,0.6366782006920415,1156,2.0709342560553634
block,Pre-transition,1,200,0.5841232227488151,844,1.9075829383886256
block,Pre-transition,1,300,0.41448692152917505,497,1.6458752515090542
block,Pre-transition,1,400,0.28488372093023256,344,1.5
block,Pre-transition,1,600,0.18421052631578946,190,1.3894736842105264
block,Pre-transition,1,800,0.15178571428571427,112,1.375
block,Pre-transition,2,25,0.8923449110074304,5787,4.357007084845343
block,Pre-transition,2,50,0.831076923076923,3250,3.201230769230769
block,Pre-transition,2,75,0.7917034421888791,2266,2.7369814651368047
block,Pre-transition,2,100,0.7129575828006973,1721,2.42068564787914
block,Pre-transition,2,150,0.6257889990982868,1109,2.0937781785392247
block,Pre-transition,2,200,0.5606435643564357,808,1.8762376237623761
block,Pre-transition,2,300,0.4143763213530655,473,1.6321353065539113
block,Pre-transition,2,400,0.3583061889250814,307,1.5570032573289903
block,Pre-transition,2,600,0.20430107526881722,186,1.3870967741935485
block,Pre-transition,2,800,0.11428571428571428,105,1.3523809523809525
block,Pre-transition,3,25,0.8920532060027285,5864,4.425648021828104
block,Pre-transition,3,50,0.8332315210751374,3274,3.273060476481368
block,Pre-transition,3,75,0.7969365426695842,2285,2.787746170678337
block,Pre-transition,3,100,0.7380812242495586,1699,2.4543849323131255
block,Pre-transition,3,150,0.6418312387791741,1114,2.104129263913824
block,Pre-transition,3,200,0.5819277108433735,830,1.927710843373494
block,Pre-transition,3,300,0.42655935613682094,497,1.6498993963782695
block,Pre-transition,3,400,0.3171428571428571,350,1.5085714285714287
block,Pre-transition,3,600,0.1978021978021978,182,1.3956043956043955
block,Pre-transition,3,800,0.1732283464566929,127,1.3385826771653544
block,Pre-transition,4,25,0.8966367318189822,5679,4.421905265011445
block,Pre-transition,4,50,0.8309946990957281,3207,3.2797006548175864
block,Pre-transition,4,75,0.7778776978417267,2224,2.764388489208633
block,Pre-transition,4,100,0.7437574316290131,1682,2.4625445897740783
block,Pre-transition,4,150,0.6414233576642335,1096,2.085766423357664
block,Pre-transition,4,200,0.5796737766624843,797,1.8946047678795483
block,Pre-transition,4,300,0.3617886178861789,492,1.6341463414634145
block,Pre-transition,4,400,0.2898550724637681,345,1.489855072463768
block,Pre-transition,4,600,0.1827956989247312,186,1.3763440860215055
block,Pre-transition,4,800,0.18803418803418803,117,1.3504273504273505
block,Pre-transition,5,25,0.8963963963963963,5772,4.445599445599446
block,Pre-transition,5,50,0.8448328733517326,3261,3.2609628948175406
block,Pre-transition,5,75,0.7864077669902912,2266,2.7572815533980584
block,Pre-transition,5,100,0.7320185614849188,1724,2.4756380510440836
block,Pre-transition,5,150,0.6414930555555556,1152,2.1006944444444446
block,Pre-transition,5,200,0.5554272517321016,866,1.909930715935335
block,Pre-transition,5,300,0.368,500,1.656
block,Pre-transition,5,400,0.30654761904761907,336,1.505952380952381
block,Pre-transition,5,600,0.22162162162162163,185,1.4054054054054055
block,Pre-transition,5,800,0.10317460317460317,126,1.3015873015873016
block,Pre-transition,6,25,0.8953429297205758,5905,4.486367485182049
block,Pre-transition,6,50,0.8527459263729632,3314,3.333132166566083
block,Pre-transition,6,75,0.7850707850707851,2331,2.8116688116688118
block,Pre-transition,6,100,0.7484524479459763,1777,2.4805852560495216
block,Pre-transition,6,150,0.6622185154295246,1199,2.140116763969975
block,Pre-transition,6,200,0.5812356979405034,874,1.9061784897025171
block,Pre-transition,6,300,0.4618320610687023,524,1.6908396946564885
block,Pre-transition,6,400,0.3206997084548105,343,1.5160349854227406
block,Pre-transition,6,600,0.1791044776119403,201,1.373134328358209
block,Pre-transition,6,800,0.140625,128,1.359375
block,Pre-transition,7,25,0.8998106386641419,5809,4.5006025133413665
block,Pre-transition,7,50,0.8417992656058751,3268,3.3188494492044063
block,Pre-transition,7,75,0.7972449418854929,2323,2.7894963409384417
block,Pre-transition,7,100,0.7406143344709898,1758,2.522184300341297
block,Pre-transition,7,150,0.6512820512820513,1170,2.14017094017094
block,Pre-transition,7,200,0.5833333333333334,876,1.9360730593607305
block,Pre-transition,7,300,0.4327485380116959,513,1.695906432748538
block,Pre-transition,7,400,0.3438395415472779,349,1.5472779369627507
block,Pre-transition,7,600,0.1791044776119403,201,1.3830845771144278
block,Pre-transition,7,800,0.16030534351145037,131,1.3435114503816794
block,Pre-transition,8,25,0.8716087122659534,5234,4.048910966755828
block,Pre-transition,8,50,0.8109965635738832,2910,3.0151202749140893
block,Pre-transition,8,75,0.7624309392265194,1991,2.561526870919136
block,Pre-transition,8,100,0.6971925133689839,1496,2.2620320855614975
block,Pre-transition,8,150,0.5687303252885625,953,1.949632738719832
block,Pre-transition,8,200,0.47368421052631576,684,1.760233918128655
block,Pre-transition,8,300,0.3575,400,1.555
block,Pre-transition,8,400,0.18545454545454546,275,1.461818181818182
block,Pre-transition,8,600,0.1360544217687075,147,1.3333333333333333
block,Pre-transition,8,800,0.1,90,1.2666666666666666
block,Pre-transition,9,25,0.8894790952707334,5836,4.414324880054832
block,Pre-transition,9,50,0.8412600370599135,3238,3.284126003705991
block,Pre-transition,9,75,0.7747708424268879,2291,2.74814491488433
block,Pre-transition,9,100,0.7400576368876081,1735,2.486455331412104
block,Pre-transition,9,150,0.6439929328621908,1132,2.114840989399293
block,Pre-transition,9,200,0.5498783454987834,822,1.900243309002433
block,Pre-transition,9,300,0.41,500,1.656
block,Pre-transition,9,400,0.2932551319648094,341,1.501466275659824
block,Pre-transition,9,600,0.18041237113402062,194,1.3711340206185567
block,Pre-transition,9,800,0.13934426229508196,122,1.3114754098360655
block,Pre-transition,10,25,0.8900478796169631,5848,4.441518467852257
block,Pre-transition,10,50,0.8326219512195122,3280,3.3128048780487807
block,Pre-transition,10,75,0.7885288966725044,2284,2.7819614711033274
block,Pre-transition,10,100,0.7489711934156379,1701,2.480893592004703
block,Pre-transition,10,150,0.6412280701754386,1140,2.1
block,Pre-transition,10,200,0.5385514018691588,856,1.9158878504672898
block,Pre-transition,10,300,0.41796875,512,1.65234375
block,Pre-transition,10,400,0.32934131736526945,334,1.532934131736527
block,Pre-transition,10,600,0.20207253886010362,193,1.4300518134715026
block,Pre-transition,10,800,0.14728682170542637,129,1.302325581395349
block,Pre-transition,11,25,0.9004762686812284,6089,4.623419280670061
block,Pre-transition,11,50,0.853841709994223,3462,3.3853264009243214
block,Pre-transition,11,75,0.7803985359902399,2459,2.8174054493696623
block,Pre-transition,11,100,0.7533297815663292,1877,2.5732551944592434
block,Pre-transition,11,150,0.6432,1250,2.1488
block,Pre-transition,11,200,0.5823336968375137,917,1.9411123227917122
block,Pre-transition,11,300,0.40463458110516937,561,1.696969696969697
block,Pre-transition,11,400,0.335149863760218,367,1.5858310626702998
block,Pre-transition,11,600,0.1875,208,1.4134615384615385
block,Pre-transition,11,800,0.1357142857142857,140,1.3428571428571427
block,Pre-transition,12,25,0.8995938261575954,6155,4.634930950446791
block,Pre-transition,12,50,0.8412789037967456,3503,3.3976591493005994
block,Pre-transition,12,75,0.8043300653594772,2448,2.872549019607843
block,Pre-transition,12,100,0.7664893617021277,1880,2.581914893617021
block,Pre-transition,12,150,0.6628940986257074,1237,2.1713823767178657
block,Pre-transition,12,200,0.6173245614035088,912,1.9736842105263157
block,Pre-transition,12,300,0.4474153297682709,561,1.6898395721925135
block,Pre-transition,12,400,0.3434065934065934,364,1.5714285714285714
block,Pre-transition,12,600,0.2087378640776699,206,1.3883495145631068
block,Pre-transition,12,800,0.20610687022900764,131,1.3893129770992367
block,Pre-transition,13,25,0.8929415737926376,5922,4.452549814251942
block,Pre-transition,13,50,0.8384146341463414,3280,3.3140243902439024
block,Pre-transition,13,75,0.7874624302275655,2329,2.802060970373551
block,Pre-transition,13,100,0.7461669505962522,1761,2.458830210107893
block,Pre-transition,13,150,0.6712564543889845,1162,2.134251290877797
block,Pre-transition,13,200,0.5798816568047337,845,1.9289940828402368
block,Pre-transition,13,300,0.41935483870967744,496,1.6733870967741935
block,Pre-transition,13,400,0.3137254901960784,357,1.5014005602240896
block,Pre-transition,13,600,0.1485148514851485,202,1.3267326732673268
block,Pre-transition,13,800,0.16101694915254236,118,1.3559322033898304
block,Pre-transition,14,25,0.8815646504889533,5522,4.201738500543281
block,Pre-transition,14,50,0.8280839895013123,3048,3.1423884514435696
block,Pre-transition,14,75,0.7716721932733301,2111,2.6451918522027476
block,Pre-transition,14,100,0.7282471626733922,1586,2.382093316519546
block,Pre-transition,14,150,0.622568093385214,1028,2.0311284046692606
block,Pre-transition,14,200,0.5468956406869221,757,1.8177014531043594
block,Pre-transition,14,300,0.34451901565995524,447,1.5570469798657718
block,Pre-transition,14,400,0.272108843537415,294,1.4965986394557824
block,Pre-transition,14,600,0.17682926829268292,164,1.3658536585365855
block,Pre-transition,14,800,0.11538461538461539,104,1.25
block,Pre-transition,15,25,0.9036065573770492,6100,4.604918032786885
block,Pre-transition,15,50,0.8379710144927536,3450,3.349565217391304
block,Pre-transition,15,75,0.7893442622950819,2440,2.8508196721311476
block,Pre-transition,15,100,0.7512116316639742,1857,2.5471190091545504
block,Pre-transition,15,150,0.6564762670957361,1243,2.1802091713596137
block,Pre-transition,15,200,0.5886917960088692,902,1.93569844789357
block,Pre-transition,15,300,0.4953789279112754,541,1.722735674676525
block,Pre-transition,15,400,0.3524590163934426,366,1.5573770491803278
block,Pre-transition,15,600,0.19801980198019803,202,1.386138613861386
block,Pre-transition,15,800,0.1732283464566929,127,1.3700787401574803
block,Pre-transition,16,25,0.9017292983039574,6014,4.593614898570003
block,Pre-transition,16,50,0.8356045230501594,3449,3.350536387358655
block,Pre-transition,16,75,0.7937106918238994,2385,2.871278825995807
block,Pre-transition,16,100,0.7523236741388737,1829,2.5598687807545106
block,Pre-transition,16,150,0.6757843925985519,1243,2.1753821399839097
block,Pre-transition,16,200,0.5851528384279476,916,1.945414847161572
block,Pre-transition,16,300,0.44424131627056673,547,1.7184643510054844
block,Pre-transition,16,400,0.33045977011494254,348,1.5804597701149425
block,Pre-transition,16,600,0.1902439024390244,205,1.3756097560975609
block,Pre-transition,16,800,0.19548872180451127,133,1.3533834586466165
block,Pre-transition,17,25,0.8935739585090234,5929,4.513408669252825
block,Pre-transition,17,50,0.8465465465465466,3330,3.3495495495495495
block,Pre-transition,17,75,0.8024744027303754,2344,2.8139931740614332
block,Pre-transition,17,100,0.754769921436588,1782,2.51290684624018
block,Pre-transition,17,150,0.6546700942587832,1167,2.138817480719794
block,Pre-transition,17,200,0.5655172413793104,870,1.9333333333333333
block,Pre-transition,17,300,0.40535372848948376,523,1.6673040152963672
block,Pre-transition,17,400,0.3407202216066482,361,1.518005540166205
block,Pre-transition,17,600,0.175,200,1.38
block,Pre-transition,17,800,0.16153846153846155,130,1.3384615384615384
block,Pre-transition,18,25,0.8972884141331142,6085,4.604765817584224
block,Pre-transition,18,50,0.8428448523085748,3487,3.37310008603384
block,Pre-transition,18,75,0.7975460122699386,2445,2.8335378323108387
block,Pre-transition,18,100,0.7422245651027939,1897,2.514496573537164
block,Pre-transition,18,150,0.6559743384121892,1247,2.1507618283881316
block,Pre-transition,18,200,0.5852017937219731,892,1.937219730941704
block,Pre-transition,18,300,0.4232902033271719,541,1.6857670979667283
block,Pre-transition,18,400,0.3342696629213483,356,1.5449438202247192
block,Pre-transition,18,600,0.18719211822660098,203,1.4088669950738917
block,Pre-transition,18,800,0.21014492753623187,138,1.3768115942028984
block,Pre-transition,19,25,0.8888888888888888,5526,4.287730727470141
block,Pre-transition,19,50,0.8223598435462842,3068,3.1766623207301175
block,Pre-transition,19,75,0.7847512784751278,2151,2.7317526731752673
block,Pre-transition,19,100,0.7306501547987616,1615,2.4074303405572754
block,Pre-transition,19,150,0.6055813953488373,1075,2.050232558139535
block,Pre-transition,19,200,0.5125,800,1.8425
block,Pre-transition,19,300,0.3956989247311828,465,1.6344086021505377
block,Pre-transition,19,400,0.3235294117647059,306,1.5098039215686274
block,Pre-transition,19,600,0.17679558011049723,181,1.3480662983425415
block,Pre-transition,19,800,0.1588785046728972,107,1.3271028037383177
block,Pre-transition,20,25,0.886832363828662,5673,4.300722721664022
block,Pre-transition,20,50,0.8301886792452831,3180,3.1830188679245284
block,Pre-transition,20,75,0.7663636363636364,2200,2.679090909090909
block,Pre-transition,20,100,0.7321428571428571,1624,2.3891625615763545
block,Pre-transition,20,150,0.6349056603773585,1060,2.0735849056603772
block,Pre-transition,20,200,0.5335917312661499,774,1.8527131782945736
block,Pre-transition,20,300,0.3362255965292842,461,1.5921908893709327
block,Pre-transition,20,400,0.2852664576802508,319,1.4357366771159874
block,Pre-transition,20,600,0.15028901734104047,173,1.3179190751445087
block,Pre-transition,20,800,0.1650485436893204,103,1.3203883495145632
block,Pre-transition,21,25,0.9026430244228839,5978,4.631649381063901
block,Pre-transition,21,50,0.8357600465928946,3434,3.324403028538148
block,Pre-transition,21,75,0.7868991918332624,2351,2.8515525308379415
block,Pre-transition,21,100,0.7522026431718062,1816,2.553964757709251
block,Pre-transition,21,150,0.6620745542949756,1234,2.1636952998379253
block,Pre-transition,21,200,0.5858585858585859,891,1.9349046015712683
block,Pre-transition,21,300,0.4376130198915009,553,1.732368896925859
block,Pre-transition,21,400,0.329700272479564,367,1.564032697547684
block,Pre-transition,21,600,0.24644549763033174,211,1.4123222748815165
block,Pre-transition,21,800,0.13013698630136986,146,1.3287671232876712
block,Pre-transition,22,25,0.8834279630943932,5636,4.363023420865862
block,Pre-transition,22,50,0.8363000635727909,3146,3.246026700572155
block,Pre-transition,22,75,0.7878925807919891,2197,2.761948111060537
block,Pre-transition,22,100,0.7483870967741936,1705,2.4304985337243403
block,Pre-transition,22,150,0.6322869955156951,1115,2.073542600896861
block,Pre-transition,22,200,0.5782227784730913,799,1.902377972465582
block,Pre-transition,22,300,0.39148073022312374,493,1.6267748478701824
block,Pre-transition,22,400,0.32098765432098764,324,1.5123456790123457
block,Pre-transition,22,600,0.1878453038674033,181,1.3701657458563536
block,Pre-transition,22,800,0.12844036697247707,109,1.3211009174311927
block,Pre-transition,23,25,0.8925494171312722,5919,4.517317114377429
block,Pre-transition,23,50,0.8388256440982624,3338,3.3451168364289994
block,Pre-transition,23,75,0.7925170068027211,2352,2.814625850340136
block,Pre-transition,23,100,0.7446340121078702,1817,2.5250412768299393
block,Pre-transition,23,150,0.6404782237403929,1171,2.155422715627669
block,Pre-transition,23,200,0.6002331002331003,858,1.9463869463869463
block,Pre-transition,23,300,0.45692883895131087,534,1.6853932584269662
block,Pre-transition,23,400,0.3159340659340659,364,1.5274725274725274
block,Pre-transition,23,600,0.19801980198019803,202,1.3564356435643565
block,Pre-transition,23,800,0.18333333333333332,120,1.35
block,Pre-transition,24,25,0.8922919857069934,5877,4.461119618853156
block,Pre-transition,24,50,0.8257508177222718,3363,3.2673208444840918
block,Pre-transition,24,75,0.7934640522875817,2295,2.8034858387799564
block,Pre-transition,24,100,0.7673065735892961,1719,2.5119255381035486
block,Pre-transition,24,150,0.6384279475982533,1145,2.1170305676855894
block,Pre-transition,24,200,0.566747572815534,824,1.9004854368932038
block,Pre-transition,24,300,0.42916666666666664,480,1.6916666666666667
block,Pre-transition,24,400,0.296969696969697,330,1.5151515151515151
block,Pre-transition,24,600,0.2193877551020408,196,1.4081632653061225
block,Pre-transition,24,800,0.16666666666666666,126,1.3015873015873016
block,Post-transition,0,25,0.9188386671065655,6062,5.080501484658528
block,Post-transition,0,50,0.8707579185520362,3536,3.6668552036199094
block,Post-transition,0,75,0.8108108108108109,2516,3.0715421303656596
block,Post-transition,0,100,0.766378872524124,1969,2.724225495175216
block,Post-transition,0,150,0.7187958883994127,1362,2.3186490455212923
block,Post-transition,0,200,0.6774193548387096,992,2.092741935483871
block,Post-transition,0,300,0.5296,625,1.8048
block,Post-transition,0,400,0.4069767441860465,430,1.627906976744186
block,Post-transition,0,600,0.15444015444015444,259,1.444015444015444
block,Post-transition,0,800,0.12138728323699421,173,1.3410404624277457
block,Post-transition,1,25,0.9002672903441363,5986,4.867023053792182
block,Post-transition,1,50,0.8541484716157205,3435,3.573216885007278
block,Post-transition,1,75,0.7957342083675144,2438,3.010664479081214
block,Post-transition,1,100,0.7505330490405118,1876,2.6631130063965887
block,Post-transition,1,150,0.7108339828526891,1283,2.3273577552611067
block,Post-transition,1,200,0.6688172043010753,930,2.1268817204301076
block,Post-transition,1,300,0.5085910652920962,582,1.8556701030927836
block,Post-transition,1,400,0.45265588914549654,433,1.6397228637413395
block,Post-transition,1,600,0.15849056603773584,265,1.471698113207547
block,Post-transition,1,800,0.11731843575418995,179,1.3519553072625698
block,Post-transition,2,25,0.9049563764618526,5387,4.768145535548543
block,Post-transition,2,50,0.8537825810553084,3146,3.472981563890655
block,Post-transition,2,75,0.7877019748653501,2228,2.9578096947935366
block,Post-transition,2,100,0.7428407789232532,1746,2.5945017182130585
block,Post-transition,2,150,0.6983857264231096,1177,2.2124044180118947
block,Post-transition,2,200,0.6593533487297921,866,2.032332563510393
block,Post-transition,2,300,0.5122873345935728,529,1.7844990548204158
block,Post-transition,2,400,0.39896373056994816,386,1.5958549222797926
block,Post-transition,2,600,0.11818181818181818,220,1.4454545454545455
block,Post-transition,2,800,0.11392405063291139,158,1.2658227848101267
block,Post-transition,3,25,0.9046413502109705,5925,4.950548523206751
block,Post-transition,3,50,0.8523878437047757,3455,3.577424023154848
block,Post-transition,3,75,0.8126298296634815,2407,3.043622766929788
block,Post-transition,3,100,0.7636554621848739,1904,2.6995798319327733
block,Post-transition,3,150,0.7270588235294118,1275,2.312156862745098
block,Post-transition,3,200,0.684887459807074,933,2.1436227224008575
block,Post-transition,3,300,0.532871972318339,578,1.8512110726643598
block,Post-transition,3,400,0.4244604316546763,417,1.645083932853717
block,Post-transition,3,600,0.16342412451361868,257,1.4785992217898833
block,Post-transition,3,800,0.11627906976744186,172,1.3372093023255813
block,Post-transition,4,25,0.9104876419505677,5988,5.0143620574482295
block,Post-transition,4,50,0.8596142938173568,3526,3.5972773681225183
block,Post-transition,4,75,0.7953451043338684,2492,3.044943820224719
block,Post-transition,4,100,0.7740259740259741,1925,2.7085714285714286
block,Post-transition,4,150,0.7132243684992571,1346,2.3105497771173846
block,Post-transition,4,200,0.6550348953140578,1003,2.0717846460618143
block,Post-transition,4,300,0.5252854812398042,613,1.7748776508972268
block,Post-transition,4,400,0.4513064133016627,421,1.6342042755344417
block,Post-transition,4,600,0.1484375,256,1.40625
block,Post-transition,4,800,0.11173184357541899,179,1.329608938547486
block,Post-transition,5,25,0.9026090064331665,5596,4.818084345961401
block,Post-transition,5,50,0.8464831804281345,3270,3.491131498470948
block,Post-transition,5,75,0.793576017130621,2335,2.9721627408993574
block,Post-transition,5,100,0.7534246575342466,1825,2.627945205479452
block,Post-transition,5,150,0.7176954732510288,1215,2.3045267489711936
block,Post-transition,5,200,0.6499442586399108,897,2.091415830546265
block,Post-transition,5,300,0.5234657039711191,554,1.8050541516245486
block,Post-transition,5,400,0.44364508393285373,417,1.6354916067146283
block,Post-transition,5,600,0.13793103448275862,232,1.4137931034482758
block,Post-transition,5,800,0.08235294117647059,170,1.2823529411764707
block,Post-transition,6,25,0.9119453924914676,5860,4.933447098976109
block,Post-transition,6,50,0.8586892919836161,3418,3.5330602691632533
block,Post-transition,6,75,0.8041580041580042,2405,2.9970893970893973
block,Post-transition,6,100,0.7560581583198708,1857,2.6365105008077543
block,Post-transition,6,150,0.68984375,1280,2.253125
block,Post-transition,6,200,0.6456361724500526,951,2.0588853838065195
block,Post-transition,6,300,0.528695652173913,575,1.8156521739130436
block,Post-transition,6,400,0.36992840095465396,419,1.5894988066825775
block,Post-transition,6,600,0.21397379912663755,229,1.4759825327510918
block,Post-transition,6,800,0.13043478260869565,161,1.3416149068322982
block,Post-transition,7,25,0.8978300180831826,5530,4.674502712477396
block,Post-transition,7,50,0.8372020075282308,3188,3.4265997490589712
block,Post-transition,7,75,0.7720685111989459,2277,2.8607817303469476
block,Post-transition,7,100,0.7466743782533256,1729,2.5540775014459225
block,Post-transition,7,150,0.6927710843373494,1162,2.216867469879518
block,Post-transition,7,200,0.6447831184056272,853,2.0351699882766705
block,Post-transition,7,300,0.5096153846153846,520,1.8269230769230769
block,Post-transition,7,400,0.40931372549019607,408,1.607843137254902
block,Post-transition,7,600,0.14035087719298245,228,1.4035087719298245
block,Post-transition,7,800,0.12987012987012986,154,1.2987012987012987
block,Post-transition,8,25,0.9114417286574567,5646,4.942614240170032
block,Post-transition,8,50,0.8515151515151516,3300,3.543030303030303
block,Post-transition,8,75,0.8047740835464621,2346,3.0170502983802217
block,Post-transition,8,100,0.7613762486126526,1802,2.6637069922308547
block,Post-transition,8,150,0.7018385291766587,1251,2.2158273381294964
block,Post-transition,8,200,0.6563876651982379,908,2.041850220264317
block,Post-transition,8,300,0.5313059033989267,559,1.8103756708407872
block,Post-transition,8,400,0.4090909090909091,396,1.601010101010101
block,Post-transition,8,600,0.16666666666666666,234,1.452991452991453
block,Post-transition,8,800,0.11585365853658537,164,1.2926829268292683
block,Post-transition,9,25,0.9052275960170697,5624,4.846372688477952
block,Post-transition,9,50,0.8446423088731962,3257,3.5191894381332514
block,Post-transition,9,75,0.7973206568712187,2314,3.004321521175454
block,Post-transition,9,100,0.7473800330943188,1813,2.6089354660783233
block,Post-transition,9,150,0.7101568951279934,1211,2.307184145334434
block,Post-transition,9,200,0.6382513661202186,915,2.0655737704918034
block,Post-transition,9,300,0.5070921985815603,564,1.7943262411347518
block,Post-transition,9,400,0.45161290322580644,403,1.6575682382133996
block,Post-transition,9,600,0.14285714285714285,245,1.420408163265306
block,Post-transition,9,800,0.10119047619047619,168,1.2857142857142858
block,Post-transition,10,25,0.9087465564738292,5808,4.871212121212121
block,Post-transition,10,50,0.8497751124437781,3335,3.553223388305847
block,Post-transition,10,75,0.7988945578231292,2352,2.995748299319728
block,Post-transition,10,100,0.7585458491589799,1843,2.644601193705914
block,Post-transition,10,150,0.7183770883054893,1257,2.2688941925218775
block,Post-transition,10,200,0.6492942453854506,921,2.0694896851248643
block,Post-transition,10,300,0.5070422535211268,568,1.778169014084507
block,Post-transition,10,400,0.3645320197044335,406,1.6059113300492611
block,Post-transition,10,600,0.19915254237288135,236,1.4491525423728813
block,Post-transition,10,800,0.13125,160,1.325
block,Post-transition,11,25,0.9032917984005951,5377,4.716012646457132
block,Post-transition,11,50,0.8552418046088932,3081,3.424212917883804
block,Post-transition,11,75,0.8008241758241759,2184,2.913003663003663
block,Post-transition,11,100,0.7494075829383886,1688,2.580568720379147
block,Post-transition,11,150,0.6804478897502153,1161,2.2256675279931093
block,Post-transition,11,200,0.6546329723225031,831,2.0481347773766547
block,Post-transition,11,300,0.5271317829457365,516,1.821705426356589
block,Post-transition,11,400,0.3973333333333333,375,1.632
block,Post-transition,11,600,0.1308411214953271,214,1.4205607476635513
block,Post-transition,11,800,0.08441558441558442,154,1.2597402597402598
block,Post-transition,12,25,0.9048023078228407,5893,4.909553707788902
block,Post-transition,12,50,0.8520231213872832,3460,3.576878612716763
block,Post-transition,12,75,0.7939843428100536,2427,3.015245158632056
block,Post-transition,12,100,0.7401041666666667,1920,2.638541666666667
block,Post-transition,12,150,0.7110939907550077,1298,2.315870570107858
block,Post-transition,12,200,0.6601842374616171,977,2.0716479017400204
block,Post-transition,12,300,0.5421686746987951,581,1.810671256454389
block,Post-transition,12,400,0.42142857142857143,420,1.638095238095238
block,Post-transition,12,600,0.1752988047808765,251,1.4422310756972112
block,Post-transition,12,800,0.10526315789473684,171,1.3216374269005848
block,Post-transition,13,25,0.9108469539375929,6057,5.017005118045237
block,Post-transition,13,50,0.8647260273972602,3504,3.6192922374429224
block,Post-transition,13,75,0.8152789005658853,2474,3.084074373484236
block,Post-transition,13,100,0.7749742533470649,1942,2.70648815653965
block,Post-transition,13,150,0.7354056103108415,1319,2.345716451857468
block,Post-transition,13,200,0.6506024096385542,996,2.0562248995983934
block,Post-transition,13,300,0.5533333333333333,600,1.8633333333333333
block,Post-transition,13,400,0.4315068493150685,438,1.643835616438356
block,Post-transition,13,600,0.1596958174904943,263,1.4448669201520912
block,Post-transition,13,800,0.11413043478260869,184,1.326086956521739
block,Post-transition,14,25,0.9006427915518824,5445,4.661524334251607
block,Post-transition,14,50,0.8411726804123711,3104,3.443298969072165
block,Post-transition,14,75,0.7962454212454212,2184,2.9514652014652016
block,Post-transition,14,100,0.7585193889541716,1702,2.599294947121034
block,Post-transition,14,150,0.6860068259385665,1172,2.1928327645051193
block,Post-transition,14,200,0.6272401433691757,837,2.028673835125448
block,Post-transition,14,300,0.5200764818355641,523,1.8049713193116634
block,Post-transition,14,400,0.4153846153846154,390,1.6153846153846154
block,Post-transition,14,600,0.11818181818181818,220,1.4272727272727272
block,Post-transition,14,800,0.08843537414965986,147,1.2653061224489797
block,Post-transition,15,25,0.9055090033874131,5609,4.850418969513282
block,Post-transition,15,50,0.8531468531468531,3289,3.5202189115232594
block,Post-transition,15,75,0.7980935875216638,2308,2.982668977469671
block,Post-transition,15,100,0.7520303194369248,1847,2.5901461829994585
block,Post-transition,15,150,0.696513470681458,1262,2.2519809825673534
block,Post-transition,15,200,0.6713819368879217,919,2.0783460282916213
block,Post-transition,15,300,0.4928571428571429,560,1.7821428571428573
block,Post-transition,15,400,0.4217171717171717,396,1.6414141414141414
block,Post-transition,15,600,0.16115702479338842,242,1.43801652892562
block,Post-transition,15,800,0.1111111111111111,162,1.3209876543209877
block,Post-transition,16,25,0.9076894153036285,5319,4.702763677382967
block,Post-transition,16,50,0.8488219895287958,3056,3.448298429319372
block,Post-transition,16,75,0.7905066179826563,2191,2.905522592423551
block,Post-transition,16,100,0.7511655011655012,1716,2.5256410256410255
block,Post-transition,16,150,0.6805084745762712,1180,2.1932203389830507
block,Post-transition,16,200,0.6346381969157769,843,2.02135231316726
block,Post-transition,16,300,0.5495145631067961,515,1.833009708737864
block,Post-transition,16,400,0.34190231362467866,389,1.583547557840617
block,Post-transition,16,600,0.10810810810810811,222,1.3873873873873874
block,Post-transition,16,800,0.11538461538461539,156,1.294871794871795
block,Post-transition,17,25,0.9085206481965499,5739,4.885520125457397
block,Post-transition,17,50,0.8400597907324364,3345,3.513303437967115
block,Post-transition,17,75,0.787633262260128,2345,3.0140724946695094
block,Post-transition,17,100,0.7597613882863341,1844,2.646420824295011
block,Post-transition,17,150,0.7094430992736077,1239,2.29862792574657
block,Post-transition,17,200,0.6604189636163176,907,2.079382579933848
block,Post-transition,17,300,0.5575221238938053,565,1.808849557522124
block,Post-transition,17,400,0.4057971014492754,414,1.5845410628019323
block,Post-transition,17,600,0.16595744680851063,235,1.4382978723404256
block,Post-transition,17,800,0.0935672514619883,171,1.286549707602339
block,Post-transition,18,25,0.899063670411985,5340,4.67378277153558
block,Post-transition,18,50,0.8527106466361855,3062,3.4761593729588505
block,Post-transition,18,75,0.8017163504968383,2214,2.92773261065944
block,Post-transition,18,100,0.7644628099173554,1694,2.615112160566706
block,Post-transition,18,150,0.6724436741767764,1154,2.195840554592721
block,Post-transition,18,200,0.6646415552855407,823,2.0558930741190764
block,Post-transition,18,300,0.5361216730038023,526,1.817490494296578
block,Post-transition,18,400,0.37017994858611825,389,1.5938303341902313
block,Post-transition,18,600,0.12264150943396226,212,1.4339622641509433
block,Post-transition,18,800,0.10738255033557047,149,1.2751677852348993
block,Post-transition,19,25,0.907051282051282,5616,4.844373219373219
block,Post-transition,19,50,0.8487730061349693,3260,3.4877300613496933
block,Post-transition,19,75,0.7983767620674925,2341,2.9636907304570697
block,Post-transition,19,100,0.7577433628318584,1808,2.6360619469026547
block,Post-transition,19,150,0.6972402597402597,1232,2.2694805194805197
block,Post-transition,19,200,0.6607538802660754,902,2.0931263858093128
block,Post-transition,19,300,0.5341726618705036,556,1.7949640287769784
block,Post-transition,19,400,0.42105263157894735,418,1.6411483253588517
block,Post-transition,19,600,0.1774891774891775,231,1.4285714285714286
block,Post-transition,19,800,0.08982035928143713,167,1.2694610778443114
block,Post-transition,20,25,0.8975356679636836,5397,4.715582731146934
block,Post-transition,20,50,0.8465675419171148,3161,3.4248655488769377
block,Post-transition,20,75,0.800453514739229,2205,2.949659863945578
block,Post-transition,20,100,0.7590778097982709,1735,2.6063400576368876
block,Post-transition,20,150,0.7097872340425532,1175,2.2604255319148936
block,Post-transition,20,200,0.6414201183431952,845,2.0284023668639053
block,Post-transition,20,300,0.5065913370998116,531,1.8041431261770244
block,Post-transition,20,400,0.37755102040816324,392,1.6122448979591837
block,Post-transition,20,600,0.11818181818181818,220,1.4363636363636363
block,Post-transition,20,800,0.10493827160493827,162,1.271604938271605
block,Post-transition,21,25,0.8989055833797069,5391,4.59654980523094
block,Post-transition,21,50,0.8400261181847861,3063,3.3992817499183805
block,Post-transition,21,75,0.7923827217835578,2153,2.919647004180214
block,Post-transition,21,100,0.7636146020347098,1671,2.5505685218432075
block,Post-transition,21,150,0.6844919786096256,1122,2.237076648841355
block,Post-transition,21,200,0.6139315230224321,847,2.014167650531287
block,Post-transition,21,300,0.5038910505836576,514,1.7782101167315174
block,Post-transition,21,400,0.4194373401534527,391,1.5959079283887467
block,Post-transition,21,600,0.10900473933649289,211,1.3744075829383886
block,Post-transition,21,800,0.09090909090909091,154,1.2467532467532467
block,Post-transition,22,25,0.8997568730129044,5347,4.707686553207406
block,Post-transition,22,50,0.8468497576736672,3095,3.4332794830371567
block,Post-transition,22,75,0.7924784775713638,2207,2.9433620299048484
block,Post-transition,22,100,0.7514518002322881,1722,2.596980255516841
block,Post-transition,22,150,0.7065972222222222,1152,2.21875
block,Post-transition,22,200,0.6467065868263473,835,2.0287425149700598
block,Post-transition,22,300,0.5211538461538462,520,1.823076923076923
block,Post-transition,22,400,0.36883116883116884,385,1.625974025974026
block,Post-transition,22,600,0.12962962962962962,216,1.4351851851851851
block,Post-transition,22,800,0.10493827160493827,162,1.2592592592592593
block,Post-transition,23,25,0.9064885496183206,5764,4.837612768910478
block,Post-transition,23,50,0.8542300669506999,3286,3.524650030432136
block,Post-transition,23,75,0.7922912205567452,2335,2.966167023554604
block,Post-transition,23,100,0.7742465753424658,1825,2.6586301369863015
block,Post-transition,23,150,0.717741935483871,1240,2.2951612903225804
block,Post-transition,23,200,0.6594360086767896,922,2.0759219088937093
block,Post-transition,23,300,0.5577617328519856,554,1.8447653429602888
block,Post-transition,23,400,0.4233576642335766,411,1.6204379562043796
block,Post-transition,23,600,0.13580246913580246,243,1.4156378600823045
block,Post-transition,23,800,0.11764705882352941,170,1.3294117647058823
block,Post-transition,24,25,0.9030575539568345,5560,4.778057553956835
block,Post-transition,24,50,0.8462011688711166,3251,3.491848661950169
block,Post-transition,24,75,0.8075916230366492,2292,2.979057591623037
block,Post-transition,24,100,0.7687671232876713,1825,2.591780821917808
block,Post-transition,24,150,0.7092547092547092,1221,2.250614250614251
block,Post-transition,24,200,0.6547486033519553,895,2.071508379888268
block,Post-transition,24,300,0.5339449541284403,545,1.8311926605504587
block,Post-transition,24,400,0.43209876543209874,405,1.5950617283950617
block,Post-transition,24,600,0.14957264957264957,234,1.4273504273504274
block,Post-transition,24,800,0.12962962962962962,162,1.3333333333333333
binomial_full,Neutral,0,25,0.8845703125,5120,4.234375
binomial_full,Neutral,0,50,0.8270142180094787,2954,3.146919431279621
binomial_full,Neutral,0,75,0.7753587333003463,2021,2.689757545769421
binomial_full,Neutral,0,100,0.7223276407337128,1581,2.3845667299177737
binomial_full,Neutral,0,150,0.6082771896053898,1039,2.0384985563041385
binomial_full,Neutral,0,200,0.5437665782493368,754,1.8143236074270557
binomial_full,Neutral,0,300,0.3594080338266385,473,1.5856236786469344
binomial_full,Neutral,0,400,0.1949685534591195,318,1.4465408805031446
binomial_full,Neutral,0,600,0.12138728323699421,173,1.2947976878612717
binomial_full,Neutral,0,800,0.09259259259259259,108,1.2777777777777777
binomial_full,Neutral,1,25,0.8824564834734989,5113,4.221396440445922
binomial_full,Neutral,1,50,0.8293261090416526,2953,3.1466305452082626
binomial_full,Neutral,1,75,0.78,2050,2.682926829268293
binomial_full,Neutral,1,100,0.7248576850094877,1581,2.3757115749525615
binomial_full,Neutral,1,150,0.6162679425837321,1045,2.0382775119617227
binomial_full,Neutral,1,200,0.5389696169088507,757,1.8071334214002641
binomial_full,Neutral,1,300,0.3628691983122363,474,1.5780590717299579
binomial_full,Neutral,1,400,0.1829652996845426,317,1.4511041009463723
binomial_full,Neutral,1,600,0.11176470588235295,170,1.2941176470588236
binomial_full,Neutral,1,800,0.08411214953271028,107,1.2710280373831775
binomial_full,Neutral,2,25,0.883177570093458,5136,4.230919003115265
binomial_full,Neutral,2,50,0.8212722988892629,2971,3.130259171995961
binomial_full,Neutral,2,75,0.7775590551181102,2032,2.687007874015748
binomial_full,Neutral,2,100,0.7311557788944724,1592,2.3844221105527637
binomial_full,Neutral,2,150,0.6046738072054528,1027,2.0408958130477117
binomial_full,Neutral,2,200,0.5398936170212766,752,1.821808510638298
binomial_full,Neutral,2,300,0.3577405857740586,478,1.5815899581589958
binomial_full,Neutral,2,400,0.1930379746835443,316,1.4556962025316456
binomial_full,Neutral,2,600,0.11046511627906977,172,1.302325581395349
binomial_full,Neutral,2,800,0.08256880733944955,109,1.2660550458715596
binomial_full,Neutral,3,25,0.8835216205687573,5134,4.19205298013245
binomial_full,Neutral,3,50,0.8327175008397716,2977,3.1494793416190796
binomial_full,Neutral,3,75,0.7836514929025942,2043,2.6862457170827216
binomial_full,Neutral,3,100,0.7283563362609786,1594,2.3789209535759097
binomial_full,Neutral,3,150,0.6019323671497585,1035,2.0367149758454106
binomial_full,Neutral,3,200,0.5333333333333333,750,1.8106666666666666
binomial_full,Neutral,3,300,0.35789473684210527,475,1.5789473684210527
binomial_full,Neutral,3,400,0.19242902208201892,317,1.4700315457413249
binomial_full,Neutral,3,600,0.12352941176470589,170,1.3058823529411765
binomial_full,Neutral,3,800,0.08928571428571429,112,1.2678571428571428
binomial_full,Neutral,4,25,0.8774873195474053,5126,4.215762777994538
binomial_full,Neutral,4,50,0.8283305227655986,2965,3.1581787521079256
binomial_full,Neutral,4,75,0.7878787878787878,2046,2.6989247311827955
binomial_full,Neutral,4,100,0.7338811630847029,1582,2.3969658659924145
binomial_full,Neutral,4,150,0.6071774975751697,1031,2.046556741028128
binomial_full,Neutral,4,200,0.5381578947368421,760,1.8236842105263158
binomial_full,Neutral,4,300,0.37473684210526315,475,1.6042105263157895
binomial_full,Neutral,4,400,0.19122257053291536,319,1.4608150470219436
binomial_full,Neutral,4,600,0.11242603550295859,169,1.301775147928994
binomial_full,Neutral,4,800,0.09090909090909091,110,1.2727272727272727
binomial_full,Neutral,5,25,0.8782625633034671,5134,4.209583171016751
binomial_full,Neutral,5,50,0.824105334233626,2962,3.1532748143146523
binomial_full,Neutral,5,75,0.7789731051344744,2045,2.684596577017115
binomial_full,Neutral,5,100,0.7296272899557802,1583,2.3790271636133924
binomial_full,Neutral,5,150,0.6184084372003835,1043,2.034515819750719
binomial_full,Neutral,5,200,0.533508541392904,761,1.8055190538764783
binomial_full,Neutral,5,300,0.36752136752136755,468,1.5854700854700854
binomial_full,Neutral,5,400,0.1892744479495268,317,1.4637223974763407
binomial_full,Neutral,5,600,0.10404624277456648,173,1.2947976878612717
binomial_full,Neutral,5,800,0.09090909090909091,110,1.2727272727272727
binomial_full,Neutral,6,25,0.8824102964118564,5128,4.228939157566303
binomial_full,Neutral,6,50,0.8336713995943205,2958,3.156862745098039
binomial_full,Neutral,6,75,0.7828655834564254,2031,2.7050713934022648
binomial_full,Neutral,6,100,0.7275600505689002,1582,2.3881163084702908
binomial_full,Neutral,6,150,0.6085271317829457,1032,2.0406976744186047
binomial_full,Neutral,6,200,0.5272244355909694,753,1.798140770252324
binomial_full,Neutral,6,300,0.3684210526315789,475,1.5957894736842104
binomial_full,Neutral,6,400,0.1875,320,1.45625
binomial_full,Neutral,6,600,0.11560693641618497,173,1.2947976878612717
binomial_full,Neutral,6,800,0.08411214953271028,107,1.2710280373831775
binomial_full,Neutral,7,25,0.8844800625488664,5116,4.2255668491008604
binomial_full,Neutral,7,50,0.828083109919571,2984,3.1441018766756033
binomial_full,Neutral,7,75,0.7813267813267813,2035,2.6997542997542996
binomial_full,Neutral,7,100,0.7271004421983576,1583,2.3840808591282374
binomial_full,Neutral,7,150,0.6108422071636012,1033,2.0561471442400774
binomial_full,Neutral,7,200,0.5391766268260292,753,1.8273572377158034
binomial_full,Neutral,7,300,0.3642105263157895,475,1.5873684210526315
binomial_full,Neutral,7,400,0.1962025316455696,316,1.4683544303797469
binomial_full,Neutral,7,600,0.1144578313253012,166,1.2891566265060241
binomial_full,Neutral,7,800,0.09433962264150944,106,1.2830188679245282
binomial_full,Neutral,8,25,0.8861279593034631,5111,4.21678732146351
binomial_full,Neutral,8,50,0.824442943956786,2962,3.136394328156651
binomial_full,Neutral,8,75,0.7816658452439625,2029,2.7018235584031545
binomial_full,Neutral,8,100,0.7238335435056746,1586,2.380832282471627
binomial_full,Neutral,8,150,0.6054158607350096,1034,2.044487427466151
binomial_full,Neutral,8,200,0.5311258278145695,755,1.8066225165562915
binomial_full,Neutral,8,300,0.3702127659574468,470,1.5914893617021277
binomial_full,Neutral,8,400,0.18670886075949367,316,1.4556962025316456
binomial_full,Neutral,8,600,0.10982658959537572,173,1.283236994219653
binomial_full,Neutral,8,800,0.09345794392523364,107,1.2710280373831775
binomial_full,Neutral,9,25,0.8777605579232856,5162,4.184037194885703
binomial_full,Neutral,9,50,0.8290540540540541,2960,3.1547297297297296
binomial_full,Neutral,9,75,0.7857493857493858,2035,2.697788697788698
binomial_full,Neutral,9,100,0.7284726587052168,1591,2.3871778755499684
binomial_full,Neutral,9,150,0.6086538461538461,1040,2.0346153846153845
binomial_full,Neutral,9,200,0.5233644859813084,749,1.8077436582109478
binomial_full,Neutral,9,300,0.3710691823899371,477,1.5932914046121593
binomial_full,Neutral,9,400,0.1853035143769968,313,1.4568690095846646
binomial_full,Neutral,9,600,0.11176470588235295,170,1.2941176470588236
binomial_full,Neutral,9,800,0.09090909090909091,110,1.2727272727272727
binomial_full,Neutral,10,25,0.8811611143580752,5133,4.209234365867913
binomial_full,Neutral,10,50,0.8267929634641408,2956,3.157645466847091
binomial_full,Neutral,10,75,0.7868369351669942,2036,2.699410609037328
binomial_full,Neutral,10,100,0.7301387137452712,1586,2.3833543505674655
binomial_full,Neutral,10,150,0.6189555125725339,1034,2.0502901353965184
binomial_full,Neutral,10,200,0.5434210526315789,760,1.8105263157894738
binomial_full,Neutral,10,300,0.3702127659574468,470,1.5872340425531914
binomial_full,Neutral,10,400,0.19003115264797507,321,1.470404984423676
binomial_full,Neutral,10,600,0.06321839080459771,174,1.2758620689655173
binomial_full,Neutral,10,800,0.09090909090909091,110,1.2727272727272727
binomial_full,Neutral,11,25,0.8828003120124805,5128,4.219578783151326
binomial_full,Neutral,11,50,0.8167224080267559,2990,3.128428093645485
binomial_full,Neutral,11,75,0.7849409448818898,2032,2.6899606299212597
binomial_full,Neutral,11,100,0.7334175615919141,1583,2.3828174352495264
binomial_full,Neutral,11,150,0.6187258687258688,1036,2.0501930501930503
binomial_full,Neutral,11,200,0.541005291005291,756,1.812169312169312
binomial_full,Neutral,11,300,0.3673036093418259,471,1.6008492569002124
binomial_full,Neutral,11,400,0.19003115264797507,321,1.4641744548286604
binomial_full,Neutral,11,600,0.11627906976744186,172,1.2906976744186047
binomial_full,Neutral,11,800,0.09090909090909091,110,1.2727272727272727
binomial_full,Neutral,12,25,0.8804958357544064,5163,4.196397443346891
binomial_full,Neutral,12,50,0.8259696458684654,2965,3.1433389544688026
binomial_full,Neutral,12,75,0.7818003913894325,2044,2.6937377690802347
binomial_full,Neutral,12,100,0.7310126582278481,1580,2.3962025316455695
binomial_full,Neutral,12,150,0.6043851286939943,1049,2.0305052430886557
binomial_full,Neutral,12,200,0.5334224598930482,748,1.8021390374331552
binomial_full,Neutral,12,300,0.37154989384288745,471,1.5881104033970277
binomial_full,Neutral,12,400,0.18670886075949367,316,1.4556962025316456
binomial_full,Neutral,12,600,0.11242603550295859,169,1.2899408284023668
binomial_full,Neutral,12,800,0.08928571428571429,112,1.2678571428571428
binomial_full,Neutral,13,25,0.8827896073451846,5119,4.213322914631764
binomial_full,Neutral,13,50,0.8314720812182741,2955,3.149238578680203
binomial_full,Neutral,13,75,0.7843811394891945,2036,2.6915520628683693
binomial_full,Neutral,13,100,0.7167919799498746,1596,2.3771929824561404
binomial_full,Neutral,13,150,0.6182692307692308,1040,2.048076923076923
binomial_full,Neutral,13,200,0.5372340425531915,752,1.824468085106383
binomial_full,Neutral,13,300,0.3728448275862069,464,1.5905172413793103
binomial_full,Neutral,13,400,0.18670886075949367,316,1.4620253164556962
binomial_full,Neutral,13,600,0.11627906976744186,172,1.302325581395349
binomial_full,Neutral,13,800,0.09090909090909091,110,1.2727272727272727
binomial_full,Neutral,14,25,0.8812170860152135,5127,4.216110786034718
binomial_full,Neutral,14,50,0.8284263959390863,2955,3.1519458544839254
binomial_full,Neutral,14,75,0.7800687285223368,2037,2.699067255768287
binomial_full,Neutral,14,100,0.726474278544542,1594,2.3877038895859473
binomial_full,Neutral,14,150,0.6135922330097088,1030,2.0485436893203883
binomial_full,Neutral,14,200,0.5375335120643432,746,1.8176943699731904
binomial_full,Neutral,14,300,0.3697478991596639,476,1.5924369747899159
binomial_full,Neutral,14,400,0.19047619047619047,315,1.4666666666666666
binomial_full,Neutral,14,600,0.10982658959537572,173,1.2947976878612717
binomial_full,Neutral,14,800,0.09090909090909091,110,1.2727272727272727
binomial_full,Neutral,15,25,0.8788233002142997,5133,4.209624001558542
binomial_full,Neutral,15,50,0.8260140797854509,2983,3.1538719409989944
binomial_full,Neutral,15,75,0.7794117647058824,2040,2.696078431372549
binomial_full,Neutral,15,100,0.7245922208281054,1594,2.3789209535759097
binomial_full,Neutral,15,150,0.6027000964320154,1037,2.0327868852459017
binomial_full,Neutral,15,200,0.5364238410596026,755,1.8039735099337748
binomial_full,Neutral,15,300,0.36075949367088606,474,1.5949367088607596
binomial_full,Neutral,15,400,0.18885448916408668,323,1.4551083591331269
binomial_full,Neutral,15,600,0.10982658959537572,173,1.283236994219653
binomial_full,Neutral,15,800,0.09090909090909091,110,1.2727272727272727
binomial_full,Neutral,16,25,0.8818836349484336,5139,4.209379256664721
binomial_full,Neutral,16,50,0.8261455525606469,2968,3.1475741239892185
binomial_full,Neutral,16,75,0.7823529411764706,2040,2.6852941176470586
binomial_full,Neutral,16,100,0.7286527514231499,1581,2.3959519291587603
binomial_full,Neutral,16,150,0.632495164410058,1034,2.044487427466151
binomial_full,Neutral,16,200,0.5335968379446641,759,1.8050065876152832
binomial_full,Neutral,16,300,0.36401673640167365,478,1.5815899581589958
binomial_full,Neutral,16,400,0.1930379746835443,316,1.4683544303797469
binomial_full,Neutral,16,600,0.10674157303370786,178,1.2808988764044944
binomial_full,Neutral,16,800,0.08256880733944955,109,1.2660550458715596
binomial_full,Neutral,17,25,0.8805361305361306,5148,4.196969696969697
binomial_full,Neutral,17,50,0.8267160161507402,2972,3.1372812920592192
binomial_full,Neutral,17,75,0.7762067284251585,2051,2.6786933203315457
binomial_full,Neutral,17,100,0.7292191435768262,1588,2.376574307304786
binomial_full,Neutral,17,150,0.6310211946050096,1038,2.0558766859344892
binomial_full,Neutral,17,200,0.5336856010568032,757,1.809775429326288
binomial_full,Neutral,17,300,0.3668763102725367,477,1.5890985324947589
binomial_full,Neutral,17,400,0.1838006230529595,321,1.4517133956386292
binomial_full,Neutral,17,600,0.11176470588235295,170,1.3058823529411765
binomial_full,Neutral,17,800,0.09345794392523364,107,1.2710280373831775
binomial_full,Neutral,18,25,0.8817791650409676,5126,4.220834959032384
binomial_full,Neutral,18,50,0.8266576910131269,2971,3.161225176708179
binomial_full,Neutral,18,75,0.7745579567779961,2036,2.6905697445972496
binomial_full,Neutral,18,100,0.7161736941472624,1589,2.3700440528634363
binomial_full,Neutral,18,150,0.6030977734753146,1033,2.0367860600193612
binomial_full,Neutral,18,200,0.5306666666666666,750,1.808
binomial_full,Neutral,18,300,0.3653444676409186,479,1.5866388308977035
binomial_full,Neutral,18,400,0.19873817034700317,317,1.4637223974763407
binomial_full,Neutral,18,600,0.10982658959537572,173,1.283236994219653
binomial_full,Neutral,18,800,0.09090909090909091,110,1.2727272727272727
binomial_full,Neutral,19,25,0.8815073815073815,5148,4.215617715617715
binomial_full,Neutral,19,50,0.8217755443886097,2985,3.13500837520938
binomial_full,Neutral,19,75,0.7843811394891945,2036,2.700392927308448
binomial_full,Neutral,19,100,0.722117202268431,1587,2.3843730308758664
binomial_full,Neutral,19,150,0.6148648648648649,1036,2.0424710424710426
binomial_full,Neutral,19,200,0.5422163588390502,758,1.8232189973614776
binomial_full,Neutral,19,300,0.3665254237288136,472,1.5889830508474576
binomial_full,Neutral,19,400,0.1838006230529595,321,1.4579439252336448
binomial_full,Neutral,19,600,0.10919540229885058,174,1.2758620689655173
binomial_full,Neutral,19,800,0.09090909090909091,110,1.2727272727272727
binomial_full,Neutral,20,25,0.880780487804878,5125,4.2122926829268295
binomial_full,Neutral,20,50,0.8320920785375762,2954,3.1550440081245767
binomial_full,Neutral,20,75,0.7796196977084349,2051,2.6786933203315457
binomial_full,Neutral,20,100,0.7288776796973518,1586,2.377049180327869
binomial_full,Neutral,20,150,0.6120689655172413,1044,2.0478927203065136
binomial_full,Neutral,20,200,0.5338645418326693,753,1.8087649402390438
binomial_full,Neutral,20,300,0.3668763102725367,477,1.5974842767295598
binomial_full,Neutral,20,400,0.189873417721519,316,1.4556962025316456
binomial_full,Neutral,20,600,0.1206896551724138,174,1.2988505747126438
binomial_full,Neutral,20,800,0.09090909090909091,110,1.2727272727272727
binomial_full,Neutral,21,25,0.8786407766990292,5150,4.196116504854369
binomial_full,Neutral,21,50,0.8234306814367237,2979,3.135280295401141
binomial_full,Neutral,21,75,0.7839024390243903,2050,2.6878048780487807
binomial_full,Neutral,21,100,0.726474278544542,1594,2.3751568381430364
binomial_full,Neutral,21,150,0.615009746588694,1026,2.050682261208577
binomial_full,Neutral,21,200,0.5345744680851063,752,1.8164893617021276
binomial_full,Neutral,21,300,0.3663157894736842,475,1.583157894736842
binomial_full,Neutral,21,400,0.1892744479495268,317,1.4574132492113565
binomial_full,Neutral,21,600,0.11235955056179775,178,1.2808988764044944
binomial_full,Neutral,21,800,0.08928571428571429,112,1.2678571428571428
binomial_full,Neutral,22,25,0.8827184466019418,5150,4.2100970873786405
binomial_full,Neutral,22,50,0.8274814314652262,2962,3.142471303173531
binomial_full,Neutral,22,75,0.7732813261823501,2051,2.6855192588980983
binomial_full,Neutral,22,100,0.7277882797731569,1587,2.381852551984877
binomial_full,Neutral,22,150,0.615014436958614,1039,2.046198267564966
binomial_full,Neutral,22,200,0.538563829787234,752,1.821808510638298
binomial_full,Neutral,22,300,0.36886993603411516,469,1.5948827292110874
binomial_full,Neutral,22,400,0.18808777429467086,319,1.4482758620689655
binomial_full,Neutral,22,600,0.10982658959537572,173,1.283236994219653
binomial_full,Neutral,22,800,0.09090909090909091,110,1.2727272727272727
binomial_full,Neutral,23,25,0.8818252730109204,5128,4.2125585023400935
binomial_full,Neutral,23,50,0.8269100743745774,2958,3.1575388776200137
binomial_full,Neutral,23,75,0.7848664688427299,2022,2.699307616221563
binomial_full,Neutral,23,100,0.7292713567839196,1592,2.39321608040201
binomial_full,Neutral,23,150,0.6011560693641619,1038,2.040462427745665
binomial_full,Neutral,23,200,0.531578947368421,760,1.7973684210526315
binomial_full,Neutral,23,300,0.3670886075949367,474,1.5864978902953586
binomial_full,Neutral,23,400,0.19314641744548286,321,1.4641744548286604
binomial_full,Neutral,23,600,0.11494252873563218,174,1.2873563218390804
binomial_full,Neutral,23,800,0.09259259259259259,108,1.2777777777777777
binomial_full,Neutral,24,25,0.8780345698193824,5149,4.2163526898426875
binomial_full,Neutral,24,50,0.8264406779661017,2950,3.1620338983050846
binomial_full,Neutral,24,75,0.78035538005923,2026,2.6999012833168807
binomial_full,Neutral,24,100,0.7229899497487438,1592,2.380653266331658
binomial_full,Neutral,24,150,0.6063829787234043,1034,2.044487427466151
binomial_full,Neutral,24,200,0.54,750,1.8293333333333333
binomial_full,Neutral,24,300,0.358974358974359,468,1.5897435897435896
binomial_full,Neutral,24,400,0.19435736677115986,319,1.4670846394984327
binomial_full,Neutral,24,600,0.12352941176470589,170,1.3058823529411765
binomial_full,Neutral,24,800,0.08928571428571429,112,1.2678571428571428
binomial_full,Pre-transition,0,25,0.8857038524739821,5477,4.346540076684316
binomial_full,Pre-transition,0,50,0.8250401284109149,3115,3.2192616372391654
binomial_full,Pre-transition,0,75,0.7777777777777778,2205,2.7337868480725622
binomial_full,Pre-transition,0,100,0.7510599636583889,1651,2.451847365233192
binomial_full,Pre-transition,0,150,0.6197822141560798,1102,2.0653357531760435
binomial_full,Pre-transition,0,200,0.5631188118811881,808,1.8712871287128714
binomial_full,Pre-transition,0,300,0.40842105263157896,475,1.6589473684210527
binomial_full,Pre-transition,0,400,0.32,325,1.4892307692307691
binomial_full,Pre-transition,0,600,0.18085106382978725,188,1.3617021276595744
binomial_full,Pre-transition,0,800,0.12931034482758622,116,1.3103448275862069
binomial_full,Pre-transition,1,25,0.8892941820171439,5483,4.353091373335765
binomial_full,Pre-transition,1,50,0.8218076551945963,3109,3.215181730459955
binomial_full,Pre-transition,1,75,0.779297765617875,2193,2.7387140902872775
binomial_full,Pre-transition,1,100,0.7578692493946732,1652,2.4612590799031477
binomial_full,Pre-transition,1,150,0.6088154269972452,1089,2.0587695133149677
binomial_full,Pre-transition,1,200,0.5606435643564357,808,1.8836633663366336
binomial_full,Pre-transition,1,300,0.3987603305785124,484,1.6487603305785123
binomial_full,Pre-transition,1,400,0.31761006289308175,318,1.4968553459119496
binomial_full,Pre-transition,1,600,0.17894736842105263,190,1.3578947368421053
binomial_full,Pre-transition,1,800,0.1623931623931624,117,1.3504273504273505
binomial_full,Pre-transition,2,25,0.8914913083257091,5465,4.359377859103385
binomial_full,Pre-transition,2,50,0.8194934273805707,3119,3.2151330554664956
binomial_full,Pre-transition,2,75,0.7807339449541284,2180,2.7412844036697246
binomial_full,Pre-transition,2,100,0.7392857142857143,1680,2.4452380952380954
binomial_full,Pre-transition,2,150,0.6307550644567219,1086,2.0828729281767955
binomial_full,Pre-transition,2,200,0.5535055350553506,813,1.862238622386224
binomial_full,Pre-transition,2,300,0.4288747346072187,471,1.6772823779193207
binomial_full,Pre-transition,2,400,0.32515337423312884,326,1.4969325153374233
binomial_full,Pre-transition,2,600,0.17989417989417988,189,1.3650793650793651
binomial_full,Pre-transition,2,800,0.125,120,1.3
binomial_full,Pre-transition,3,25,0.8913720461623008,5459,4.36233742443671
binomial_full,Pre-transition,3,50,0.818968279397629,3121,3.2079461710990067
binomial_full,Pre-transition,3,75,0.7792444242148384,2197,2.744651797906236
binomial_full,Pre-transition,3,100,0.755248950209958,1667,2.4427114577084583
binomial_full,Pre-transition,3,150,0.6220183486238532,1090,2.067889908256881
binomial_full,Pre-transition,3,200,0.557997557997558,819,1.8705738705738706
binomial_full,Pre-transition,3,300,0.41841004184100417,478,1.6569037656903767
binomial_full,Pre-transition,3,400,0.32398753894080995,321,1.5015576323987538
binomial_full,Pre-transition,3,600,0.17525773195876287,194,1.3505154639175259
binomial_full,Pre-transition,3,800,0.13043478260869565,115,1.3043478260869565
binomial_full,Pre-transition,4,25,0.8917092768444119,5476,4.347699050401753
binomial_full,Pre-transition,4,50,0.8273771537970644,3134,3.2093171665603064
binomial_full,Pre-transition,4,75,0.7817351598173516,2190,2.7333333333333334
binomial_full,Pre-transition,4,100,0.7374166161309885,1649,2.436628259551243
binomial_full,Pre-transition,4,150,0.6227436823104693,1108,2.0703971119133575
binomial_full,Pre-transition,4,200,0.5691358024691358,810,1.8790123456790124
binomial_full,Pre-transition,4,300,0.41041666666666665,480,1.6458333333333333
binomial_full,Pre-transition,4,400,0.3177570093457944,321,1.4953271028037383
binomial_full,Pre-transition,4,600,0.17708333333333334,192,1.3541666666666667
binomial_full,Pre-transition,4,800,0.13157894736842105,114,1.3157894736842106
binomial_full,Pre-transition,5,25,0.8920652373098772,5457,4.347443650357339
binomial_full,Pre-transition,5,50,0.8163987138263665,3110,3.197427652733119
binomial_full,Pre-transition,5,75,0.7835379718053661,2199,2.7348794906775806
binomial_full,Pre-transition,5,100,0.7504488330341114,1671,2.4380610412926393
binomial_full,Pre-transition,5,150,0.623400365630713,1094,2.0639853747714807
binomial_full,Pre-transition,5,200,0.5599022004889975,818,1.8655256723716382
binomial_full,Pre-transition,5,300,0.4126315789473684,475,1.6673684210526316
binomial_full,Pre-transition,5,400,0.3188854489164087,323,1.498452012383901
binomial_full,Pre-transition,5,600,0.17894736842105263,190,1.3578947368421053
binomial_full,Pre-transition,5,800,0.13274336283185842,113,1.3097345132743363
binomial_full,Pre-transition,6,25,0.8836104513064132,5473,4.348985930933674
binomial_full,Pre-transition,6,50,0.822627037392138,3129,3.2074145094279323
binomial_full,Pre-transition,6,75,0.7747502270663034,2202,2.7166212534059944
binomial_full,Pre-transition,6,100,0.7438805970149254,1675,2.432238805970149
binomial_full,Pre-transition,6,150,0.6288848263254113,1094,2.0767824497257767
binomial_full,Pre-transition,6,200,0.556930693069307,808,1.891089108910891
binomial_full,Pre-transition,6,300,0.4211618257261411,482,1.6680497925311204
binomial_full,Pre-transition,6,400,0.3072289156626506,332,1.4879518072289157
binomial_full,Pre-transition,6,600,0.18181818181818182,187,1.3475935828877006
binomial_full,Pre-transition,6,800,0.15178571428571427,112,1.3392857142857142
binomial_full,Pre-transition,7,25,0.888296895094617,5443,4.357523424582032
binomial_full,Pre-transition,7,50,0.8274534958306606,3118,3.212315586914689
binomial_full,Pre-transition,7,75,0.7773722627737226,2192,2.7463503649635035
binomial_full,Pre-transition,7,100,0.7506024096385542,1660,2.433734939759036
binomial_full,Pre-transition,7,150,0.6243144424131627,1094,2.084095063985375
binomial_full,Pre-transition,7,200,0.5444579780755177,821,1.8587088915956151
binomial_full,Pre-transition,7,300,0.41561181434599154,474,1.6708860759493671
binomial_full,Pre-transition,7,400,0.31790123456790126,324,1.4876543209876543
binomial_full,Pre-transition,7,600,0.1827956989247312,186,1.3548387096774193
binomial_full,Pre-transition,7,800,0.13636363636363635,110,1.3272727272727274
binomial_full,Pre-transition,8,25,0.8873033296743505,5466,4.362971094035858
binomial_full,Pre-transition,8,50,0.8276083467094703,3115,3.2057784911717495
binomial_full,Pre-transition,8,75,0.780609922621757,2197,2.7391898042785616
binomial_full,Pre-transition,8,100,0.7487864077669902,1648,2.4611650485436893
binomial_full,Pre-transition,8,150,0.6155234657039711,1108,2.072202166064982
binomial_full,Pre-transition,8,200,0.5677339901477833,812,1.8891625615763548
binomial_full,Pre-transition,8,300,0.41561181434599154,474,1.6666666666666667
binomial_full,Pre-transition,8,400,0.3105590062111801,322,1.484472049689441
binomial_full,Pre-transition,8,600,0.17989417989417988,189,1.3650793650793651
binomial_full,Pre-transition,8,800,0.13157894736842105,114,1.3157894736842106
binomial_full,Pre-transition,9,25,0.886152162014231,5481,4.345557380040138
binomial_full,Pre-transition,9,50,0.826645264847512,3115,3.2115569823434993
binomial_full,Pre-transition,9,75,0.7742081447963801,2210,2.714027149321267
binomial_full,Pre-transition,9,100,0.7455197132616488,1674,2.4408602150537635
binomial_full,Pre-transition,9,150,0.6217194570135747,1105,2.0778280542986427
binomial_full,Pre-transition,9,200,0.5529556650246306,812,1.8694581280788178
binomial_full,Pre-transition,9,300,0.4049586776859504,484,1.6570247933884297
binomial_full,Pre-transition,9,400,0.3157894736842105,323,1.498452012383901
binomial_full,Pre-transition,9,600,0.18032786885245902,183,1.355191256830601
binomial_full,Pre-transition,9,800,0.1271186440677966,118,1.305084745762712
binomial_full,Pre-transition,10,25,0.8854262144821264,5455,4.3622364802933085
binomial_full,Pre-transition,10,50,0.8244663905702453,3139,3.194010831474992
binomial_full,Pre-transition,10,75,0.781349026708918,2209,2.7406066093254866
binomial_full,Pre-transition,10,100,0.7339667458432304,1684,2.4180522565320666
binomial_full,Pre-transition,10,150,0.6197440585009141,1094,2.0712979890310788
binomial_full,Pre-transition,10,200,0.5595533498759305,806,1.8759305210918114
binomial_full,Pre-transition,10,300,0.4118895966029724,471,1.6687898089171975
binomial_full,Pre-transition,10,400,0.3220858895705521,326,1.4969325153374233
binomial_full,Pre-transition,10,600,0.18181818181818182,187,1.358288770053476
binomial_full,Pre-transition,10,800,0.1282051282051282,117,1.2991452991452992
binomial_full,Pre-transition,11,25,0.88931718061674,5448,4.365271659324523
binomial_full,Pre-transition,11,50,0.8289855072463768,3105,3.2115942028985507
binomial_full,Pre-transition,11,75,0.7758462946020128,2186,2.7520585544373284
binomial_full,Pre-transition,11,100,0.7445913461538461,1664,2.438701923076923
binomial_full,Pre-transition,11,150,0.6243144424131627,1094,2.0658135283363803
binomial_full,Pre-transition,11,200,0.550920245398773,815,1.8748466257668712
binomial_full,Pre-transition,11,300,0.4095634095634096,481,1.6632016632016633
binomial_full,Pre-transition,11,400,0.3167701863354037,322,1.4906832298136645
binomial_full,Pre-transition,11,600,0.18181818181818182,187,1.358288770053476
binomial_full,Pre-transition,11,800,0.1111111111111111,117,1.2991452991452992
binomial_full,Pre-transition,12,25,0.8880365296803653,5475,4.351050228310502
binomial_full,Pre-transition,12,50,0.8205779612575421,3149,3.189583994919022
binomial_full,Pre-transition,12,75,0.7791551882460973,2178,2.7392102846648303
binomial_full,Pre-transition,12,100,0.7478941034897714,1662,2.4584837545126352
binomial_full,Pre-transition,12,150,0.620531622364803,1091,2.0696608615948673
binomial_full,Pre-transition,12,200,0.5172839506172839,810,1.876543209876543
binomial_full,Pre-transition,12,300,0.4118895966029724,471,1.664543524416136
binomial_full,Pre-transition,12,400,0.3292307692307692,325,1.5076923076923077
binomial_full,Pre-transition,12,600,0.18181818181818182,187,1.358288770053476
binomial_full,Pre-transition,12,800,0.1271186440677966,118,1.305084745762712
binomial_full,Pre-transition,13,25,0.8897652237710931,5452,4.358033749082906
binomial_full,Pre-transition,13,50,0.8273885350318472,3140,3.213375796178344
binomial_full,Pre-transition,13,75,0.7886104783599088,2195,2.7444191343963555
binomial_full,Pre-transition,13,100,0.7450151057401813,1655,2.444712990936556
binomial_full,Pre-transition,13,150,0.6195652173913043,1104,2.0706521739130435
binomial_full,Pre-transition,13,200,0.5493827160493827,810,1.876543209876543
binomial_full,Pre-transition,13,300,0.41286307053941906,482,1.6639004149377594
binomial_full,Pre-transition,13,400,0.3323076923076923,325,1.5015384615384615
binomial_full,Pre-transition,13,600,0.17989417989417988,189,1.3544973544973544
binomial_full,Pre-transition,13,800,0.13157894736842105,114,1.3333333333333333
binomial_full,Pre-transition,14,25,0.8891132733614834,5447,4.359463925096383
binomial_full,Pre-transition,14,50,0.8262117346938775,3136,3.207908163265306
binomial_full,Pre-transition,14,75,0.7782350251486054,2187,2.7352537722908092
binomial_full,Pre-transition,14,100,0.7630303030303031,1650,2.463030303030303
binomial_full,Pre-transition,14,150,0.6206581352833638,1094,2.069469835466179
binomial_full,Pre-transition,14,200,0.5061576354679803,812,1.8645320197044335
binomial_full,Pre-transition,14,300,0.40842105263157896,475,1.6589473684210527
binomial_full,Pre-transition,14,400,0.3231707317073171,328,1.5
binomial_full,Pre-transition,14,600,0.18681318681318682,182,1.3626373626373627
binomial_full,Pre-transition,14,800,0.13157894736842105,114,1.3333333333333333
binomial_full,Pre-transition,15,25,0.8888073394495413,5450,4.358899082568807
binomial_full,Pre-transition,15,50,0.8254732114212384,3117,3.2037215271094
binomial_full,Pre-transition,15,75,0.7786885245901639,2196,2.738615664845173
binomial_full,Pre-transition,15,100,0.7536231884057971,1656,2.4504830917874396
binomial_full,Pre-transition,15,150,0.6196928635953026,1107,2.065040650406504
binomial_full,Pre-transition,15,200,0.5451219512195122,820,1.8682926829268294
binomial_full,Pre-transition,15,300,0.4086242299794661,487,1.6427104722792607
binomial_full,Pre-transition,15,400,0.31761006289308175,318,1.4968553459119496
binomial_full,Pre-transition,15,600,0.18085106382978725,188,1.3617021276595744
binomial_full,Pre-transition,15,800,0.13274336283185842,113,1.3274336283185841
binomial_full,Pre-transition,16,25,0.8891125343092406,5465,4.3473010064043915
binomial_full,Pre-transition,16,50,0.8155463523415101,3139,3.199745141764893
binomial_full,Pre-transition,16,75,0.7881548974943052,2195,2.7353075170842827
binomial_full,Pre-transition,16,100,0.7437722419928826,1686,2.428232502965599
binomial_full,Pre-transition,16,150,0.614963503649635,1096,2.0693430656934306
binomial_full,Pre-transition,16,200,0.5577395577395577,814,1.8746928746928746
binomial_full,Pre-transition,16,300,0.4092827004219409,474,1.6540084388185654
binomial_full,Pre-transition,16,400,0.3058103975535168,327,1.492354740061162
binomial_full,Pre-transition,16,600,0.17708333333333334,192,1.3541666666666667
binomial_full,Pre-transition,16,800,0.13636363636363635,110,1.3272727272727274
binomial_full,Pre-transition,17,25,0.8910327085630283,5442,4.3590591694230065
binomial_full,Pre-transition,17,50,0.8224269377382465,3148,3.199491740787802
binomial_full,Pre-transition,17,75,0.7776261937244202,2199,2.7357889949977263
binomial_full,Pre-transition,17,100,0.7333732774116237,1669,2.4182144997004196
binomial_full,Pre-transition,17,150,0.6209751609935602,1087,2.079116835326587
binomial_full,Pre-transition,17,200,0.538083538083538,814,1.8624078624078624
binomial_full,Pre-transition,17,300,0.40670859538784065,477,1.6603773584905661
binomial_full,Pre-transition,17,400,0.3136645962732919,322,1.4906832298136645
binomial_full,Pre-transition,17,600,0.17894736842105263,190,1.3473684210526315
binomial_full,Pre-transition,17,800,0.13043478260869565,115,1.3217391304347825
binomial_full,Pre-transition,18,25,0.893574297188755,5478,4.360715589631252
binomial_full,Pre-transition,18,50,0.8273866923818708,3111,3.218257794921247
binomial_full,Pre-transition,18,75,0.786593707250342,2193,2.74874601003192
binomial_full,Pre-transition,18,100,0.7462052216150576,1647,2.445658773527626
binomial_full,Pre-transition,18,150,0.616651418115279,1093,2.0768526989935956
binomial_full,Pre-transition,18,200,0.5518518518518518,810,1.8790123456790124
binomial_full,Pre-transition,18,300,0.41139240506329117,474,1.6708860759493671
binomial_full,Pre-transition,18,400,0.3220858895705521,326,1.4969325153374233
binomial_full,Pre-transition,18,600,0.1827956989247312,186,1.3548387096774193
binomial_full,Pre-transition,18,800,0.11206896551724138,116,1.293103448275862
binomial_full,Pre-transition,19,25,0.8855366611812031,5469,4.352166758091059
binomial_full,Pre-transition,19,50,0.8303225806451613,3100,3.2096774193548385
binomial_full,Pre-transition,19,75,0.7879890809827116,2198,2.7470427661510466
binomial_full,Pre-transition,19,100,0.7451923076923077,1664,2.436298076923077
binomial_full,Pre-transition,19,150,0.6123748862602366,1099,2.0618744313011828
binomial_full,Pre-transition,19,200,0.5552825552825553,814,1.8746928746928746
binomial_full,Pre-transition,19,300,0.4168421052631579,475,1.6673684210526316
binomial_full,Pre-transition,19,400,0.3292307692307692,325,1.5015384615384615
binomial_full,Pre-transition,19,600,0.18181818181818182,187,1.358288770053476
binomial_full,Pre-transition,19,800,0.168141592920354,113,1.345132743362832
binomial_full,Pre-transition,20,25,0.8896032329169729,5444,4.364070536370316
binomial_full,Pre-transition,20,50,0.8257527226137091,3122,3.2216527866752083
binomial_full,Pre-transition,20,75,0.7740036231884058,2208,2.7219202898550723
binomial_full,Pre-transition,20,100,0.7419354838709677,1674,2.4396654719235364
binomial_full,Pre-transition,20,150,0.6182152713891444,1087,2.0864765409383623
binomial_full,Pre-transition,20,200,0.5487053020961775,811,1.8692971639950677
binomial_full,Pre-transition,20,300,0.4100418410041841,478,1.6652719665271967
binomial_full,Pre-transition,20,400,0.32407407407407407,324,1.5
binomial_full,Pre-transition,20,600,0.17616580310880828,193,1.3471502590673574
binomial_full,Pre-transition,20,800,0.13274336283185842,113,1.3097345132743363
binomial_full,Pre-transition,21,25,0.8933528122717312,5476,4.35536888239591
binomial_full,Pre-transition,21,50,0.8226427196921103,3118,3.2135984605516357
binomial_full,Pre-transition,21,75,0.7848443843031123,2217,2.7379341452413173
binomial_full,Pre-transition,21,100,0.7460701330108828,1654,2.441354292623942
binomial_full,Pre-transition,21,150,0.625,1104,2.0670289855072466
binomial_full,Pre-transition,21,200,0.5521472392638037,815,1.852760736196319
binomial_full,Pre-transition,21,300,0.42557651991614254,477,1.6771488469601676
binomial_full,Pre-transition,21,400,0.32298136645962733,322,1.5031055900621118
binomial_full,Pre-transition,21,600,0.1837837837837838,185,1.3621621621621622
binomial_full,Pre-transition,21,800,0.16666666666666666,114,1.3333333333333333
binomial_full,Pre-transition,22,25,0.8879751461988304,5472,4.3410087719298245
binomial_full,Pre-transition,22,50,0.8192,3125,3.20832
binomial_full,Pre-transition,22,75,0.7788944723618091,2189,2.728186386477844
binomial_full,Pre-transition,22,100,0.7510548523206751,1659,2.4605183845690175
binomial_full,Pre-transition,22,150,0.620253164556962,1106,2.0705244122965643
binomial_full,Pre-transition,22,200,0.5426829268292683,820,1.8560975609756099
binomial_full,Pre-transition,22,300,0.41452991452991456,468,1.670940170940171
binomial_full,Pre-transition,22,400,0.31901840490797545,326,1.49079754601227
binomial_full,Pre-transition,22,600,0.17647058823529413,187,1.358288770053476
binomial_full,Pre-transition,22,800,0.125,120,1.3166666666666667
binomial_full,Pre-transition,23,25,0.8875318993802406,5486,4.353991979584396
binomial_full,Pre-transition,23,50,0.8338647959183674,3136,3.21109693877551
binomial_full,Pre-transition,23,75,0.7788853647485274,2207,2.72768463978251
binomial_full,Pre-transition,23,100,0.7435435435435436,1665,2.434834834834835
binomial_full,Pre-transition,23,150,0.6196150320806599,1091,2.084326306141155
binomial_full,Pre-transition,23,200,0.5554187192118226,812,1.8719211822660098
binomial_full,Pre-transition,23,300,0.37422037422037424,481,1.6507276507276507
binomial_full,Pre-transition,23,400,0.31962025316455694,316,1.5
binomial_full,Pre-transition,23,600,0.1827956989247312,186,1.3548387096774193
binomial_full,Pre-transition,23,800,0.1271186440677966,118,1.3220338983050848
binomial_full,Pre-transition,24,25,0.8843065693430657,5480,4.339051094890511
binomial_full,Pre-transition,24,50,0.8197879858657244,3113,3.1988435592675875
binomial_full,Pre-transition,24,75,0.7773205304069501,2187,2.73708276177412
binomial_full,Pre-transition,24,100,0.7438805970149254,1675,2.438208955223881
binomial_full,Pre-transition,24,150,0.6211009174311927,1090,2.075229357798165
binomial_full,Pre-transition,24,200,0.5639751552795031,805,1.8956521739130434
binomial_full,Pre-transition,24,300,0.4222689075630252,476,1.6722689075630253
binomial_full,Pre-transition,24,400,0.32407407407407407,324,1.5061728395061729
binomial_full,Pre-transition,24,600,0.18181818181818182,187,1.358288770053476
binomial_full,Pre-transition,24,800,0.12605042016806722,119,1.3109243697478992
binomial_full,Post-transition,0,25,0.9078764746703678,5764,4.971894517696044
binomial_full,Post-transition,0,50,0.8551319648093841,3410,3.598240469208211
binomial_full,Post-transition,0,75,0.8038651315789473,2432,3.0953947368421053
binomial_full,Post-transition,0,100,0.7576862949452841,1919,2.713913496612819
binomial_full,Post-transition,0,150,0.7218390804597701,1305,2.2973180076628354
binomial_full,Post-transition,0,200,0.6752843846949328,967,2.142709410548087
binomial_full,Post-transition,0,300,0.5617597292724196,591,1.8917089678510999
binomial_full,Post-transition,0,400,0.44907407407407407,432,1.6759259259259258
binomial_full,Post-transition,0,600,0.16988416988416988,259,1.4749034749034748
binomial_full,Post-transition,0,800,0.1164021164021164,189,1.343915343915344
binomial_full,Post-transition,1,25,0.9055487910941034,5749,4.966081057575231
binomial_full,Post-transition,1,50,0.8610538710627024,3397,3.604945540182514
binomial_full,Post-transition,1,75,0.8022969647251845,2438,3.0853158326497128
binomial_full,Post-transition,1,100,0.7726326742976066,1922,2.7117585848074923
binomial_full,Post-transition,1,150,0.7014581734458941,1303,2.299309286262471
binomial_full,Post-transition,1,200,0.6707818930041153,972,2.1131687242798356
binomial_full,Post-transition,1,300,0.560067681895093,591,1.874788494077834
binomial_full,Post-transition,1,400,0.45161290322580644,434,1.672811059907834
binomial_full,Post-transition,1,600,0.15444015444015444,259,1.4517374517374517
binomial_full,Post-transition,1,800,0.1164021164021164,189,1.343915343915344
binomial_full,Post-transition,2,25,0.9081278221604724,5758,4.9795067731851335
binomial_full,Post-transition,2,50,0.8528457682099676,3391,3.6349159539958715
binomial_full,Post-transition,2,75,0.8049180327868852,2440,3.0901639344262297
binomial_full,Post-transition,2,100,0.7660020986358866,1906,2.713536201469045
binomial_full,Post-transition,2,150,0.7169089517980107,1307,2.2785003825554706
binomial_full,Post-transition,2,200,0.6739356178608515,963,2.1287642782969884
binomial_full,Post-transition,2,300,0.5621805792163543,587,1.8807495741056217
binomial_full,Post-transition,2,400,0.4680365296803653,438,1.6666666666666667
binomial_full,Post-transition,2,600,0.1583011583011583,259,1.4671814671814671
binomial_full,Post-transition,2,800,0.10989010989010989,182,1.3406593406593406
binomial_full,Post-transition,3,25,0.9047701647875108,5765,4.962012142237641
binomial_full,Post-transition,3,50,0.8596750369276218,3385,3.5970457902511077
binomial_full,Post-transition,3,75,0.794672131147541,2440,3.0754098360655737
binomial_full,Post-transition,3,100,0.7578451882845189,1912,2.694560669456067
binomial_full,Post-transition,3,150,0.7229102167182663,1292,2.3142414860681115
binomial_full,Post-transition,3,200,0.6687306501547987,969,2.109391124871001
binomial_full,Post-transition,3,300,0.564625850340136,588,1.8877551020408163
binomial_full,Post-transition,3,400,0.454337899543379,438,1.6529680365296804
binomial_full,Post-transition,3,600,0.16862745098039217,255,1.4745098039215687
binomial_full,Post-transition,3,800,0.12365591397849462,186,1.3548387096774193
binomial_full,Post-transition,4,25,0.9056899251783539,5747,4.966417261179746
binomial_full,Post-transition,4,50,0.8565585743499854,3423,3.5880806310254165
binomial_full,Post-transition,4,75,0.8012320328542094,2435,3.0973305954825463
binomial_full,Post-transition,4,100,0.7630208333333334,1920,2.6947916666666667
binomial_full,Post-transition,4,150,0.7135258358662614,1316,2.2963525835866263
binomial_full,Post-transition,4,200,0.6602040816326531,980,2.1081632653061226
binomial_full,Post-transition,4,300,0.5694682675814752,583,1.8867924528301887
binomial_full,Post-transition,4,400,0.4314606741573034,445,1.644943820224719
binomial_full,Post-transition,4,600,0.16412213740458015,262,1.4580152671755726
binomial_full,Post-transition,4,800,0.11351351351351352,185,1.3405405405405406
binomial_full,Post-transition,5,25,0.9018457823011903,5797,4.940831464550629
binomial_full,Post-transition,5,50,0.8527859237536657,3410,3.601173020527859
binomial_full,Post-transition,5,75,0.7956592956592956,2442,3.085176085176085
binomial_full,Post-transition,5,100,0.7610850286906625,1917,2.702138758476787
binomial_full,Post-transition,5,150,0.7303284950343774,1309,2.290297937356761
binomial_full,Post-transition,5,200,0.694473409801877,959,2.1397288842544318
binomial_full,Post-transition,5,300,0.5466893039049237,589,1.8709677419354838
binomial_full,Post-transition,5,400,0.4782608695652174,437,1.6750572082379862
binomial_full,Post-transition,5,600,0.16153846153846155,260,1.4615384615384615
binomial_full,Post-transition,5,800,0.12169312169312169,189,1.343915343915344
binomial_full,Post-transition,6,25,0.906569596117178,5769,4.96931877275091
binomial_full,Post-transition,6,50,0.857268207078093,3419,3.613337233109096
binomial_full,Post-transition,6,75,0.8099547511312217,2431,3.0950226244343892
binomial_full,Post-transition,6,100,0.7693116132422491,1903,2.7062532842879663
binomial_full,Post-transition,6,150,0.703305149884704,1301,2.296694850115296
binomial_full,Post-transition,6,200,0.6767466110531803,959,2.1376433785192908
binomial_full,Post-transition,6,300,0.541038525963149,597,1.865996649916248
binomial_full,Post-transition,6,400,0.4782608695652174,437,1.6796338672768878
binomial_full,Post-transition,6,600,0.1583011583011583,259,1.4594594594594594
binomial_full,Post-transition,6,800,0.10695187165775401,187,1.3475935828877006
binomial_full,Post-transition,7,25,0.9069566718453306,5793,4.941481097876748
binomial_full,Post-transition,7,50,0.8621597892888498,3417,3.5902838747439274
binomial_full,Post-transition,7,75,0.809016393442623,2440,3.0991803278688526
binomial_full,Post-transition,7,100,0.7747077577045696,1882,2.7268862911795964
binomial_full,Post-transition,7,150,0.7134052388289677,1298,2.2973805855161786
binomial_full,Post-transition,7,200,0.6687306501547987,969,2.113519091847265
binomial_full,Post-transition,7,300,0.5706984667802385,587,1.89778534923339
binomial_full,Post-transition,7,400,0.4657534246575342,438,1.6849315068493151
binomial_full,Post-transition,7,600,0.16602316602316602,259,1.4594594594594594
binomial_full,Post-transition,7,800,0.11764705882352941,187,1.3368983957219251
binomial_full,Post-transition,8,25,0.9081099895579534,5746,4.963800904977376
binomial_full,Post-transition,8,50,0.8568061284619918,3394,3.6222746022392456
binomial_full,Post-transition,8,75,0.811600164541341,2431,3.111476758535582
binomial_full,Post-transition,8,100,0.7670157068062827,1910,2.7256544502617803
binomial_full,Post-transition,8,150,0.7173414820473644,1309,2.3071046600458365
binomial_full,Post-transition,8,200,0.675564681724846,974,2.1252566735112937
binomial_full,Post-transition,8,300,0.5680272108843537,588,1.8911564625850341
binomial_full,Post-transition,8,400,0.4641255605381166,446,1.6726457399103138
binomial_full,Post-transition,8,600,0.1732283464566929,254,1.4724409448818898
binomial_full,Post-transition,8,800,0.10638297872340426,188,1.351063829787234
binomial_full,Post-transition,9,25,0.9057971014492754,5796,4.96583850931677
binomial_full,Post-transition,9,50,0.8614756488772237,3429,3.584718576844561
binomial_full,Post-transition,9,75,0.8114820846905537,2456,3.083061889250814
binomial_full,Post-transition,9,100,0.768503937007874,1905,2.7149606299212596
binomial_full,Post-transition,9,150,0.7122137404580152,1310,2.2900763358778624
binomial_full,Post-transition,9,200,0.6666666666666666,975,2.112820512820513
binomial_full,Post-transition,9,300,0.5631399317406144,586,1.8737201365187712
binomial_full,Post-transition,9,400,0.4611872146118721,438,1.6757990867579908
binomial_full,Post-transition,9,600,0.15503875968992248,258,1.449612403100775
binomial_full,Post-transition,9,800,0.1276595744680851,188,1.3617021276595744
binomial_full,Post-transition,10,25,0.9039127423822715,5776,4.947368421052632
binomial_full,Post-transition,10,50,0.8509027373325568,3434,3.574839836924869
binomial_full,Post-transition,10,75,0.8078350515463918,2425,3.0927835051546393
binomial_full,Post-transition,10,100,0.7746848739495799,1904,2.7142857142857144
binomial_full,Post-transition,10,150,0.7168073676132003,1303,2.3131235610130467
binomial_full,Post-transition,10,200,0.6805411030176899,961,2.1394380853277837
binomial_full,Post-transition,10,300,0.5570698466780238,587,1.887563884156729
binomial_full,Post-transition,10,400,0.4470046082949309,434,1.6589861751152073
binomial_full,Post-transition,10,600,0.16796875,256,1.4765625
binomial_full,Post-transition,10,800,0.11827956989247312,186,1.3333333333333333
binomial_full,Post-transition,11,25,0.9036625585835792,5761,4.974136434646763
binomial_full,Post-transition,11,50,0.8635162899911946,3407,3.6113883181684767
binomial_full,Post-transition,11,75,0.8067949242734344,2443,3.086369218174376
binomial_full,Post-transition,11,100,0.7627296587926509,1905,2.7086614173228347
binomial_full,Post-transition,11,150,0.7116564417177914,1304,2.3098159509202456
binomial_full,Post-transition,11,200,0.6704312114989733,974,2.1232032854209444
binomial_full,Post-transition,11,300,0.5563025210084034,595,1.895798319327731
binomial_full,Post-transition,11,400,0.4703196347031963,438,1.6621004566210045
binomial_full,Post-transition,11,600,0.15444015444015444,259,1.4594594594594594
binomial_full,Post-transition,11,800,0.11979166666666667,192,1.3541666666666667
binomial_full,Post-transition,12,25,0.9080200935388879,5773,4.9360817599168545
binomial_full,Post-transition,12,50,0.8578978273634762,3406,3.6100998238402817
binomial_full,Post-transition,12,75,0.8095041322314049,2420,3.113223140495868
binomial_full,Post-transition,12,100,0.769594950026302,1901,2.720673329826407
binomial_full,Post-transition,12,150,0.7070552147239264,1304,2.2975460122699385
binomial_full,Post-transition,12,200,0.6867219917012448,964,2.1307053941908713
binomial_full,Post-transition,12,300,0.5486577181208053,596,1.8724832214765101
binomial_full,Post-transition,12,400,0.46386946386946387,429,1.668997668997669
binomial_full,Post-transition,12,600,0.1593625498007968,251,1.4661354581673307
binomial_full,Post-transition,12,800,0.12432432432432433,185,1.3405405405405406
binomial_full,Post-transition,13,25,0.9055526725480021,5781,4.963155163466528
binomial_full,Post-transition,13,50,0.8555977784273604,3421,3.5942706810874014
binomial_full,Post-transition,13,75,0.802943581357318,2446,3.094848732624693
binomial_full,Post-transition,13,100,0.768305439330544,1912,2.700836820083682
binomial_full,Post-transition,13,150,0.7065548780487805,1312,2.2896341463414633
binomial_full,Post-transition,13,200,0.6690871369294605,964,2.128630705394191
binomial_full,Post-transition,13,300,0.5663265306122449,588,1.8741496598639455
binomial_full,Post-transition,13,400,0.4576659038901602,437,1.665903890160183
binomial_full,Post-transition,13,600,0.1576923076923077,260,1.4538461538461538
binomial_full,Post-transition,13,800,0.11170212765957446,188,1.3404255319148937
binomial_full,Post-transition,14,25,0.9079151577858251,5799,4.940506983962752
binomial_full,Post-transition,14,50,0.8534382284382285,3432,3.5786713286713288
binomial_full,Post-transition,14,75,0.7977805178791615,2433,3.088368269625976
binomial_full,Post-transition,14,100,0.7733263046916183,1897,2.7148128624143384
binomial_full,Post-transition,14,150,0.7186779400461184,1301,2.3028439661798616
binomial_full,Post-transition,14,200,0.6762886597938145,970,2.1278350515463917
binomial_full,Post-transition,14,300,0.5518394648829431,598,1.8662207357859533
binomial_full,Post-transition,14,400,0.4431818181818182,440,1.65
binomial_full,Post-transition,14,600,0.16030534351145037,262,1.4580152671755726
binomial_full,Post-transition,14,800,0.12972972972972974,185,1.3513513513513513
binomial_full,Post-transition,15,25,0.906456091634849,5762,4.973620270739326
binomial_full,Post-transition,15,50,0.8610538710627024,3397,3.6202531645569622
binomial_full,Post-transition,15,75,0.8081515026759983,2429,3.091807328118567
binomial_full,Post-transition,15,100,0.762935586061246,1894,2.724392819429778
binomial_full,Post-transition,15,150,0.7212490479817213,1313,2.290936785986291
binomial_full,Post-transition,15,200,0.6670081967213115,976,2.1086065573770494
binomial_full,Post-transition,15,300,0.55668358714044,591,1.8815566835871405
binomial_full,Post-transition,15,400,0.4652777777777778,432,1.6712962962962963
binomial_full,Post-transition,15,600,0.1640625,256,1.46875
binomial_full,Post-transition,15,800,0.10106382978723404,188,1.3191489361702127
binomial_full,Post-transition,16,25,0.9070169374351884,5786,4.944694089180781
binomial_full,Post-transition,16,50,0.8534508076358297,3405,3.5929515418502205
binomial_full,Post-transition,16,75,0.8107660455486543,2415,3.1089026915113873
binomial_full,Post-transition,16,100,0.7673684210526316,1900,2.711578947368421
binomial_full,Post-transition,16,150,0.7187981510015409,1298,2.300462249614792
binomial_full,Post-transition,16,200,0.6694045174537988,974,2.1252566735112937
binomial_full,Post-transition,16,300,0.560067681895093,591,1.8883248730964468
binomial_full,Post-transition,16,400,0.4660633484162896,442,1.6561085972850678
binomial_full,Post-transition,16,600,0.1532567049808429,261,1.4636015325670497
binomial_full,Post-transition,16,800,0.11518324607329843,191,1.3403141361256545
binomial_full,Post-transition,17,25,0.9057256530012109,5781,4.933748486421035
binomial_full,Post-transition,17,50,0.8603696098562629,3409,3.608096215899091
binomial_full,Post-transition,17,75,0.8098591549295775,2414,3.105219552609776
binomial_full,Post-transition,17,100,0.7664041994750657,1905,2.709711286089239
binomial_full,Post-transition,17,150,0.7267801857585139,1292,2.303405572755418
binomial_full,Post-transition,17,200,0.6597724922440538,967,2.1220268872802484
binomial_full,Post-transition,17,300,0.568259385665529,586,1.8873720136518772
binomial_full,Post-transition,17,400,0.45785876993166286,439,1.6492027334851935
binomial_full,Post-transition,17,600,0.18292682926829268,246,1.4959349593495934
binomial_full,Post-transition,17,800,0.12698412698412698,189,1.3544973544973544
binomial_full,Post-transition,18,25,0.9061421670117322,5796,4.938578329882677
binomial_full,Post-transition,18,50,0.8605472197705207,3399,3.614004118858488
binomial_full,Post-transition,18,75,0.8047068538398018,2422,3.1131296449215524
binomial_full,Post-transition,18,100,0.7703198741478763,1907,2.737283691662297
binomial_full,Post-transition,18,150,0.7198473282442748,1310,2.3053435114503817
binomial_full,Post-transition,18,200,0.6725206611570248,968,2.115702479338843
binomial_full,Post-transition,18,300,0.563573883161512,582,1.8900343642611683
binomial_full,Post-transition,18,400,0.4436781609195402,435,1.6413793103448275
binomial_full,Post-transition,18,600,0.16666666666666666,258,1.4651162790697674
binomial_full,Post-transition,18,800,0.12169312169312169,189,1.343915343915344
binomial_full,Post-transition,19,25,0.9093592637610697,5759,4.960583434624066
binomial_full,Post-transition,19,50,0.8564268867924528,3392,3.609080188679245
binomial_full,Post-transition,19,75,0.7999176615891314,2429,3.0942774804446276
binomial_full,Post-transition,19,100,0.7633788037775446,1906,2.7103882476390346
binomial_full,Post-transition,19,150,0.7129629629629629,1296,2.300925925925926
binomial_full,Post-transition,19,200,0.6676891615541922,978,2.1165644171779143
binomial_full,Post-transition,19,300,0.5518394648829431,598,1.882943143812709
binomial_full,Post-transition,19,400,0.45308924485125857,437,1.6567505720823799
binomial_full,Post-transition,19,600,0.15648854961832062,262,1.4580152671755726
binomial_full,Post-transition,19,800,0.12041884816753927,191,1.350785340314136
binomial_full,Post-transition,20,25,0.9068923821039904,5789,4.950077733632752
binomial_full,Post-transition,20,50,0.856508875739645,3380,3.610059171597633
binomial_full,Post-transition,20,75,0.8126540673788003,2434,3.094494658997535
binomial_full,Post-transition,20,100,0.7737035096909377,1909,2.7187008905185963
binomial_full,Post-transition,20,150,0.7143950995405819,1306,2.3032159264931087
binomial_full,Post-transition,20,200,0.6805411030176899,961,2.129032258064516
binomial_full,Post-transition,20,300,0.5583756345177665,591,1.874788494077834
binomial_full,Post-transition,20,400,0.45622119815668205,434,1.6589861751152073
binomial_full,Post-transition,20,600,0.15625,256,1.4609375
binomial_full,Post-transition,20,800,0.13297872340425532,188,1.3617021276595744
binomial_full,Post-transition,21,25,0.9028213166144201,5742,4.98571926158133
binomial_full,Post-transition,21,50,0.8531139835487661,3404,3.596944770857814
binomial_full,Post-transition,21,75,0.8013136288998358,2436,3.0935960591133007
binomial_full,Post-transition,21,100,0.7680548234053769,1897,2.71375856615709
binomial_full,Post-transition,21,150,0.7246932515337423,1304,2.3098159509202456
binomial_full,Post-transition,21,200,0.6645962732919255,966,2.122153209109731
binomial_full,Post-transition,21,300,0.5601374570446735,582,1.8865979381443299
binomial_full,Post-transition,21,400,0.4419134396355353,439,1.6583143507972664
binomial_full,Post-transition,21,600,0.17509727626459143,257,1.4863813229571985
binomial_full,Post-transition,21,800,0.12365591397849462,186,1.3655913978494623
binomial_full,Post-transition,22,25,0.9059474412171508,5784,4.940525587828493
binomial_full,Post-transition,22,50,0.8590308370044053,3405,3.604698972099853
binomial_full,Post-transition,22,75,0.8002471169686985,2428,3.0790774299835255
binomial_full,Post-transition,22,100,0.7670514165792235,1906,2.7156348373557186
binomial_full,Post-transition,22,150,0.7138485080336648,1307,2.3029839326702373
binomial_full,Post-transition,22,200,0.6873065015479877,969,2.1176470588235294
binomial_full,Post-transition,22,300,0.5579831932773109,595,1.8789915966386554
binomial_full,Post-transition,22,400,0.4715261958997722,439,1.6628701594533029
binomial_full,Post-transition,22,600,0.17391304347826086,253,1.4861660079051384
binomial_full,Post-transition,22,800,0.1276595744680851,188,1.3404255319148937
binomial_full,Post-transition,23,25,0.9061146717477915,5773,4.952018014896934
binomial_full,Post-transition,23,50,0.8600591715976331,3380,3.623076923076923
binomial_full,Post-transition,23,75,0.8095238095238095,2436,3.090311986863711
binomial_full,Post-transition,23,100,0.773015873015873,1890,2.7185185185185183
binomial_full,Post-transition,23,150,0.7082066869300911,1316,2.2857142857142856
binomial_full,Post-transition,23,200,0.6756476683937824,965,2.1243523316062176
binomial_full,Post-transition,23,300,0.5513698630136986,584,1.8835616438356164
binomial_full,Post-transition,23,400,0.4665127020785219,433,1.6859122401847575
binomial_full,Post-transition,23,600,0.15953307392996108,257,1.4708171206225682
binomial_full,Post-transition,23,800,0.12299465240641712,187,1.3368983957219251
binomial_full,Post-transition,24,25,0.9056701924744235,5767,4.964799722559389
binomial_full,Post-transition,24,50,0.8629651506202008,3386,3.61370348493798
binomial_full,Post-transition,24,75,0.8004956629491945,2421,3.097067327550599
binomial_full,Post-transition,24,100,0.7613577023498694,1915,2.6924281984334204
binomial_full,Post-transition,24,150,0.7099236641221374,1310,2.2916030534351144
binomial_full,Post-transition,24,200,0.6793422404933196,973,2.1253854059609454
binomial_full,Post-transition,24,300,0.564625850340136,588,1.8979591836734695
binomial_full,Post-transition,24,400,0.4533029612756264,439,1.6583143507972664
binomial_full,Post-transition,24,600,0.16538461538461538,260,1.4692307692307693
binomial_full,Post-transition,24,800,0.12903225806451613,186,1.3548387096774193
